"","Machine","User","Run_Date","Sample_Year","Sample_Month","Sample_Day","Sample_Time","Time_Zone","G_W","Sample_Plot","Sample_Grid","Sample_Depth","Sample_ID","Dilution_Factor","Notes","CH4_Flag","CO2_Flag","CH4_Conc_ppm_dilcorr","CO2_Conc_ppm_dilcorr","CH4_Conc_umol","CO2_Conc_umol","Field_Notes","Event_Stamp","qaqc_flag"
"1","Varian GC","Max Wegner","20231121","2023","April","6","1157","EDT","G","Control","C3","10","1","1",NA,"Within Range","Within Range",1.39283759975339,7035.92760654035,86.8352618300119,438648.853275583,NA,NA,NA
"2","Varian GC","Max Wegner","20231121","2023","April","6","1158","EDT","G","Control","C3","20","2","1",NA,"Within Range","Within Range",1.35390944921262,8605.11858878908,84.4083197763478,536478.715011788,NA,NA,NA
"3","Varian GC","Max Wegner","20231121","2023","April","6","1159","EDT","G","Control","C3","35","3","1",NA,"Within Range","Within Range",0.609408570120358,10791.8676383856,37.9930530000223,672809.703141247,NA,NA,NA
"4","Varian GC","Max Wegner","20231121","2023","April","6","1200","EDT","G","Control","C3","50","4","1",NA,"Within Range","Within Range",0.825135404367135,10072.7947561996,51.4423568807441,627979.722955084,NA,NA,NA
"5","Varian GC","Max Wegner","20231121","2023","April","6","1151","EDT","G","Control","C6","10","5","1",NA,"Within Range","Within Range",1.63289452808815,2879.57203161719,101.801404494274,179524.44087389,NA,NA,NA
"6","Varian GC","Max Wegner","20231121","2023","April","6","1152","EDT","G","Control","C6","20","6","1",NA,"Within Range","Within Range",0.786207253826363,15606.9234677552,49.01541482708,973000.216194213,NA,NA,NA
"7","Varian GC","Max Wegner","20231121","2023","April","6","1153","EDT","G","Control","C6","35","7","1",NA,"Within Range","Within Range",1.36688549939288,8601.22637066833,85.2173004609025,536236.058021716,NA,NA,NA
"8","Varian GC","Max Wegner","20231121","2023","April","6","1154","EDT","G","Control","C6","50","8","1",NA,"Within Range","Within Range",1.10249847697013,7991.89241605344,68.7343190131006,498247.656861187,NA,NA,NA
"9","Varian GC","Max Wegner","20231121","2023","April","6","1200","EDT","G","Control","F4","10","9","1",NA,"Within Range","Within Range",1.57936832109459,2200.89172415093,98.4643591704856,137212.701006916,NA,NA,NA
"10","Varian GC","Max Wegner","20231121","2023","April","6","1201","EDT","G","Control","F4","20","10","1",NA,"Within Range","Within Range",1.04248424488644,7578.83437189442,64.9927833470352,472495.908472221,NA,NA,NA
"11","Varian GC","Max Wegner","20231121","2023","April","6","1202","EDT","G","Control","F4","35","11","1",NA,"Within Range","Within Range",1.11871853969546,5595.12936759707,69.745544868794,348823.526658171,NA,NA,NA
"12","Varian GC","Max Wegner","20231121","2023","April","6","1203","EDT","G","Control","F4","50","12","1",NA,"Within Range","Within Range",1.34579941784996,6785.04531741262,83.9027068485011,423007.812806273,NA,NA,NA
"13","Varian GC","Max Wegner","20231121","2023","April","6","1204","EDT","G","Control","F4","ATM","13","1",NA,"Within Range","Within Range",1.91512361950875,461.581978780053,119.396734383338,28776.9313453899,NA,NA,NA
"14","Varian GC","Max Wegner","20231121","2023","April","6","1205","EDT","G","Control","H3","10","14","1",NA,"Within Range","Within Range",1.08465640797228,3948.41837444339,67.6219705718379,246160.746536371,NA,NA,NA
"15","Varian GC","Max Wegner","20231121","2023","April","6","1206","EDT","G","Control","H3","20","15","1",NA,"Within Range","Within Range",0.703484933927223,9412.41508171215,43.8581629630439,586808.920306244,NA,NA,NA
"16","Varian GC","Max Wegner","20231121","2023","April","6","1207","EDT","G","Control","H3","35","16","1",NA,"Within Range","Within Range",1.18197678432421,10877.8784510429,73.6893257059981,678171.973257037,NA,NA,NA
"17","Varian GC","Max Wegner","20231121","2023","April","6","1208","EDT","G","Control","H3","50","17","1",NA,"Within Range","Within Range",0.815403366731942,13247.4680507673,50.8356213673281,825901.998177515,NA,NA,NA
"18","Varian GC","Max Wegner","20231121","2023","April","6","1209","EDT","G","Control","H6","10","18","1",NA,"Within Range","Within Range",1.43338775656669,1469.50790020517,89.3633264692453,91615.2057484517,NA,NA,NA
"19","Varian GC","Max Wegner","20231121","2023","April","6","1210","EDT","G","Control","H6","20","19","1",NA,"Within Range","Within Range",0.674288821021645,5842.96996034155,42.0379564227958,364274.935183388,NA,NA,NA
"20","Varian GC","Max Wegner","20231121","2023","April","6","1211","EDT","G","Control","H6","35","20","1",NA,"Within Range","Within Range",0.661312770841387,9317.35846582982,41.2289757382411,580882.697370936,NA,NA,NA
"21","Varian GC","Max Wegner","20231121","2023","April","6","1212","EDT","G","Control","H6","50","21","1",NA,"Within Range","Within Range",0.846221485910053,8494.73095819778,52.7569504931455,529596.693154475,NA,NA,NA
"22","Varian GC","Max Wegner","20231121","2023","April","6","1127","EDT","G","Seawater","C3","10","22","1",NA,"Within Range","Within Range",0.959761924987304,6392.52953555757,59.835531482999,398536.75408713,NA,NA,NA
"23","Varian GC","Max Wegner","20231121","2023","April","6","1128","EDT","G","Seawater","C3","20","23","1",NA,"Within Range","Within Range",0.619140607755551,17794.6527796932,38.5997885134384,1109392.31793599,NA,NA,NA
"24","Varian GC","Max Wegner","20231121","2023","April","6","1129","EDT","G","Seawater","C3","35","24","1",NA,"Within Range","Within Range",0.609408570120358,14831.3917993842,37.9930530000223,924650.36155762,NA,NA,NA
"25","Varian GC","Max Wegner","20231121","2023","April","6","1130","EDT","G","Seawater","C3","50","25","1",NA,"Within Range","Within Range",0.563992394489458,19322.3844311446,35.1616206040809,1204637.43336313,NA,NA,NA
"26","Varian GC","Max Wegner","20231121","2023","April","6","1107","EDT","G","Seawater","C6","10","26","1",NA,"Within Range","Within Range",1.07492437033709,16416.9012664948,67.0152350584219,1023497.58519294,NA,NA,NA
"27","Varian GC","Max Wegner","20231121","2023","April","6","1109","EDT","G","Seawater","C6","20","27","1",NA,"Within Range","Within Range",0.557504369399329,25309.4592147856,34.7571302618036,1577896.45977466,NA,NA,NA
"28","Varian GC","Max Wegner","20231121","2023","April","6","1111","EDT","G","Seawater","C6","35","28","1",NA,"Within Range","Within Range",0.99382405671048,13609.3290110158,61.9591057799551,848461.908417445,NA,NA,NA
"29","Varian GC","Max Wegner","20231121","2023","April","6","1112","EDT","G","Seawater","C6","50","29","1",NA,"Within Range","Within Range",1.67993270999158,3698.63167263853,104.733959475784,230588.009516118,NA,NA,NA
"30","Varian GC","Max Wegner","20231121","2023","April","6","1123","EDT","G","Seawater","F4","10","30","1",NA,"Within Range","Within Range",1.05708230133923,11061.6992635123,65.9028866171592,689632.12366037,NA,NA,NA
"31","Varian GC","Max Wegner","20231121","2023","April","6","1124","EDT","G","Seawater","F4","20","31","1",NA,"Within Range","Within Range",0.160112832628951,20997.7536821652,9.98209679731614,1309086.88791553,NA,NA,NA
"32","Varian GC","Max Wegner","20231121","2023","April","6","1125","EDT","G","Seawater","F4","35","32","1",NA,"Within Range","Within Range",1.64262656572334,9945.20207995227,102.40814000769,620025.067328695,NA,NA,NA
"33","Varian GC","Max Wegner","20231121","2023","April","6","1125","EDT","G","Seawater","F4","50","33","1",NA,"Within Range","Within Range",1.11223051460533,12022.9041518658,69.3410545265167,749557.615452978,NA,NA,NA
"34","Varian GC","Max Wegner","20231121","2023","April","6","1126","EDT","G","Seawater","F4","ATM","34","1",NA,"Within Range","Within Range",1.75292299225553,385.200802065985,109.284475826405,24015.01259763,NA,NA,NA
"35","Varian GC","Max Wegner","20231121","2023","April","6","1119","EDT","G","Seawater","H3","10","35","1",NA,"Within Range","Within Range",1.29876123594653,2560.64079567833,80.9701518669903,159640.947361492,NA,NA,NA
"36","Varian GC","Max Wegner","20231121","2023","April","6","1120","EDT","G","Seawater","H3","20","36","1",NA,"Within Range","Within Range",0.160112832628951,12852.1195990577,9.98209679731614,801254.339093375,NA,NA,NA
"37","Varian GC","Max Wegner","20231121","2023","April","6","1121","EDT","G","Seawater","H3","35","37","1",NA,"Within Range","Within Range",1.39932562484352,11300.1408702763,87.2397521722892,704497.560491043,NA,NA,NA
"38","Varian GC","Max Wegner","20231121","2023","April","6","1122","EDT","G","Seawater","H3","50","38","1",NA,"Within Range","Within Range",0.563992394489458,10811.2061961967,35.1616206040809,674015.348890067,NA,NA,NA
"39","Varian GC","Max Wegner","20231121","2023","April","6","1115","EDT","G","Seawater","H6","10","39","1",NA,"Within Range","Within Range",0.800805310279153,16319.6534759667,49.925518097204,1017434.75535952,NA,NA,NA
"40","Varian GC","Max Wegner","20231121","2023","April","6","1116","EDT","G","Seawater","H6","20","40","1",NA,"Within Range","Within Range",0.160112832628951,25691.1416562046,9.98209679731614,1601692.12320478,NA,NA,NA
"41","Varian GC","Max Wegner","20231121","2023","April","6","1117","EDT","G","Seawater","H6","35","41","1",NA,"Within Range","Within Range",0.512088193768429,32290.6497533344,31.9256978658622,2013132.7776393,NA,NA,NA
"42","Varian GC","Max Wegner","20231121","2023","April","6","1118","EDT","G","Seawater","H6","50","42","1",NA,"Within Range","Within Range",0.716460984107481,22442.9414782113,44.6671436475986,1399185.87769397,NA,NA,NA
"43","Varian GC","Max Wegner","20231121","2023","April","6","1030","EDT","G","Freshwater","C3","10","43","1",NA,"Within Range","Within Range",0.568858413307054,11755.0330514221,35.4649883607889,732857.422158484,NA,NA,NA
"44","Varian GC","Max Wegner","20231121","2023","April","6","1031","EDT","G","Freshwater","C3","20","44","1",NA,"Within Range","Within Range",0.636982676753405,13141.2321195048,39.7121369547011,819278.810442945,NA,NA,NA
"45","Varian GC","Max Wegner","20231121","2023","April","6","1032","EDT","G","Freshwater","C3","35","45","1",NA,"Within Range","Within Range",0.867307567452971,11114.5901830865,54.0715441055468,692929.562536567,NA,NA,NA
"46","Varian GC","Max Wegner","20231121","2023","April","6","1033","EDT","G","Freshwater","C3","50","46","1",NA,"Within Range","Within Range",0.807293335369281,15661.8325745031,50.3300084394814,976423.477213411,NA,NA,NA
"47","Varian GC","Max Wegner","20231121","2023","April","6","1034","EDT","G","Freshwater","C6","10","47","1",NA,"Within Range","Within Range",1.26307709795082,7278.06682051907,78.7454549844649,453744.814246825,NA,NA,NA
"48","Varian GC","Max Wegner","20231121","2023","April","6","1035","EDT","G","Freshwater","C6","20","48","1",NA,"Within Range","Within Range",0.160112832628951,15023.3790620959,9.98209679731614,936619.642275308,NA,NA,NA
"49","Varian GC","Max Wegner","20231121","2023","April","6","1036","EDT","G","Freshwater","C6","35","49","1",NA,"Within Range","Within Range",0.160112832628951,13559.1698519375,9.98209679731614,845334.778799094,NA,NA,NA
"50","Varian GC","Max Wegner","20231122","2023","April","6","1037","EDT","G","Freshwater","C6","50","50","1",NA,"Within Range","Within Range",0.160112832628951,12067.3403087443,9.98209679731614,752327.949422963,NA,NA,NA
"51","Varian GC","Max Wegner","20231122","2023","April","6","1023","EDT","G","Freshwater","F4","10","51","1",NA,"Within Range","Within Range",1.08141239542722,2935.40373821596,67.4197254006993,183005.22058703,NA,NA,NA
"52","Varian GC","Max Wegner","20231122","2023","April","6","1024","EDT","G","Freshwater","F4","20","52","1",NA,"Within Range","Within Range",0.529930262766283,11661.0431916173,33.0380463071249,726997.705213048,NA,NA,NA
"53","Varian GC","Max Wegner","20231122","2023","April","6","1026","EDT","G","Freshwater","F4","35","53","1",NA,"Within Range","Within Range",0.932187818354258,4803.97837206377,58.1164475283203,299499.898507717,NA,NA,NA
"54","Varian GC","Max Wegner","20231122","2023","April","6","1028","EDT","G","Freshwater","F4","50","54","1",NA,"Within Range","Within Range",0.679154839839241,12196.2087675979,42.3413241795038,760362.14261832,NA,NA,NA
"55","Varian GC","Max Wegner","20231122","2023","April","6","1029","EDT","G","Freshwater","F4","ATM","55","1",NA,"Within Range","Within Range",1.59883239636497,316.409450687381,99.6778301973176,19726.27498051,NA,NA,NA
"56","Varian GC","Max Wegner","20231122","2023","April","6","1019","EDT","G","Freshwater","H3","10","56","1",NA,"Within Range","Within Range",1.34093339903236,5506.3363397646,83.5993390917931,343287.80173096,NA,NA,NA
"57","Varian GC","Max Wegner","20231122","2023","April","6","1020","EDT","G","Freshwater","H3","20","57","1",NA,"Within Range","Within Range",0.599676532485165,13787.4844837762,37.3863174866063,859568.858090784,NA,NA,NA
"58","Varian GC","Max Wegner","20231122","2023","April","6","1021","EDT","G","Freshwater","H3","35","58","1",NA,"Within Range","Within Range",0.727815028015206,9510.10254873167,45.3750017465839,592899.161392248,NA,NA,NA
"59","Varian GC","Max Wegner","20231122","2023","April","6","1022","EDT","G","Freshwater","H3","50","59","1",NA,"Within Range","Within Range",0.789451266371428,7551.7618325212,49.2176599982187,470808.094296833,NA,NA,NA
"60","Varian GC","Max Wegner","20231122","2023","April","6","1013","EDT","G","Freshwater","H6","10","60","1",NA,"Within Range","Within Range",1.08790042051734,8521.4070679476,67.8242157429766,531259.79226606,NA,NA,NA
"61","Varian GC","Max Wegner","20231122","2023","April","6","1015","EDT","G","Freshwater","H6","20","61","1",NA,"Within Range","Within Range",0.581834463487312,12761.1714356362,36.2739690453436,795584.254092032,NA,NA,NA
"62","Varian GC","Max Wegner","20231122","2023","April","6","1016","EDT","G","Freshwater","H6","35","62","1",NA,"Within Range","Within Range",1.27605314813107,5198.09428803514,79.5544356690196,324070.716211667,NA,NA,NA
"63","Varian GC","Max Wegner","20231122","2023","April","6","1017","EDT","G","Freshwater","H6","50","63","1",NA,"Within Range","Within Range",0.795939291461556,13937.5078688971,49.622150340496,868921.936963661,NA,NA,NA
"64","Varian GC","Max Wegner","20231130","2023","May","16","929","EDT","G","Control","C3","10","1","1",NA,"Within Range","Within Range",1.81547188144643,5350.49750894591,113.184032509129,333572.163899371,NA,NA,NA
"65","Varian GC","Max Wegner","20231130","2023","May","16","931","EDT","G","Control","C3","20","2","1",NA,"Within Range","Within Range",1.19650480501117,8133.15868361725,74.5950626565567,507054.780774143,NA,NA,NA
"66","Varian GC","Max Wegner","20231130","2023","May","16","933","EDT","G","Control","C3","35","3","1",NA,"Within Range","Within Range",0.935970193756531,12067.3569740204,58.3522564686117,752328.98840526,NA,NA,NA
"67","Varian GC","Max Wegner","20231130","2023","May","16","935","EDT","G","Control","C3","50","4","1",NA,"Within Range","Within Range",0.875968283285766,15252.2972419427,54.6114889829031,950891.349248298,"a bit of condensation in syringe; used 0.45um filter",NA,NA
"68","Varian GC","Max Wegner","20231130","2023","May","16","923","EDT","G","Control","C6","10","5","1",NA,"Within Range","Within Range",1.63072915710223,6102.13022094255,101.666406303132,380432.058662254,NA,NA,NA
"69","Varian GC","Max Wegner","20231130","2023","May","16","925","EDT","G","Control","C6","20","6","1",NA,"Within Range","Within Range",0.591748707371616,21576.5770498168,36.8920640505995,1345173.1327816,NA,NA,NA
"70","Varian GC","Max Wegner","20231130","2023","May","16","927","EDT","G","Control","C6","35","7","1",NA,"Within Range","Within Range",1.1317659016085,14110.5799690539,70.5589714219764,879711.968145506,NA,NA,NA
"71","Varian GC","Max Wegner","20231130","2023","May","16","928","EDT","G","Control","C6","50","8","1",NA,"Within Range","Within Range",0.965971148991914,13227.9647347761,60.222640211466,824686.0807217,NA,NA,NA
"72","Varian GC","Max Wegner","20231130","2023","May","16","912","EDT","G","Control","F4","10","9","1",NA,"Within Range","Within Range",1.59599120893495,7005.50893763503,99.5006988114057,436752.427533356,NA,NA,NA
"73","Varian GC","Max Wegner","20231130","2023","May","16","913","EDT","G","Control","F4","20","10","1",NA,"Within Range","Within Range",1.21387377909481,13958.7536931632,75.6779164024197,870246.489598701,NA,NA,NA
"74","Varian GC","Max Wegner","20231130","2023","May","16","914","EDT","G","Control","F4","35","11","1",NA,"Within Range","Within Range",1.14281888511627,12247.9604732834,71.2480601693438,763588.558184754,NA,NA,NA
"75","Varian GC","Max Wegner","20231130","2023","May","16","916","EDT","G","Control","F4","50","12","1",NA,"Within Range","Within Range",1.03228905003855,14977.9302977679,64.3571726956701,933786.178165082,NA,NA,NA
"76","Varian GC","Max Wegner","20231130","2023","May","16","917","EDT","G","Control","F4","ATM","13","1",NA,"Within Range","Within Range",2.24495924060559,605.660489027,139.960052406832,37759.3821089152,NA,NA,NA
"77","Varian GC","Max Wegner","20231130","2023","May","16","902","EDT","G","Control","H3","10","14","1",NA,"Within Range","Within Range",1.34966757647602,5653.07308886247,84.1438638700759,352435.978108633,NA,NA,NA
"78","Varian GC","Max Wegner","20231130","2023","May","16","904","EDT","G","Control","H3","20","15","1",NA,"Within Range","Within Range",0.402268990095515,13217.0344737369,25.0791140957304,824004.643001055,NA,NA,NA
"79","Varian GC","Max Wegner","20231130","2023","May","16","906","EDT","G","Control","H3","35","16","1",NA,"Within Range","Within Range",0.951760170196206,17373.269578505,59.3366689648508,1083121.54479458,NA,NA,NA
"80","Varian GC","Max Wegner","20231130","2023","May","16","910","EDT","G","Control","H3","50","17","1",NA,"Within Range","Within Range",0.849125323338319,18507.3276415469,52.9379877392967,1153823.41904906,NA,NA,NA
"81","Varian GC","Max Wegner","20231130","2023","May","16","918","EDT","G","Control","H6","10","18","1",NA,"Within Range","Within Range",1.57862223485131,2375.89452873159,98.4178450655427,148123.100294987,NA,NA,NA
"82","Varian GC","Max Wegner","20231130","2023","May","16","919","EDT","G","Control","H6","20","19","1",NA,"Within Range","Within Range",0.828598353966741,8198.2251763515,51.6582514941859,511111.295283759,NA,NA,NA
"83","Varian GC","Max Wegner","20231130","2023","May","16","920","EDT","G","Control","H6","35","20","1",NA,"Within Range","Within Range",0.790702410511521,12618.8067044641,49.295661503212,786708.647410479,NA,NA,NA
"84","Varian GC","Max Wegner","20231130","2023","May","16","920","EDT","G","Control","H6","50","21","1",NA,"Within Range","Within Range",0.812808377527066,12688.8031864186,50.6738389979468,791072.517856519,NA,NA,NA
"85","Varian GC","Max Wegner","20231130","2023","May","16","954","EDT","G","Seawater","C3","10","22","1",NA,"Within Range","Within Range",1.30229764715699,5741.77944849533,81.1906263813586,357966.299781505,NA,NA,NA
"86","Varian GC","Max Wegner","20231130","2023","May","16","954","EDT","G","Seawater","C3","20","23","1",NA,"Within Range","Within Range",1.03228905003855,15999.7290947395,64.3571726956701,997489.34505857,NA,NA,NA
"87","Varian GC","Max Wegner","20231130","2023","May","16","955","EDT","G","Seawater","C3","35","24","1",NA,"Within Range","Within Range",0.913864226740986,17660.0384222921,56.974078973877,1100999.90163916,NA,NA,NA
"88","Varian GC","Max Wegner","20231130","2023","May","16","955","EDT","G","Seawater","C3","50","25","1",NA,"Within Range","Within Range",0.691225558941568,28553.7827570232,43.0938627769058,1780161.01976454,NA,NA,NA
"89","Varian GC","Max Wegner","20231130","2023","May","16","1010","EDT","G","Seawater","C6","10","26","1",NA,"Within Range","Within Range",1.40335349637091,20088.3290285364,87.4908663572888,1252389.59030776,NA,NA,NA
"90","Varian GC","Max Wegner","20231130","2023","May","16","1011","EDT","G","Seawater","C6","20","27","1",NA,"Within Range","Within Range",0.593327705015583,40958.94004203,36.9905053002234,2553549.87793205,NA,NA,NA
"91","Varian GC","Max Wegner","20231130","2023","May","16","1013","EDT","G","Seawater","C6","35","28","1",NA,"Within Range","Within Range",0.841230335118481,28664.6707235139,52.4457814911771,1787074.23463304,NA,NA,NA
"92","Varian GC","Max Wegner","20231130","2023","May","16","1015","EDT","G","Seawater","C6","50","29","1",NA,"Within Range","Within Range",1.29598165658112,20954.5354927231,80.796861382863,1306392.4870775,NA,NA,NA
"93","Varian GC","Max Wegner","20231130","2023","May","16","956","EDT","G","Seawater","F4","10","30","1",NA,"Within Range","Within Range",1.40335349637091,15668.1823027296,87.4908663572888,976819.345556705,NA,NA,NA
"94","Varian GC","Max Wegner","20231130","2023","May","16","957","EDT","G","Seawater","F4","20","31","1",NA,"Within Range","Within Range",0.639118636690641,32128.513258123,39.8453015393168,2003024.51733934,NA,NA,NA
"95","Varian GC","Max Wegner","20231130","2023","May","16","958","EDT","G","Seawater","F4","35","32","1",NA,"Within Range","Within Range",1.14281888511627,22824.9279158665,71.2480601693438,1423000.49350789,NA,NA,NA
"96","Varian GC","Max Wegner","20231130","2023","May","16","959","EDT","G","Seawater","F4","50","33","1",NA,"Within Range","Within Range",0.774912434071846,38076.9499529338,48.311249006973,2373874.685345,NA,NA,NA
"97","Varian GC","Max Wegner","20231130","2023","May","16","959","EDT","G","Seawater","F4","ATM","34","1",NA,"Within Range","Within Range",2.02232057280617,806.987335107265,126.079836209861,50310.931116413,NA,NA,NA
"98","Varian GC","Max Wegner","20231130","2023","May","16","1001","EDT","G","Seawater","H3","10","35","1",NA,"Within Range","Within Range",1.37651053642346,4729.15832480758,85.8173651136823,294835.307032891,NA,NA,NA
"99","Varian GC","Max Wegner","20231130","2023","May","16","1002","EDT","G","Seawater","H3","20","36","1",NA,"Within Range","Within Range",0.643855629622543,17181.7291289365,40.1406252881885,1071180.12025789,NA,NA,NA
"100","Varian GC","Max Wegner","20231130","2023","May","16","1003","EDT","G","Seawater","H3","35","37","1",NA,"Within Range","Within Range",0.650171620198413,22375.2888176234,40.5343902866841,1394968.13077453,NA,NA,NA
"101","Varian GC","Max Wegner","20231130","2023","May","16","1004","EDT","G","Seawater","H3","50","38","1",NA,"Within Range","Within Range",0.650171620198413,24332.2403459361,40.5343902866841,1516972.59014564,NA,NA,NA
"102","Varian GC","Max Wegner","20231130","2023","May","16","1007","EDT","G","Seawater","H6","10","39","1",NA,"Within Range","Within Range",0.940707186688434,26487.5955109814,58.6475802174834,1651346.35355246,NA,NA,NA
"103","Varian GC","Max Wegner","20231130","2023","May","16","1008","EDT","G","Seawater","H6","20","40","1",NA,"Within Range","Within Range",1.21545277673878,22217.3418631214,75.7763576520436,1385121.06378562,NA,NA,NA
"104","Varian GC","Max Wegner","20231130","2023","May","16","1009","EDT","G","Seawater","H6","35","41","1",NA,"Within Range","Within Range",0.602801690879388,40203.3807307494,37.5811527979668,2506445.18271505,NA,NA,NA
"105","Varian GC","Max Wegner","20231130","2023","May","16","1009","EDT","G","Seawater","H6","50","42","1",NA,"Within Range","Within Range",0.617012669675096,36207.1729422846,38.467124044582,2257305.04627709,NA,NA,NA
"106","Varian GC","Max Wegner","20231130","2023","May","16","1027","EDT","G","Freshwater","C3","10","43","1",NA,"Within Range","Within Range",0.931233200824629,18007.157826113,58.05693271974,1122640.7622265,NA,NA,NA
"107","Varian GC","Max Wegner","20231130","2023","May","16","1028","EDT","G","Freshwater","C3","20","44","1",NA,"Within Range","Within Range",0.645434627266511,23834.5188019468,40.2390665378124,1485942.56869992,NA,NA,NA
"108","Varian GC","Max Wegner","20231130","2023","May","16","1030","EDT","G","Freshwater","C3","35","45","1",NA,"Within Range","Within Range",0.902811243233214,25452.6523058447,56.2849902265096,1586823.70984069,NA,NA,NA
"109","Varian GC","Max Wegner","20231130","2023","May","16","1031","EDT","G","Freshwater","C3","50","46","1",NA,"Within Range","Within Range",0.684909568365698,37830.9923224881,42.7000977784101,2358540.66848429,NA,NA,NA
"110","Varian GC","Max Wegner","20231130","2023","May","16","1024","EDT","G","Freshwater","C6","10","47","1",NA,"Within Range","Within Range",0.935970193756531,24801.6395366576,58.3522564686117,1546236.87884399,NA,NA,NA
"111","Varian GC","Max Wegner","20231130","2023","May","16","1025","EDT","G","Freshwater","C6","20","48","1",NA,"Within Range","Within Range",0.637539639046673,26270.5020643692,39.7468602896929,1637811.84939957,NA,NA,NA
"112","Varian GC","Max Wegner","20231130","2023","May","16","1026","EDT","G","Freshwater","C6","35","49","1",NA,"Within Range","Within Range",0.658066608418251,25844.0680307189,41.0265965348037,1611226.1864538,NA,NA,NA
"113","Varian GC","Max Wegner","20231130","2023","May","16","1026","EDT","G","Freshwater","C6","50","50","1",NA,"Within Range","Within Range",0.673856584857926,31092.4663240563,42.0110090310428,1938433.06259703,NA,NA,NA
"114","Varian GC","Max Wegner","20231130","2023","May","16","1033","EDT","G","Freshwater","F4","10","51","1",NA,"Within Range","Within Range",1.53125230553228,4802.56633254538,95.4646075768254,299411.86611879,NA,NA,NA
"115","Varian GC","Max Wegner","20231130","2023","May","16","1033","EDT","G","Freshwater","F4","20","52","1",NA,"Within Range","Within Range",0.697541549517438,20227.9005686721,43.4876277754014,1261091.05789727,NA,NA,NA
"116","Varian GC","Max Wegner","20231130","2023","May","16","1034","EDT","G","Freshwater","F4","35","53","1",NA,"Within Range","Within Range",1.11281792988089,13211.2215013728,69.3776764264895,823642.238240198,NA,NA,NA
"117","Varian GC","Max Wegner","20231130","2023","May","16","1035","EDT","G","Freshwater","F4","50","54","1",NA,"Within Range","Within Range",0.691225558941568,27010.0673400656,43.0938627769058,1683919.41022853,NA,NA,NA
"118","Varian GC","Max Wegner","20231130","2023","May","16","1035","EDT","G","Freshwater","F4","ATM","55","1",NA,"Within Range","Within Range",2.18337833249086,761.306335941829,136.1208436715,47462.9885250517,NA,NA,NA
"119","Varian GC","Max Wegner","20231130","2023","May","16","1038","EDT","G","Freshwater","H3","10","56","1",NA,"Within Range","Within Range",1.62125517123843,9637.21344102706,101.075758805388,600823.78061266,NA,NA,NA
"120","Varian GC","Max Wegner","20231130","2023","May","16","1039","EDT","G","Freshwater","H3","20","57","1",NA,"Within Range","Within Range",0.814387375171034,24715.3279343393,50.7722802475707,1540855.85625557,NA,NA,NA
"121","Varian GC","Max Wegner","20231130","2023","May","16","1040","EDT","G","Freshwater","H3","35","58","1",NA,"Within Range","Within Range",0.891758259725441,21177.6024540893,55.5959014791422,1320299.40486841,NA,NA,NA
"122","Varian GC","Max Wegner","20231130","2023","May","16","1041","EDT","G","Freshwater","H3","50","59","1",NA,"Within Range","Within Range",0.931233200824629,19876.9682830934,58.05693271974,1239212.48647715,NA,NA,NA
"123","Varian GC","Max Wegner","20231130","2023","May","16","1043","EDT","G","Freshwater","H6","10","60","1",NA,"Within Range","Within Range",1.09860695108518,18693.7374239079,68.4917051798743,1165444.97655286,NA,NA,NA
"124","Varian GC","Max Wegner","20231130","2023","May","16","1044","EDT","G","Freshwater","H6","20","61","1",NA,"Within Range","Within Range",0.705436537737276,25059.2097332992,43.9798340235209,1562294.87115331,NA,NA,NA
"125","Varian GC","Max Wegner","20231130","2023","May","16","1045","EDT","G","Freshwater","H6","35","62","1",NA,"Within Range","Within Range",1.33071960474841,15696.6651983873,82.962568874589,978595.08718125,NA,NA,NA
"126","Varian GC","Max Wegner","20231130","2023","May","16","1047","EDT","G","Freshwater","H6","50","63","1",NA,"Within Range","Within Range",0.642276631978576,35733.7802596167,40.0421840385646,2227791.78675915,NA,NA,NA
"127","Varian GC","Max Wegner","20230627","2023","June","4","1445","EDT","G","Control","C3","10","1","1",NA,"Within Range","Within Range",1.49099047034932,5350.6484473347,0.00121881709517516,4.37391246126211,NA,"0",NA
"128","Varian GC","Max Wegner","20230627","2023","June","4","1446","EDT","G","Control","C3","20","2","1",NA,"Within Range","Within Range",1.11918015681169,8460.5761233633,0.000914879024936571,6.91613730553892,NA,"0",NA
"129","Varian GC","Max Wegner","20230627","2023","June","4","1448","EDT","G","Control","C3","35","3","1",NA,"Within Range","Within Range",0.879150713894998,11944.4794047108,0.000718665840352167,9.76407024789258,NA,"0",NA
"130","Varian GC","Max Wegner","20230627","2023","June","4","1449","EDT","G","Control","C3","50","4","1",NA,"Within Range","Within Range",0.744232203497378,19579.3338601748,0.000608376076468124,16.0052175352482,NA,"0",NA
"131","Varian GC","Max Wegner","20230627","2023","June","4","1451","EDT","G","Control","C6","10","5","1",NA,"Within Range","Within Range",1.64630363929542,5296.5331333551,0.0013457785675533,4.3296756461377,NA,"0",NA
"132","Varian GC","Max Wegner","20230627","2023","June","4","1453","EDT","G","Control","C6","20","6","1",NA,"Within Range","Within Range",1.61492724152853,20221.3889738047,0.00132012978525469,16.5300684743379,NA,"0",NA
"133","Varian GC","Max Wegner","20230627","2023","June","4","1455","EDT","G","Control","C6","35","7","1",NA,"Within Range","Within Range",1.02818860328772,18226.8056229812,0.000840497556270588,14.8995870366089,NA,"0",NA
"134","Varian GC","Max Wegner","20230627","2023","June","4","1457","EDT","G","Control","C6","50","8","1",NA,"Within Range","Within Range",0.945041149205463,15616.5118970468,0.000772528283179259,12.7657902888323,NA,"0",NA
"135","Varian GC","Max Wegner","20230627","2023","June","4","1500","EDT","G","Control","F4","10","9","1",NA,"Within Range","Within Range",1.58825730342667,5575.95284739419,0.00129832832030086,4.55808859107088,NA,"0",NA
"136","Varian GC","Max Wegner","20230627","2023","June","4","1502","EDT","G","Control","F4","20","10","1",NA,"Within Range","Within Range",1.03760152261778,11996.3636163257,0.000848192190960172,9.80648323801118,NA,"0",NA
"137","Varian GC","Max Wegner","20230627","2023","June","4","1504","EDT","G","Control","F4","35","11","1",NA,"Within Range","Within Range",1.58668848353833,7451.96271161387,0.00129704588118593,6.09164158064329,NA,"0",NA
"138","Varian GC","Max Wegner","20230627","2023","June","4","1505","EDT","G","Control","F4","50","12","1",NA,"Within Range","Within Range",0.981124006637384,11242.7386089456,0.000802024382822666,9.19042897031953,NA,"0",NA
"139","Varian GC","Max Wegner","20230627","2023","June","4","1506","EDT","G","Control","F4","ATM","13","1",NA,"Within Range","Within Range",1.95065469763423,409.163035989522,0.00159457175584986,0.334472226949217,NA,"0",NA
"140","Varian GC","Max Wegner","20230627","2023","June","4","1510","EDT","G","Control","H3","10","14","1",NA,"Within Range","Within Range",1.29802562408296,5263.3768836431,0.00106107708403868,4.30257191558775,NA,"0",NA
"141","Varian GC","Max Wegner","20230627","2023","June","4","1513","EDT","G","Control","H3","20","15","1",NA,"Within Range","Within Range",0.868168974676587,12548.5983903837,0.000709688766547652,10.2579101227279,NA,"0",NA
"142","Varian GC","Max Wegner","20230627","2023","June","4","1515","EDT","G","Control","H3","35","16","1",NA,"Within Range","Within Range",0.970142267418974,15439.6933407618,0.00079304730901815,12.6212491375439,NA,"0",NA
"143","Varian GC","Max Wegner","20230627","2023","June","4","1517","EDT","G","Control","H3","50","17","1",NA,"Within Range","Within Range",1.19291469156388,10603.6607610542,0.000975153663338316,8.66801181095606,"some water; not enough to sample","0",NA
"144","Varian GC","Max Wegner","20230627","2023","June","4","1519","EDT","G","Control","H6","10","18","1",NA,"Within Range","Within Range",1.42980649470389,2348.73715433623,0.00116880196969286,1.91998611172032,NA,"0",NA
"145","Varian GC","Max Wegner","20230627","2023","June","4","1520","EDT","G","Control","H6","20","19","1",NA,"Within Range","Within Range",0.722268725060557,8830.64360566583,0.000590421928859093,7.21865069027778,NA,"0",NA
"146","Varian GC","Max Wegner","20230627","2023","June","4","1522","EDT","G","Control","H6","35","20","1",NA,"Within Range","Within Range",0.791296800147711,14127.1993542789,0.000646849249916046,11.5483448233633,NA,"0",NA
"147","Varian GC","Max Wegner","20230627","2023","June","4","1524","EDT","G","Control","H6","50","21","1",NA,"Within Range","Within Range",0.80541617914281,13189.5970548806,0.000658391201950423,10.7818974625599,NA,"0",NA
"148","Varian GC","Max Wegner","20230627","2023","June","4","1340","EDT","G","Seawater","C3","10","22","1",NA,"Within Range","Within Range",1.2713556859811,3969.4113896463,0.00103927561908485,3.24481380377328,NA,"0",NA
"149","Varian GC","Max Wegner","20230627","2023","June","4","1342","EDT","G","Seawater","C3","20","23","1",NA,"Within Range","Within Range",0.356733691076309,23205.5844274962,0.000291613615080231,18.9695129286349,NA,"0",NA
"150","Varian GC","Max Wegner","20230627","2023","June","4","1346","EDT","G","Seawater","C3","35","24","1",NA,"Within Range","Within Range",0.356733691076309,21775.5660157863,0.000291613615080231,17.8005377263998,NA,"0",NA
"151","Varian GC","Max Wegner","20230627","2023","June","4","1348","EDT","G","Seawater","C3","50","25","1",NA,"Within Range","Within Range",0.356733691076309,34688.0931150809,0.000291613615080231,28.3559430650036,NA,"0",NA
"152","Varian GC","Max Wegner","20230627","2023","June","4","1350","EDT","G","Seawater","C6","10","26","1",NA,"Within Range","Within Range",1.3419525809566,16093.6058030521,0.00109698537925674,13.1557929214493,NA,"0",NA
"153","Varian GC","Max Wegner","20230627","2023","June","4","1352","EDT","G","Seawater","C6","20","27","1",NA,"Within Range","Within Range",0.356733691076309,34862.8135486123,0.000291613615080231,28.4987690960879,NA,"0",NA
"154","Varian GC","Max Wegner","20230627","2023","June","4","1354","EDT","G","Seawater","C6","35","28","1",NA,"Within Range","Within Range",1.03917034250613,21775.1966279776,0.000849474630075103,17.8002357686173,NA,"0",NA
"155","Varian GC","Max Wegner","20230627","2023","June","4","1358","EDT","W","Seawater","C6","50","29","1",NA,"Within Range","Within Range",1.77965332980469,11302.5277196674,0.0727392946161207,461.965192849095,"15mL gas sample","0",NA
"156","Varian GC","Max Wegner","20230627","2023","June","4","1406","EDT","G","Seawater","F4","10","30","1",NA,"Within Range","Within Range",1.29018152464123,12878.8163158799,0.00105466488846402,10.5278483018994,NA,"0",NA
"157","Varian GC","Max Wegner","20230627","2023","June","4","1400","EDT","G","Seawater","F4","20","31","1",NA,"Within Range","Within Range",0.356733691076309,34126.8822172706,0.000291613615080231,27.8971786061741,NA,"0",NA
"158","Varian GC","Max Wegner","20230627","2023","June","4","1410","EDT","G","Seawater","F4","35","32","1",NA,"Within Range","Within Range",1.34352140084494,14764.6445080558,0.00109826781837167,12.0694273293285,NA,"0",NA
"159","Varian GC","Max Wegner","20230627","2023","June","4","1412","EDT","G","Seawater","F4","50","33","1",NA,"Within Range","Within Range",0.976417546972351,28443.2080451038,0.000798177065477873,23.2510327171132,NA,"0",NA
"160","Varian GC","Max Wegner","20230627","2023","June","4","1414","EDT","G","Seawater","F4","ATM","34","1",NA,"Within Range","Within Range",1.94437941808085,425.704222064651,0.00158944199939014,0.347993896445949,NA,"0",NA
"161","Varian GC","Max Wegner","20230627","2023","June","4","1416","EDT","G","Seawater","H3","10","35","1",NA,"Within Range","Within Range",1.36705369917011,3893.20668470438,0.00111750440509563,3.1825199132602,NA,"0",NA
"162","Varian GC","Max Wegner","20230627","2023","June","4","1418","EDT","G","Seawater","H3","20","36","1",NA,"Within Range","Within Range",0.356733691076309,19339.7932539667,0.000291613615080231,15.8094039525049,NA,"0",NA
"163","Varian GC","Max Wegner","20230627","2023","June","4","1419","EDT","G","Seawater","H3","35","37","1",NA,"Within Range","Within Range",0.356733691076309,21771.0594845198,0.000291613615080231,17.7968538414543,NA,"0",NA
"164","Varian GC","Max Wegner","20230627","2023","June","4","1420","EDT","G","Seawater","H3","50","38","1",NA,"Within Range","Within Range",0.356733691076309,29670.6985090408,0.000291613615080231,24.2544505064036,NA,"0",NA
"165","Varian GC","Max Wegner","20230627","2023","June","4","1422","EDT","G","Seawater","H6","10","39","1",NA,"Within Range","Within Range",0.810122638807844,25968.5313592682,0.000662238519295215,21.228096749574,NA,"0",NA
"166","Varian GC","Max Wegner","20230627","2023","June","4","1424","EDT","G","Seawater","H6","20","40","1",NA,"Within Range","Within Range",0.356733691076309,39329.9606870053,0.000291613615080231,32.1504593028406,NA,"0",NA
"167","Varian GC","Max Wegner","20230627","2023","June","4","1426","EDT","G","Seawater","H6","35","41","1",NA,"Within Range","Within Range",0.959160528200563,48897.8954231384,0.000784070235213635,39.9718120571524,NA,"0",NA
"168","Varian GC","Max Wegner","20230627","2023","June","4","1428","EDT","G","Seawater","H6","50","42","1",NA,"Within Range","Within Range",0.941903509428774,39915.8171394144,0.000769963404949397,32.6293703849131,NA,"0",NA
"169","Varian GC","Max Wegner","20230627","2023","June","4","1220","EDT","G","Freshwater","C3","10","43","1",NA,"Within Range","Within Range",0.970142267418974,10362.509624,0.00079304730901815,8.47088169228151,NA,"0",NA
"170","Varian GC","Max Wegner","20230627","2023","June","4","1225","EDT","G","Freshwater","C3","20","44","1",NA,"Within Range","Within Range",0.71285580573049,19201.8860094537,0.000582727294169509,15.6966710340166,NA,"0",NA
"171","Varian GC","Max Wegner","20230627","2023","June","4","1230","EDT","G","Freshwater","C3","35","45","1",NA,"Within Range","Within Range",0.896407732666786,18743.800800086,0.000732772670616406,15.3222071488829,NA,"0",NA
"172","Varian GC","Max Wegner","20230627","2023","June","4","1234","EDT","G","Freshwater","C3","50","46","1",NA,"Within Range","Within Range",0.687754687516979,28469.5158448419,0.000562208268330617,23.2725381503771,NA,"0",NA
"173","Varian GC","Max Wegner","20230627","2023","June","4","1238","EDT","G","Freshwater","C6","10","47","1",NA,"Within Range","Within Range",1.07211556016136,22762.3338325272,0.000876405851488649,18.6071756680431,NA,"0",NA
"174","Varian GC","Max Wegner","20230627","2023","June","4","1240","EDT","G","Freshwater","C6","20","48","1",NA,"Within Range","Within Range",0.356733691076309,28660.3933011273,0.000291613615080231,23.4285718148644,NA,"0",NA
"175","Varian GC","Max Wegner","20230627","2023","June","4","1242","EDT","G","Freshwater","C6","35","49","1",NA,"Within Range","Within Range",0.356733691076309,29072.4749527953,0.000291613615080231,23.7654298777757,NA,"0",NA
"176","Varian GC","Max Wegner","20230627","2023","June","4","1244","EDT","G","Freshwater","C6","50","50","1",NA,"Within Range","Within Range",0.356733691076309,36779.6555412094,0.000291613615080231,30.0657004989289,NA,"0",NA
"177","Varian GC","Max Wegner","20230627","2023","June","4","1250","EDT","G","Freshwater","F4","10","51","1",NA,"Within Range","Within Range",1.36234723950508,5315.13550340297,0.00111365708775084,4.34488224006033,NA,"0",NA
"178","Varian GC","Max Wegner","20230627","2023","June","4","1252","EDT","G","Freshwater","F4","20","52","1",NA,"Within Range","Within Range",0.769333321710889,20655.18324087,0.000628895102307016,16.8846756156997,NA,"0",NA
"179","Varian GC","Max Wegner","20230627","2023","June","4","1254","EDT","G","Freshwater","F4","35","53","1",NA,"Within Range","Within Range",1.06427146071964,12557.9734529694,0.000869993655913995,10.2655738112457,NA,"0",NA
"180","Varian GC","Max Wegner","20230627","2023","June","4","1255","EDT","G","Freshwater","F4","50","54","1",NA,"Within Range","Within Range",0.356733691076309,26888.0188805262,0.000291613615080231,21.9797361007276,NA,"0",NA
"181","Varian GC","Max Wegner","20230627","2023","June","4","1248","EDT","G","Freshwater","F4","ATM","55","1",NA,"Within Range","Within Range",1.92084711975569,422.357568517516,0.00157020541266618,0.345258158937231,NA,"0",NA
"182","Varian GC","Max Wegner","20230627","2023","June","4","1258","EDT","G","Freshwater","H3","10","56","1",NA,"Within Range","Within Range",1.41568711570879,10552.3749576895,0.00115726001765848,8.62608799244498,NA,"0",NA
"183","Varian GC","Max Wegner","20230627","2023","June","4","1300","EDT","G","Freshwater","H3","20","57","1",NA,"Within Range","Within Range",0.755213942715789,22972.3381895489,0.000617353150272639,18.7788447065041,NA,"0",NA
"184","Varian GC","Max Wegner","20230627","2023","June","4","1301","EDT","G","Freshwater","H3","35","58","1",NA,"Within Range","Within Range",0.753645122827445,23396.8682103713,0.000616070711157708,19.1258787466828,NA,"0",NA
"185","Varian GC","Max Wegner","20230627","2023","June","4","1304","EDT","G","Freshwater","H3","50","59","1",NA,"Within Range","Within Range",0.832086117244665,20779.1645649937,0.000680192666904245,16.9860247257909,NA,"0",NA
"186","Varian GC","Max Wegner","20230627","2023","June","4","1305","EDT","G","Freshwater","H6","10","60","1",NA,"Within Range","Within Range",1.18193295234547,12292.287577659,0.000966176589533801,10.0483876566629,NA,"0",NA
"187","Varian GC","Max Wegner","20230627","2023","June","4","1306","EDT","G","Freshwater","H6","20","61","1",NA,"Within Range","Within Range",0.67363530852188,24935.8412501455,0.00055066631629624,20.3839194164203,NA,"0",NA
"188","Varian GC","Max Wegner","20230627","2023","June","4","1308","EDT","G","Freshwater","H6","35","62","1",NA,"Within Range","Within Range",1.06897792038467,16819.4528472153,0.000873840973258787,13.7491399639031,NA,"0",NA
"189","Varian GC","Max Wegner","20230627","2023","June","4","1310","EDT","G","Freshwater","H6","50","63","1",NA,"Within Range","Within Range",0.703442886400424,32019.6503602955,0.000575032659479924,26.1746121231186,NA,"0",NA
"190","Varian GC","Max Wegner","20230627","2023","June","5","1412","EDT","G","Control","C3","10","64","1",NA,"Within Range","Within Range",1.28704388486454,4445.16811178393,0.00105210001023416,3.63372334921792,NA,"1",NA
"191","Varian GC","Max Wegner","20230627","2023","June","5","1443","EDT","G","Control","C3","20","65","1",NA,"Within Range","Within Range",1.31685146274309,7444.11691455635,0.00107646635341784,6.0852279973447,NA,"1",NA
"192","Varian GC","Max Wegner","20230627","2023","June","5","1447","EDT","G","Control","C3","35","66","1",NA,"Within Range","Within Range",0.772470961487578,10616.4563547487,0.000631459980536877,8.67847162853906,NA,"1",NA
"193","Varian GC","Max Wegner","20230627","2023","June","5","1445","EDT","G","Control","C3","50","67","1",NA,"Within Range","Within Range",0.356733691076309,17157.7455902105,0.000291613615080231,14.0256789401982,NA,"1",NA
"194","Varian GC","Max Wegner","20230627","2023","June","5","1450","EDT","G","Control","C6","10","68","1",NA,"Within Range","Within Range",1.48942165046097,4005.49319080348,0.00121753465606023,3.27430903995999,NA,"1",NA
"195","Varian GC","Max Wegner","20230627","2023","June","5","1453","EDT","G","Control","C6","20","69","1",NA,"Within Range","Within Range",0.967004627642285,15563.5860118114,0.000790482430788289,12.7225257777673,NA,"1",NA
"196","Varian GC","Max Wegner","20230627","2023","June","5","1455","EDT","G","Control","C6","35","70","1",NA,"Within Range","Within Range",0.94033468954043,14789.4156545095,0.000768680965834466,12.0896766182175,NA,"1",NA
"197","Varian GC","Max Wegner","20230627","2023","June","5","1456","EDT","G","Control","C6","50","71","1",NA,"Within Range","Within Range",0.916802391215264,14897.6832212496,0.000749444379110505,12.1781804442446,NA,"1",NA
"198","Varian GC","Max Wegner","20230627","2023","June","5","1605","EDT","G","Control","F4","10","72","1",NA,"Within Range","Within Range",1.41882475548548,4537.36730884405,0.00115982489588834,3.70909201170975,NA,"1",NA
"199","Varian GC","Max Wegner","20230627","2023","June","5","1607","EDT","G","Control","F4","20","73","1",NA,"Within Range","Within Range",0.935628229875397,10483.2772741876,0.000764833648489674,8.56960376966564,NA,"1",NA
"200","Varian GC","Max Wegner","20230627","2023","June","5","1609","EDT","G","Control","F4","35","74","1",NA,"Within Range","Within Range",1.69336823594575,7864.0295877695,0.00138425174100122,6.42848756524321,NA,"1",NA
"201","Varian GC","Max Wegner","20230627","2023","June","5","1611","EDT","G","Control","F4","50","75","1",NA,"Within Range","Within Range",0.813260278584532,12463.9273168656,0.000664803397525076,10.1886953598418,NA,"1",NA
"202","Varian GC","Max Wegner","20230627","2023","June","5","1612","EDT","G","Control","F4","ATM","76","1",NA,"Within Range","Within Range",1.90202128109555,662.016378824431,0.00155481614328701,0.54116836817081,NA,"1",NA
"203","Varian GC","Max Wegner","20230627","2023","June","5","1613","EDT","G","Control","H3","10","77","1",NA,"Within Range","Within Range",1.22429108933077,4673.10994079779,0.00100080244563693,3.82005545759316,NA,"1",NA
"204","Varian GC","Max Wegner","20230627","2023","June","5","1614","EDT","G","Control","H3","20","78","1",NA,"Within Range","Within Range",0.796003259812744,10946.2901169239,0.000650696567260838,8.94809577161682,NA,"1",NA
"205","Varian GC","Max Wegner","20230627","2023","June","5","1616","EDT","G","Control","H3","35","79","1",NA,"Within Range","Within Range",0.7661956819342,15837.826908772,0.000626330224077154,12.946705274591,NA,"1",NA
"206","Varian GC","Max Wegner","20230627","2023","June","5","1618","EDT","G","Control","H3","50","80","1",NA,"Within Range","Within Range",1.30900736330137,16190.5996538696,0.00107005415784319,13.235080995957,NA,"1",NA
"207","Varian GC","Max Wegner","20230627","2023","June","5","1627","EDT","G","Control","H6","35","83","1",NA,"Within Range","Within Range",0.839930216686387,15392.7072114908,0.000686604862478899,12.5828401076202,NA,"1",NA
"208","Varian GC","Max Wegner","20230627","2023","June","5","1629","EDT","G","Control","H6","50","84","1",NA,"Within Range","Within Range",0.816397918361221,15006.6821758509,0.000667368275754938,12.2672821466808,NA,"1",NA
"209","Varian GC","Max Wegner","20230815","2023","June","5","1421","EDT","G","Seawater","C3","10","85","1",NA,"Within Range","Within Range",1.56943146476654,4416.98382197749,0.00128293905092169,3.61068397041933,NA,"1",NA
"210","Varian GC","Max Wegner","20230815","2023","June","5","1422","EDT","G","Seawater","C3","20","86","1",NA,"Within Range","Within Range",0.750507483050756,22633.8681404056,0.000613505832927847,18.5021607904734,NA,"1",NA
"211","Varian GC","Max Wegner","20230815","2023","June","5","1424","EDT","G","Seawater","C3","35","87","1",NA,"Within Range","Within Range",0.767764501822544,22728.6752153953,0.000627612663192085,18.5796612749091,NA,"1",NA
"212","Varian GC","Max Wegner","20230815","2023","June","5","1425","EDT","G","Seawater","C3","50","88","1",NA,"Within Range","Within Range",0.356733691076309,37941.2102812873,0.000291613615080231,31.0152188240574,NA,"1",NA
"213","Varian GC","Max Wegner","20230815","2023","June","5","1433","EDT","G","Seawater","C6","10","89","1",NA,"Within Range","Within Range",1.3843107179419,16069.0045749904,0.00113161123535987,13.1356825331402,NA,"1",NA
"214","Varian GC","Max Wegner","20230815","2023","June","5","1434","EDT","G","Seawater","C6","20","90","1",NA,"Within Range","Within Range",0.356733691076309,37033.1590065877,0.000291613615080231,30.2729280858476,NA,"1",NA
"215","Varian GC","Max Wegner","20230815","2023","June","5","1435","EDT","G","Seawater","C6","35","91","1",NA,"Within Range","Within Range",1.0595650010546,24932.1178210334,0.000866146338569203,20.3808756819735,NA,"1",NA
"216","Varian GC","Max Wegner","20230815","2023","June","5","1436","EDT","G","Seawater","C6","50","92","1",NA,"Within Range","Within Range",1.93026003908575,14533.1491683219,0.00157790004735576,11.8801903870864,"cap ajar a bit but held vaccuum","1",NA
"217","Varian GC","Max Wegner","20230815","2023","June","5","1543","EDT","G","Seawater","F4","10","93","1",NA,"Within Range","Within Range",1.47843991124256,11920.2845032387,0.00120855758225571,9.74429201314413,NA,"1",NA
"218","Varian GC","Max Wegner","20230815","2023","June","5","1544","EDT","G","Seawater","F4","20","94","1",NA,"Within Range","Within Range",0.356733691076309,34982.3326680064,0.000291613615080231,28.5964705561674,NA,"1",NA
"219","Varian GC","Max Wegner","20230815","2023","June","5","1546","EDT","G","Seawater","F4","35","95","1",NA,"Within Range","Within Range",1.38744835771859,19710.9245731583,0.00113417611358973,16.1127869756572,NA,"1",NA
"220","Varian GC","Max Wegner","20230815","2023","June","5","1547","EDT","G","Seawater","F4","50","96","1",NA,"Within Range","Within Range",0.861893695123209,40067.2661409955,0.000704559010087929,32.753173075705,NA,"1",NA
"221","Varian GC","Max Wegner","20230815","2023","June","5","1549","EDT","G","Seawater","F4","ATM","97","1",NA,"Within Range","Within Range",1.97261817607105,467.363779133723,0.00161252590345889,0.382048695147187,NA,"1",NA
"222","Varian GC","Max Wegner","20230815","2023","June","5","1551","EDT","G","Seawater","H3","10","98","1",NA,"Within Range","Within Range",2.01968277272139,4126.23128996642,0.00165099907690682,3.37300696072153,NA,"1",NA
"223","Varian GC","Max Wegner","20230815","2023","June","5","1552","EDT","G","Seawater","H3","20","99","1",NA,"Within Range","Within Range",0.356733691076309,18476.4748429048,0.000291613615080231,15.1036803017461,NA,"1",NA
"224","Varian GC","Max Wegner","20230815","2023","June","5","1553","EDT","G","Seawater","H3","35","100","1",NA,"Within Range","Within Range",0.356733691076309,22913.893650451,0.000291613615080231,18.7310689461697,NA,"1",NA
"225","Varian GC","Max Wegner","20230815","2023","June","5","1554","EDT","G","Seawater","H3","50","101","1",NA,"Within Range","Within Range",0.356733691076309,31381.5403084629,0.000291613615080231,25.652986093145,NA,"1",NA
"226","Varian GC","Max Wegner","20230815","2023","June","5","1556","EDT","G","Seawater","H6","10","102","1",NA,"Within Range","Within Range",0.861893695123209,27694.1117322589,0.000704559010087929,22.638680451834,NA,"1",NA
"227","Varian GC","Max Wegner","20230815","2023","June","5","1557","EDT","G","Seawater","H6","20","103","1",NA,"Within Range","Within Range",0.356733691076309,42746.3103258915,0.000291613615080231,34.9431702059455,NA,"1",NA
"228","Varian GC","Max Wegner","20230815","2023","June","5","1558","EDT","G","Seawater","H6","35","104","1",NA,"Within Range","Needs Dilution",0.356733691076309,51169.0394263614,0.000291613615080231,41.8283692865786,NA,"1",NA
"229","Varian GC","Max Wegner","20230815","2023","June","5","1600","EDT","G","Seawater","H6","50","105","1",NA,"Within Range","Within Range",0.356733691076309,45140.5934490342,0.000291613615080231,36.900388081719,NA,"1",NA
"230","Varian GC","Max Wegner","20230815","2023","June","5","1207","EDT","G","Freshwater","C3","10","106","1",NA,"Within Range","Within Range",1.23527282854918,9754.95533170588,0.00100977951944145,7.9742336100697,NA,"1",NA
"231","Varian GC","Max Wegner","20230815","2023","June","5","1210","EDT","G","Freshwater","C3","20","107","1",NA,"Within Range","Within Range",0.802278539366121,19880.1263528272,0.000655826323720561,16.2511017574721,NA,"1",NA
"232","Varian GC","Max Wegner","20230815","2023","June","5","1212","EDT","G","Freshwater","C3","35","108","1",NA,"Within Range","Within Range",0.967004627642285,19714.6553900265,0.000790482430788289,16.1158367492596,NA,"1",NA
"233","Varian GC","Max Wegner","20230815","2023","June","5","1214","EDT","G","Freshwater","C3","50","109","1",NA,"Within Range","Within Range",0.719131085283868,32354.4191435954,0.000587857050629232,26.4482704221694,NA,"1",NA
"234","Varian GC","Max Wegner","20230815","2023","June","5","1408","EDT","G","Freshwater","C6","10","110","1",NA,"Within Range","Within Range",1.14114363524851,22895.8749131409,0.000932833172545601,18.7163394455433,NA,"1",NA
"235","Varian GC","Max Wegner","20230815","2023","June","5","1419","EDT","G","Freshwater","C6","20","111","1",NA,"Within Range","Within Range",0.356733691076309,28397.2192629164,0.000291613615080231,23.2134389732021,NA,"1",NA
"236","Varian GC","Max Wegner","20230815","2023","June","5","1416","EDT","G","Freshwater","C6","35","112","1",NA,"Within Range","Within Range",0.356733691076309,31053.1693220103,0.000291613615080231,25.3845577028857,NA,"1",NA
"237","Varian GC","Max Wegner","20230815","2023","June","5","1502","EDT","G","Freshwater","C6","50","113","1",NA,"Within Range","Within Range",0.356733691076309,40804.9040440135,0.000291613615080231,33.3561586105736,"water in vial","1",NA
"238","Varian GC","Max Wegner","20230815","2023","June","5","1526","EDT","G","Freshwater","F4","10","114","1",NA,"Within Range","Within Range",1.53491742722296,5340.84489489089,0.00125472539039322,4.36589850171671,NA,"1",NA
"239","Varian GC","Max Wegner","20230815","2023","June","5","1528","EDT","G","Freshwater","F4","20","115","1",NA,"Within Range","Within Range",0.901114192331819,20232.0716692333,0.000736619987961198,16.5388010934055,NA,"1",NA
"240","Varian GC","Max Wegner","20230815","2023","June","5","1530","EDT","G","Freshwater","F4","35","116","1",NA,"Within Range","Within Range",1.23527282854918,13382.121980793,0.00100977951944145,10.9392778587568,NA,"1",NA
"241","Varian GC","Max Wegner","20230815","2023","June","5","1531","EDT","G","Freshwater","F4","50","117","1",NA,"Within Range","Within Range",0.356733691076309,30519.825040491,0.000291613615080231,24.9485729391619,NA,"1",NA
"242","Varian GC","Max Wegner","20230815","2023","June","5","1532","EDT","G","Freshwater","F4","ATM","118","1",NA,"Within Range","Within Range",2.0024257539496,438.898754592645,0.00163689224664258,0.358779828433963,NA,"1",NA
"243","Varian GC","Max Wegner","20230815","2023","June","5","1518","EDT","G","Freshwater","H3","10","119","1",NA,"Within Range","Within Range",1.53021096755793,9335.13131156682,0.00125087807304843,7.63104651203898,NA,"1",NA
"244","Varian GC","Max Wegner","20230815","2023","June","5","1520","EDT","G","Freshwater","H3","20","120","1",NA,"Within Range","Within Range",0.830517297356321,23432.6101747444,0.000678910227789314,19.1550961817097,NA,"1",NA
"245","Varian GC","Max Wegner","20230815","2023","June","5","1522","EDT","G","Freshwater","H3","35","121","1",NA,"Within Range","Within Range",0.737956923944001,24511.0969843941,0.000603246320008401,20.0367102407278,NA,"1",NA
"246","Varian GC","Max Wegner","20230815","2023","June","5","1524","EDT","G","Freshwater","H3","50","122","1",NA,"Within Range","Within Range",0.879150713894998,24302.2820561165,0.000718665840352167,19.8660135063262,NA,"1",NA
"247","Varian GC","Max Wegner","20230815","2023","June","5","1534","EDT","G","Freshwater","H6","10","123","1",NA,"Within Range","Within Range",1.35920959972839,13780.4697937322,0.00111109220952097,11.2649091313177,NA,"1",NA
"248","Varian GC","Max Wegner","20230815","2023","June","5","1535","EDT","G","Freshwater","H6","20","124","1",NA,"Within Range","Within Range",0.678341768186913,27812.7517086682,0.000554513633641033,22.7356632523915,NA,"1",NA
"249","Varian GC","Max Wegner","20230815","2023","June","5","1537","EDT","G","Freshwater","H6","35","125","1",NA,"Within Range","Within Range",1.09564785848653,19789.1978498292,0.00089564243821261,16.1767718297518,NA,"1",NA
"250","Varian GC","Max Wegner","20230815","2023","June","5","1539","EDT","G","Freshwater","H6","50","126","1",NA,"Within Range","Within Range",1.71533171438257,37917.2444002566,0.00140220588861025,30.995627803134,NA,"1",NA
"251","Varian GC","Max Wegner","20230815","2023","June","6","1348","EDT","G","Control","C3","10","127","1",NA,"Within Range","Within Range",1.51452276867448,4572.08976286509,0.00123805368189912,3.73747604325716,NA,"2",NA
"252","Varian GC","Max Wegner","20230815","2023","June","6","1350","EDT","G","Control","C3","20","128","1",NA,"Within Range","Within Range",1.06427146071964,7770.15337005773,0.000869993655913995,6.35174801441919,NA,"2",NA
"253","Varian GC","Max Wegner","20230815","2023","June","6","1351","EDT","G","Control","C3","35","129","1",NA,"Within Range","Within Range",0.927784130433674,11187.2787233423,0.00075842145291502,9.14509302886711,NA,"2",NA
"254","Varian GC","Max Wegner","20230815","2023","June","6","1352","EDT","G","Control","C3","50","130","1",NA,"Within Range","Within Range",0.356733691076309,18970.6196901613,0.000291613615080231,15.5076213055995,NA,"2",NA
"255","Varian GC","Max Wegner","20230815","2023","June","6","1355","EDT","G","Control","C6","10","131","1",NA,"Within Range","Within Range",1.68395531661568,4655.66006071317,0.00137655710631164,3.80579097195168,NA,"2",NA
"256","Varian GC","Max Wegner","20230815","2023","June","6","1357","EDT","G","Control","C6","20","132","1",NA,"Within Range","Within Range",1.12388661647673,15970.2154994224,0.000918726342281363,13.05492694381,NA,"2",NA
"257","Varian GC","Max Wegner","20230815","2023","June","6","1411","EDT","G","Control","C6","35","133","1",NA,"Within Range","Within Range",1.0062251248509,15061.240755201,0.000822543408661558,12.3118813111442,NA,"2",NA
"258","Varian GC","Max Wegner","20230815","2023","June","6","1412","EDT","G","Control","C6","50","134","1",NA,"Within Range","Within Range",0.877581894006653,16479.039818198,0.000717383401237237,13.4708677499368,NA,"2",NA
"259","Varian GC","Max Wegner","20230815","2023","June","6","1632","EDT","G","Control","F4","10","135","1",NA,"Within Range","Within Range",1.69807469561078,4171.41480673082,0.00138809905834601,3.40994243666705,NA,"2",NA
"260","Varian GC","Max Wegner","20230815","2023","June","6","1635","EDT","G","Control","F4","20","136","1",NA,"Within Range","Within Range",1.13173071591845,11923.0844628289,0.000925138537856017,9.74658085313486,NA,"2",NA
"261","Varian GC","Max Wegner","20230815","2023","June","6","1636","EDT","G","Control","F4","35","137","1",NA,"Within Range","Within Range",1.09564785848653,8433.80289498623,0.00089564243821261,6.89425140546918,NA,"2",NA
"262","Varian GC","Max Wegner","20230815","2023","June","6","1637","EDT","G","Control","F4","50","138","1",NA,"Within Range","Within Range",0.934059409987052,12808.9576934921,0.000763551209374743,10.4707420460882,NA,"2",NA
"263","Varian GC","Max Wegner","20230815","2023","June","6","1638","EDT","G","Control","F4","ATM","139","1",NA,"Within Range","Within Range",2.14205072401225,646.516866369933,0.00175102932787141,0.5284982196205,NA,"2",NA
"264","Varian GC","Max Wegner","20230815","2023","June","6","1640","EDT","G","Control","H3","10","140","1",NA,"Within Range","Within Range",1.46745817202415,4864.17209098759,0.0011995805084512,3.97624010097167,NA,"2",NA
"265","Varian GC","Max Wegner","20230815","2023","June","6","1641","EDT","G","Control","H3","20","141","1",NA,"Within Range","Within Range",1.06740910049633,12025.3753348237,0.000872558534143856,9.83019900224239,NA,"2",NA
"266","Varian GC","Max Wegner","20230815","2023","June","6","1642","EDT","G","Control","H3","35","142","1",NA,"Within Range","Within Range",0.764626862045856,15601.6846704042,0.000625047784962223,12.753669703446,NA,"2",NA
"267","Varian GC","Max Wegner","20230815","2023","June","6","1644","EDT","G","Control","H3","50","143","1",NA,"Within Range","Within Range",1.26194276665103,18745.3448411265,0.00103158098439527,15.3234693324134,NA,"2",NA
"268","Varian GC","Max Wegner","20230815","2023","June","6","1645","EDT","G","Control","H6","10","144","1",NA,"Within Range","Within Range",1.62277134097025,2715.76826885095,0.00132654198082934,2.22001740348769,NA,"2",NA
"269","Varian GC","Max Wegner","20230815","2023","June","6","1646","EDT","G","Control","H6","20","145","1",NA,"Within Range","Within Range",0.814829098472877,9186.48965733208,0.000666085836640007,7.50953870039349,NA,"2",NA
"270","Varian GC","Max Wegner","20230815","2023","June","6","1647","EDT","G","Control","H6","35","146","1",NA,"Within Range","Within Range",0.741094563720689,15578.583156846,0.000605811198238262,12.7347852637335,NA,"2",NA
"271","Varian GC","Max Wegner","20230815","2023","June","6","1648","EDT","G","Control","H6","50","147","1",NA,"Within Range","Within Range",0.763058042157511,14875.5495037502,0.000623765345847293,12.160087133922,NA,"2",NA
"272","Varian GC","Max Wegner","20230815","2023","June","6","1214","EDT","W","Freshwater","C3","10","169","1",NA,"Within Range","Within Range",2.06360972959503,5730.34956368902,0.0843453686062439,234.215045248323,"15 mL gas / 15 water","2",NA
"273","Varian GC","Max Wegner","20230815","2023","June","6","1220","EDT","W","Freshwater","C3","20","170","1",NA,"Within Range","Within Range",1.9883063749545,8781.91396593758,0.0812675147304101,358.940820981052,NA,"2",NA
"274","Varian GC","Max Wegner","20230815","2023","June","6","1226","EDT","W","Freshwater","C3","35","171","1",NA,"Within Range","Within Range",1.97732463573609,10161.9320438572,0.0808186610401843,415.345930821394,NA,"2",NA
"275","Varian GC","Max Wegner","20230815","2023","June","6","1230","EDT","W","Freshwater","C3","50","172","1",NA,"Within Range","Within Range",1.99458165450787,17662.8095410931,0.0815240025533962,721.927290805,NA,"2",NA
"276","Varian GC","Max Wegner","20230815","2023","June","6","1236","EDT","W","Freshwater","C6","10","173","1",NA,"Within Range","Within Range",2.02125159260973,6770.18363303269,0.0826140758010874,276.715905081608,"15 mL gas & W","2",NA
"277","Varian GC","Max Wegner","20230815","2023","June","6","1240","EDT","G","Freshwater","C6","20","174","1",NA,"Within Range","Within Range",0.781883880817644,24727.8833015841,0.000639154615226462,20.213923224074,NA,"2",NA
"278","Varian GC","Max Wegner","20230815","2023","June","6","1242","EDT","W","Freshwater","C6","35","175","1",NA,"Within Range","Within Range",1.95536115729926,13134.4400672804,0.0799209536597328,536.840456324455,NA,"2",NA
"279","Varian GC","Max Wegner","20230815","2023","June","6","1250","EDT","W","Freshwater","C6","50","176","1",NA,"Within Range","Within Range",2.07459146881344,19095.8273818099,0.0847942222964696,780.498645776418,NA,"2",NA
"280","Varian GC","Max Wegner","20230815","2023","June","6","1420","EDT","W","Freshwater","F4","10","177","1",NA,"Within Range","Within Range",2.04321507104655,6439.35252377393,0.0835117831815389,263.193933627094,NA,"2",NA
"281","Varian GC","Max Wegner","20230815","2023","June","6","1428","EDT","W","Freshwater","F4","20","178","1",NA,"Within Range","Within Range",2.05890326993,13851.340538716,0.0841530027390043,566.142137572632,NA,"2",NA
"282","Varian GC","Max Wegner","20230815","2023","June","6","1430","EDT","W","Freshwater","F4","35","179","1",NA,"Within Range","Within Range",1.98203109540112,7731.65577263142,0.0810110269074239,316.013898716773,NA,"2",NA
"283","Varian GC","Max Wegner","20230815","2023","June","6","1440","EDT","W","Freshwater","F4","50","180","1",NA,"Within Range","Within Range",1.9318288589741,16456.9947537727,0.0789591243235347,672.642345474103,NA,"2",NA
"284","Varian GC","Max Wegner","20230815","2023","June","6","1443","EDT","G","Freshwater","F4","ATM","181","1",NA,"Within Range","Within Range",2.03850861138152,423.066793110287,0.00166638834628599,0.345837917879476,NA,"2",NA
"285","Varian GC","Max Wegner","20230815","2023","June","6","1444","EDT","W","Freshwater","H3","10","182","1",NA,"Within Range","Within Range",2.06988500914841,4670.59810369839,0.08460185642923,190.900107233635,NA,"2",NA
"286","Varian GC","Max Wegner","20230815","2023","June","6","1449","EDT","G","Freshwater","H3","20","183","1",NA,"Within Range","Within Range",0.981124006637384,19074.6392971009,0.000802024382822666,15.5926526171288,NA,"2",NA
"287","Varian GC","Max Wegner","20230816","2023","June","6","1259","EDT","W","Seawater","C3","10","148","1",NA,"Within Range","Within Range",4.95494478381378,8796.96282526542,0.202522133047112,359.55590898384,NA,"2",NA
"288","Varian GC","Max Wegner","20230816","2023","June","6","1305","EDT","W","Seawater","C3","20","149","1",NA,"Within Range","Within Range",3.10844377523241,11453.2896599243,0.127050591133438,468.127245314924,"water in vial","2",NA
"289","Varian GC","Max Wegner","20230816","2023","June","6","1310","EDT","W","Seawater","C3","35","150","1",NA,"Within Range","Within Range",3.11471905478578,15236.3970663467,0.127307078956424,622.753182620584,NA,"2",NA
"290","Varian GC","Max Wegner","20230816","2023","June","6","1315","EDT","W","Seawater","C3","50","151","1",NA,"Within Range","Within Range",2.45424588179279,18306.8593488901,0.100311735587132,748.251366360742,NA,"2",NA
"291","Varian GC","Max Wegner","20230816","2023","June","6","1322","EDT","W","Seawater","C6","10","152","1",NA,"Within Range","Within Range",3.9242301171715,9042.87167729612,0.160394008121637,369.606875729445,"water in vial","2",NA
"292","Varian GC","Max Wegner","20230816","2023","June","6","1331","EDT","W","Seawater","C6","20","153","1",NA,"Within Range","Within Range",2.62054078995729,14590.2565235522,0.107108662896265,596.343653012418,NA,"2",NA
"293","Varian GC","Max Wegner","20230816","2023","June","6","1336","EDT","W","Seawater","C6","35","154","1",NA,"Within Range","Within Range",3.17590303043122,15115.585089622,0.129807835230539,617.815267004683,NA,"2",NA
"294","Varian GC","Max Wegner","20230816","2023","June","6","1342","EDT","W","Seawater","C6","50","155","1",NA,"Within Range","Within Range",3.37200551647427,15136.8248886243,0.137823079698856,618.683395629138,NA,"2",NA
"295","Varian GC","Max Wegner","20230816","2023","June","6","1534","EDT","W","Seawater","F4","10","156","1",NA,"Within Range","Within Range",4.95180714403709,5729.33005333691,0.202393889135619,234.173375074349,NA,"2",NA
"296","Varian GC","Max Wegner","20230816","2023","June","6","1540","EDT","G","Seawater","F4","20","157","1",NA,"Within Range","Within Range",2.03380215171648,24701.1987262812,0.00166254102894119,20.192109793872,NA,"2",NA
"297","Varian GC","Max Wegner","20230816","2023","June","6","1546","EDT","W","Seawater","F4","35","158","1",NA,"Within Range","Within Range",2.68486240537942,14234.8389617441,0.109737663081873,581.816766058013,NA,"2",NA
"298","Varian GC","Max Wegner","20230816","2023","June","6","1549","EDT","W","Seawater","F4","50","159","1",NA,"Within Range","Within Range",3.09903085590234,12925.2705267064,0.126665859398958,528.29112563082,NA,"2",NA
"299","Varian GC","Max Wegner","20230816","2023","June","6","1551","EDT","G","Seawater","F4","ATM","160","1",NA,"Within Range","Within Range",2.05890326993,402.469728895253,0.00168306005478009,0.329000751931781,NA,"2",NA
"300","Varian GC","Max Wegner","20230816","2023","June","6","1554","EDT","G","Seawater","H3","10","161","1",NA,"Within Range","Within Range",3.08177383713055,3645.09628133362,0.00251921035771493,2.97970090996487,NA,"2",NA
"301","Varian GC","Max Wegner","20230816","2023","June","6","1559","EDT","G","Seawater","H3","20","162","1",NA,"Within Range","Within Range",2.32560265094855,20284.4065339748,0.00190107470431831,16.5815824720186,NA,"2",NA
"302","Varian GC","Max Wegner","20230816","2023","June","6","1603","EDT","W","Seawater","H3","35","163","1",NA,"Within Range","Within Range",2.60799023085054,14984.3046623978,0.106595687250292,612.449477211094,NA,"2",NA
"303","Varian GC","Max Wegner","20230816","2023","June","6","1608","EDT","W","Seawater","H3","50","164","1",NA,"Within Range","Within Range",2.22990463775954,14654.2123287565,0.0911422959153768,598.957701534822,NA,"2",NA
"304","Varian GC","Max Wegner","20230816","2023","June","6","1613","EDT","W","Seawater","H6","10","165","1",NA,"Within Range","Within Range",5.13849671075008,14493.2774482471,0.210024401869457,592.379853202602,NA,"2",NA
"305","Varian GC","Max Wegner","20230816","2023","June","6","1618","EDT","W","Seawater","H6","20","166","1",NA,"Within Range","Within Range",2.73506464180644,17918.1230067342,0.111789565665762,732.362649807626,NA,"2",NA
"306","Varian GC","Max Wegner","20230816","2023","June","6","1622","EDT","W","Seawater","H6","35","167","1",NA,"Within Range","Within Range",2.76487221968498,19111.7701596349,0.113007882824946,781.150270670879,NA,"2",NA
"307","Varian GC","Max Wegner","20230816","2023","June","6","1626","EDT","W","Seawater","H6","50","168","1",NA,"Within Range","Within Range",2.64564190817081,22764.3211389382,0.108134614188209,930.440010045627,NA,"2",NA
"308","Varian GC","Max Wegner","20230816","2023","June","6","1508","EDT","W","Freshwater","H6","20","187","1",NA,"Within Range","Within Range",0.356733691076309,56.7744542130261,0.0145806807540115,2.32052708384727,NA,"2",NA
"309","Varian GC","Max Wegner","20230816","2023","June","6","1510","EDT","G","Freshwater","H6","35","188","1",NA,"Within Range","Within Range",1.09878549826322,17031.3336943054,0.000898207316442471,13.9223429478987,NA,"2",NA
"310","Varian GC","Max Wegner","20230816","2023","June","6","1512","EDT","G","Freshwater","H6","50","189","1",NA,"Within Range","Within Range",0.802278539366121,30791.3250799108,0.000655826323720561,25.17051190924,NA,"2",NA
"311","Varian GC","Max Wegner","20230816","2023","June","7","953","EDT","G","Control","C3","10","190","1",NA,"Within Range","Within Range",1.54433034655303,4677.29879854883,0.0012624200250828,3.82347965884579,NA,"3_AM",NA
"312","Varian GC","Max Wegner","20230816","2023","June","7","955","EDT","G","Control","C3","20","191","1",NA,"Within Range","Within Range",1.11918015681169,8673.43954202462,0.000914879024936571,7.09014349723581,NA,"3_AM",NA
"313","Varian GC","Max Wegner","20230816","2023","June","7","956","EDT","G","Control","C3","35","192","1",NA,"Within Range","Within Range",0.852480775793143,11832.6361639822,0.000696864375398345,9.6726434705317,NA,"3_AM",NA
"314","Varian GC","Max Wegner","20230816","2023","June","7","958","EDT","G","Control","C3","50","193","1",NA,"Within Range","Within Range",0.789727980259366,20618.0376028237,0.000645566810801115,16.8543107410997,NA,"3_AM",NA
"315","Varian GC","Max Wegner","20230816","2023","June","7","1000","EDT","G","Control","C6","10","194","1",NA,"Within Range","Within Range",1.82358028667833,5011.01852047189,0.00149069418754047,4.0962803977946,NA,"3_AM",NA
"316","Varian GC","Max Wegner","20230816","2023","June","7","1001","EDT","G","Control","C6","20","195","1",NA,"Within Range","Within Range",1.257236306986,16237.053864696,0.00102773366705048,13.273055206674,NA,"3_AM",NA
"317","Varian GC","Max Wegner","20230816","2023","June","7","1002","EDT","G","Control","C6","35","196","1",NA,"Within Range","Within Range",1.09878549826322,16358.6193925505,0.000898207316442471,13.3724295128682,NA,"3_AM",NA
"318","Varian GC","Max Wegner","20230816","2023","June","7","1003","EDT","G","Control","C6","50","197","1",NA,"Within Range","Within Range",0.918371211103608,17491.7312713558,0.000750726818225436,14.2986970887504,NA,"3_AM",NA
"319","Varian GC","Max Wegner","20230816","2023","June","7","1005","EDT","G","Control","F4","10","198","1",NA,"Within Range","Within Range",1.74670811214946,5011.72774506466,0.00142785467090887,4.09686015673684,NA,"3_AM",NA
"320","Varian GC","Max Wegner","20230816","2023","June","7","1006","EDT","G","Control","F4","20","199","1",NA,"Within Range","Within Range",1.08937257893315,12535.1305108772,0.000890512681752887,10.2469007419809,NA,"3_AM",NA
"321","Varian GC","Max Wegner","20230816","2023","June","7","1008","EDT","G","Control","F4","35","200","1",NA,"Within Range","Within Range",1.19291469156388,9636.66996759293,0.000975153663338316,7.87754068898342,NA,"3_AM",NA
"322","Varian GC","Max Wegner","20230816","2023","June","7","1009","EDT","G","Control","F4","50","201","1",NA,"Within Range","Within Range",0.941903509428774,15006.5787472645,0.000769963404949397,12.2671975985018,NA,"3_AM",NA
"323","Varian GC","Max Wegner","20230816","2023","June","7","1010","EDT","G","Control","F4","ATM","202","1",NA,"Within Range","Within Range",2.20794115932271,446.722388381641,0.00180489177069851,0.365175294265602,NA,"3_AM",NA
"324","Varian GC","Max Wegner","20230816","2023","June","7","1011","EDT","G","Control","H3","10","203","1",NA,"Within Range","Within Range",1.43608177425726,5482.38691544175,0.00117393172615258,4.48160268478409,NA,"3_AM",NA
"325","Varian GC","Max Wegner","20230816","2023","June","7","1012","EDT","G","Control","H3","20","204","1",NA,"Within Range","Within Range",0.907389471885197,11920.6021767542,0.000741749744420921,9.74455169683701,NA,"3_AM",NA
"326","Varian GC","Max Wegner","20230816","2023","June","7","1013","EDT","G","Control","H3","35","205","1",NA,"Within Range","Within Range",0.838361396798043,17274.7233214805,0.000685322423363968,14.1213029307347,NA,"3_AM",NA
"327","Varian GC","Max Wegner","20230816","2023","June","7","1014","EDT","G","Control","H3","50","206","1",NA,"Within Range","Within Range",0.954454068535529,18855.703142864,0.000780222917868843,15.4136822394889,NA,"3_AM",NA
"328","Varian GC","Max Wegner","20230816","2023","June","7","1017","EDT","G","Control","H6","10","207","1",NA,"Within Range","Within Range",1.64630363929542,2586.57118886799,0.0013457785675533,2.11440464950875,NA,"3_AM",NA
"329","Varian GC","Max Wegner","20230816","2023","June","7","1019","EDT","G","Control","H6","20","208","1",NA,"Within Range","Within Range",0.839930216686387,9468.55418808171,0.000686604862478899,7.74011366304879,NA,"3_AM",NA
"330","Varian GC","Max Wegner","20230816","2023","June","7","1021","EDT","G","Control","H6","35","209","1",NA,"Within Range","Within Range",0.7661956819342,16365.5491078424,0.000626330224077154,13.3780942408664,NA,"3_AM",NA
"331","Varian GC","Max Wegner","20230816","2023","June","7","1023","EDT","G","Control","H6","50","210","1",NA,"Within Range","Within Range",0.880719533783342,16668.8164988134,0.000719948279467098,13.6260015802325,NA,"3_AM",NA
"332","Varian GC","Max Wegner","20230816","2023","June","7","812","EDT","W","Seawater","C3","10","211","1",NA,"Within Range","Within Range",3.60732849972593,6708.27423628879,0.147441373060836,274.185498864935,NA,"3_AM",NA
"333","Varian GC","Max Wegner","20230816","2023","June","7","816","EDT","G","Seawater","C3","20","212","1",NA,"Within Range","Within Range",4.17053483964157,18467.602147739,0.00340922310347686,15.0964272758124,NA,"3_AM",NA
"334","Varian GC","Max Wegner","20230816","2023","June","7","821","EDT","W","Seawater","C3","35","213","1",NA,"Within Range","Within Range",2.5923020319671,16004.9231779311,0.105954467692827,654.164944852307,NA,"3_AM",NA
"335","Varian GC","Max Wegner","20230816","2023","June","7","827","EDT","W","Seawater","C3","50","214","1",NA,"Within Range","Within Range",2.70839470370458,20472.4988061823,0.110699492418071,836.766968741325,NA,"3_AM",NA
"336","Varian GC","Max Wegner","20230816","2023","June","7","943","EDT","W","Seawater","C6","10","215","1",NA,"Within Range","Within Range",3.70302651291494,8145.42183270724,0.151352812361375,332.925648236725,NA,"3_AM",NA
"337","Varian GC","Max Wegner","20230816","2023","June","7","949","EDT","W","Seawater","C6","20","216","1",NA,"Within Range","Within Range",2.57661383308365,18491.5680287697,0.105313248135361,755.800914836787,NA,"3_AM",NA
"338","Varian GC","Max Wegner","20230816","2023","June","7","953","EDT","W","Seawater","C6","35","217","1",NA,"Within Range","Within Range",3.4190701131246,16116.566949243,0.139746738371252,658.728130860226,NA,"3_AM",NA
"339","Varian GC","Max Wegner","20230816","2023","June","7","1013","EDT","W","Seawater","C6","50","218","1",NA,"Within Range","Within Range",4.1219014231029,14312.8093404118,0.1684733745457,585.003628493665,NA,"3_AM",NA
"340","Varian GC","Max Wegner","20230816","2023","June","7","837","EDT","W","Seawater","F4","10","219","1",NA,"Within Range","Within Range",4.9910276412457,5663.32045191606,0.203996938029282,231.475382288433,NA,"3_AM",NA
"341","Varian GC","Max Wegner","20230816","2023","June","7","842","EDT","W","Seawater","F4","20","220","1",NA,"Within Range","Within Range",3.59007148095414,14608.8736691125,0.146736031547624,597.104586624115,NA,"3_AM",NA
"342","Varian GC","Max Wegner","20230816","2023","June","7","848","EDT","W","Seawater","F4","35","221","1",NA,"Within Range","Within Range",3.02058986148512,16349.672819823,0.123459761611631,668.255804768899,NA,"3_AM",NA
"343","Varian GC","Max Wegner","20230816","2023","June","7","854","EDT","W","Seawater","F4","50","222","1",NA,"Within Range","Within Range",2.94058004717956,19244.4690360446,0.120189541868558,786.574036358692,NA,"3_AM",NA
"344","Varian GC","Max Wegner","20230816","2023","June","7","857","EDT","G","Seawater","F4","ATM","223","1",NA,"Within Range","Within Range",2.50131047844312,527.522277664216,0.00204470788519055,0.431225539591978,NA,"3_AM",NA
"345","Varian GC","Max Wegner","20230816","2023","June","7","820","EDT","W","Freshwater","C3","10","232","1",NA,"Within Range","Within Range",2.32717147083689,8099.8984791588,0.0951178571716621,331.064984381458,NA,"3_AM",NA
"346","Varian GC","Max Wegner","20230816","2023","June","7","823","EDT","W","Freshwater","C3","20","233","1",NA,"Within Range","Within Range",2.46052116134616,10013.1647977674,0.100568223410118,409.265406956819,NA,"3_AM",NA
"347","Varian GC","Max Wegner","20230816","2023","June","7","825","EDT","W","Freshwater","C3","35","234","1",NA,"Within Range","Within Range",2.2393175570896,10876.4832088293,0.091527027649856,444.551589494762,NA,"3_AM",NA
"348","Varian GC","Max Wegner","20230816","2023","June","7","830","EDT","W","Freshwater","C3","50","235","1",NA,"Within Range","Within Range",2.29579507307,18495.2028048077,0.0938354180567313,755.949478065737,NA,"3_AM",NA
"349","Varian GC","Max Wegner","20230816","2023","June","7","840","EDT","W","Freshwater","C6","10","236","1",NA,"Within Range","Within Range",1.96320525674099,14415.1667022121,0.0802415634384655,589.187253569083,NA,"3_AM",NA
"350","Varian GC","Max Wegner","20230816","2023","June","7","850","EDT","W","Freshwater","C6","20","237","1",NA,"Within Range","Within Range",1.12388661647673,36005.669877812,0.0459363171140681,1471.65011591352,"water in vial","3_AM",NA
"351","Varian GC","Max Wegner","20230816","2023","June","7","840","EDT","W","Freshwater","C6","35","238","1",NA,"Within Range","Within Range",2.34599730949702,13032.8067055852,0.0958873206406205,532.686423111714,NA,"3_AM",NA
"352","Varian GC","Max Wegner","20230816","2023","June","7","852","EDT","W","Freshwater","C6","50","239","1",NA,"Within Range","Within Range",2.44012650279769,19874.659413258,0.0997346379854128,812.331639114615,"vented to ATM prior to evac","3_AM",NA
"353","Varian GC","Max Wegner","20230816","2023","June","7","856","EDT","W","Freshwater","F4","10","240","1",NA,"Within Range","Within Range",2.18440886099755,6802.64543366427,0.0892827591987272,278.042707577558,"water in vial","3_AM",NA
"354","Varian GC","Max Wegner","20230816","2023","June","7","906","EDT","W","Freshwater","F4","20","241","1",NA,"Within Range","Within Range",2.19539060021596,21304.0277024245,0.089731612888953,870.753826941518,"19 mL gas","3_AM",NA
"355","Varian GC","Max Wegner","20230816","2023","June","7","856","EDT","W","Freshwater","F4","35","242","1",NA,"Within Range","Within Range",2.46052116134616,10282.2121021373,0.100568223410118,420.262105476961,NA,"3_AM",NA
"356","Varian GC","Max Wegner","20230816","2023","June","7","906","EDT","W","Freshwater","F4","50","243","1",NA,"Within Range","Within Range",2.22362935820616,17062.317943702,0.0908858080923906,697.383558334403,NA,"3_AM",NA
"357","Varian GC","Max Wegner","20230816","2023","June","7","910","EDT","G","Freshwater","F4","ATM","244","1",NA,"Within Range","Within Range",2.28481333385159,520.784644032899,0.00186773128733011,0.425717829640652,NA,"3_AM",NA
"358","Varian GC","Max Wegner","20230816","2023","June","7","915","EDT","G","Freshwater","H3","10","245","1",NA,"Within Range","Within Range",2.16401420244907,8725.6044883741,0.00176898347548044,7.13278597526905,NA,"3_AM",NA
"359","Varian GC","Max Wegner","20230816","2023","June","7","910","EDT","G","Freshwater","H3","20","246","1",NA,"Within Range","Within Range",1.7341575530427,16961.6819290904,0.00141759515798942,13.8654057884458,NA,"3_AM",NA
"360","Varian GC","Max Wegner","20230816","2023","June","7","913","EDT","W","Freshwater","H3","35","247","1",NA,"Within Range","Within Range",2.34599730949702,15199.0445711275,0.0958873206406205,621.226484072673,NA,"3_AM",NA
"361","Varian GC","Max Wegner","20230816","2023","June","7","915","EDT","W","Freshwater","H3","50","248","1",NA,"Within Range","Within Range",2.17185830189079,16109.4747033153,0.0887697835527549,658.438251389103,NA,"3_AM",NA
"362","Varian GC","Max Wegner","20230816","2023","June","7","920","EDT","W","Freshwater","H6","10","249","1",NA,"Within Range","Within Range",2.10283022680364,5850.58529543208,0.0859484174999073,239.129408157195,NA,"3_AM",NA
"363","Varian GC","Max Wegner","20230816","2023","June","7","925","EDT","W","Freshwater","H6","20","250","1",NA,"Within Range","Within Range",2.28795097362828,10348.7019077095,0.0935148082779987,422.979725518734,NA,"3_AM",NA
"364","Varian GC","Max Wegner","20230816","2023","June","7","930","EDT","W","Freshwater","H6","35","251","1",NA,"Within Range","Within Range",2.49974165855478,8670.79472531408,0.102171272303781,354.399073975684,NA,"3_AM",NA
"365","Varian GC","Max Wegner","20230816","2023","June","7","932","EDT","W","Freshwater","H6","50","252","1",NA,"Within Range","Within Range",2.154601283119,19596.2961483519,0.088064442039543,800.954171830842,NA,"3_AM",NA
"366","Varian GC","Max Wegner","20230825","2023","June","5","1620","EDT","G","Control","H6","10","81","1",NA,"Within Range","Within Range",1.68081767683899,3007.0527193066,0.00137399222808178,2.45812923239218,NA,"1",NA
"367","Varian GC","Max Wegner","20230825","2023","June","5","1625","EDT","G","Control","H6","20","82","1",NA,"Within Range","Within Range",1.44392587369899,11836.7659196839,0.00118034392172723,9.67601935853914,NA,"1",NA
"368","Varian GC","Max Wegner","20230825","2023","June","6","1455","EDT","W","Freshwater","H3","35","184","1",NA,"Within Range","Within Range",2.25029929630801,14378.0653907028,0.0919758813400818,587.670821585774,NA,"2",NA
"369","Varian GC","Max Wegner","20230825","2023","June","6","1500","EDT","W","Freshwater","H3","50","185","1",NA,"Within Range","Within Range",2.21735407865278,16466.8278572412,0.0906293202694045,673.044251282503,NA,"2",NA
"370","Varian GC","Max Wegner","20230825","2023","June","6","1503","EDT","W","Freshwater","H6","10","186","1",NA,"Within Range","Within Range",2.26441867530311,3848.67329048335,0.0925529789418006,157.305794150587,NA,"2",NA
"371","Varian GC","Max Wegner","20230825","2023","June","7","903","EDT","W","Seawater","H3","10","224","1",NA,"Within Range","Within Range",2.98921346371823,3080.46485241448,0.122177322496701,125.907016103508,NA,"3_AM",NA
"372","Varian GC","Max Wegner","20230825","2023","June","7","908","EDT","G","Seawater","H3","20","225","1",NA,"Within Range","Within Range",1.85338786455688,26931.0008459505,0.00151506053072416,22.0148719082899,NA,"3_AM",NA
"373","Varian GC","Max Wegner","20230825","2023","June","7","910","EDT","W","Seawater","H3","35","226","1",NA,"Within Range","Within Range",2.72722054236471,17191.3672685615,0.111468955887029,702.658156877701,NA,"3_AM",NA
"374","Varian GC","Max Wegner","20230825","2023","June","7","915","EDT","W","Seawater","H3","50","227","1",NA,"Within Range","Within Range",3.16649011110115,15578.5609935775,0.129423103496059,636.73835731333,NA,"3_AM",NA
"375","Varian GC","Max Wegner","20230825","2023","June","7","922","EDT","W","Seawater","H6","10","228","1",NA,"Within Range","Within Range",7.61095685478087,12649.3008948009,0.311080604125999,517.011492668551,NA,"3_AM",NA
"376","Varian GC","Max Wegner","20230825","2023","June","7","927","EDT","W","Seawater","H6","20","229","1",NA,"Within Range","Within Range",2.79467979756352,24732.8626492459,0.11422619998413,1010.89968074905,NA,"3_AM",NA
"377","Varian GC","Max Wegner","20230825","2023","June","7","932","EDT","W","Seawater","H6","35","230","1",NA,"Within Range","Within Range",2.94999296650962,23622.1652226746,0.120574273603037,965.502441866798,NA,"3_AM",NA
"378","Varian GC","Max Wegner","20230825","2023","June","7","936","EDT","W","Seawater","H6","50","231","1",NA,"Within Range","Within Range",3.25591284473678,24759.6580408915,0.133078054973612,1011.99488162588,NA,"3_AM",NA
"379","Varian GC","Max Wegner","20230825","2023","June","8","1313","EDT","G","Control","C3","10","253","1",NA,"Within Range","Within Range",2.66446774683094,6288.30984878241,0.00217808155314335,5.14040813531066,NA,"3_PM",NA
"380","Varian GC","Max Wegner","20230825","2023","June","8","1315","EDT","G","Control","C3","20","254","1",NA,"Within Range","Within Range",1.85338786455688,10334.5395791226,0.00151506053072416,8.44801744899673,NA,"3_PM",NA
"381","Varian GC","Max Wegner","20230825","2023","June","8","1316","EDT","G","Control","C3","35","255","1",NA,"Within Range","Within Range",1.28233742519951,15882.9587112432,0.00104825269288937,12.983598476447,NA,"3_PM",NA
"382","Varian GC","Max Wegner","20230825","2023","June","8","1317","EDT","G","Control","C3","50","256","1",NA,"Within Range","Within Range",2.97666290461148,873.29142990819,0.00243328693701457,0.713876141403298,NA,"3_PM",NA
"383","Varian GC","Max Wegner","20230825","2023","June","8","1318","EDT","G","Control","C6","10","257","1",NA,"Within Range","Within Range",2.54523743531676,6449.88007632286,0.00208061618040862,5.27248446934082,NA,"3_PM",NA
"384","Varian GC","Max Wegner","20230825","2023","June","8","1320","EDT","G","Control","C6","20","258","1",NA,"Within Range","Within Range",1.9459482379692,19364.9928902785,0.00159072443850507,15.8300035124216,NA,"3_PM",NA
"385","Varian GC","Max Wegner","20230825","2023","June","8","1321","EDT","G","Control","C6","35","259","1",NA,"Within Range","Within Range",1.82201146678999,18998.6414493319,0.00148941174842554,15.5305278229739,NA,"3_PM",NA
"386","Varian GC","Max Wegner","20230825","2023","June","8","1322","EDT","G","Control","C6","50","260","1",NA,"Within Range","Within Range",1.63845953985369,19658.2941981698,0.00133936637197865,16.0697640308181,NA,"3_PM",NA
"387","Varian GC","Max Wegner","20230825","2023","June","8","1323","EDT","G","Control","F4","10","261","1",NA,"Within Range","Within Range",2.40718128514245,6860.04091138543,0.00196776153829471,5.60777235178346,NA,"3_PM",NA
"388","Varian GC","Max Wegner","20230825","2023","June","8","1324","EDT","G","Control","F4","20","262","1",NA,"Within Range","Within Range",1.74984575192615,14344.5249776697,0.00143041954913873,11.7259986650718,NA,"3_PM",NA
"389","Varian GC","Max Wegner","20230825","2023","June","8","1325","EDT","G","Control","F4","35","263","1",NA,"Within Range","Within Range",2.00399457383794,11232.8685666963,0.00163817468575751,9.18236065837328,NA,"3_PM",NA
"390","Varian GC","Max Wegner","20230825","2023","June","8","1326","EDT","G","Control","F4","50","264","1",NA,"Within Range","Within Range",1.64002835974204,17087.2811718163,0.00134064881109358,13.9680774736239,NA,"3_PM",NA
"391","Varian GC","Max Wegner","20230825","2023","June","8","1327","EDT","G","Control","F4","ATM","265","1",NA,"Within Range","Within Range",3.01902104159678,847.197875099188,0.0024679127931177,0.692545843653205,NA,"3_PM",NA
"392","Varian GC","Max Wegner","20230825","2023","June","8","1418","EDT","G","Control","H3","10","266","1",NA,"Within Range","Within Range",2.08557320803185,7123.65821496686,0.00170486151973391,5.82326754278475,NA,"3_PM",NA
"393","Varian GC","Max Wegner","20230825","2023","June","8","1420","EDT","G","Control","H3","20","267","1",NA,"Within Range","Within Range",1.57256910454323,13820.5040444429,0.00128550392915156,11.2976353157763,NA,"3_PM",NA
"394","Varian GC","Max Wegner","20230825","2023","June","8","1421","EDT","G","Control","H3","35","268","1",NA,"Within Range","Within Range",1.51452276867448,18949.4463809646,0.00123805368189912,15.4903130855113,NA,"3_PM",NA
"395","Varian GC","Max Wegner","20230825","2023","June","8","1421","EDT","G","Control","H3","50","269","1",NA,"Within Range","Within Range",1.64002835974204,20844.9673092416,0.00134064881109358,17.0398154851511,NA,"3_PM",NA
"396","Varian GC","Max Wegner","20230825","2023","June","8","1423","EDT","G","Control","H6","10","270","1",NA,"Within Range","Within Range",2.35070376916206,4214.14558844522,0.0019215937301572,3.4448729129373,NA,"3_PM",NA
"397","Varian GC","Max Wegner","20230825","2023","June","8","1424","EDT","G","Control","H6","20","271","1",NA,"Within Range","Within Range",1.37332897872349,11383.5270783667,0.00112263416155535,9.30551715951078,NA,"3_PM",NA
"398","Varian GC","Max Wegner","20230825","2023","June","8","1426","EDT","G","Control","H6","35","272","1",NA,"Within Range","Within Range",1.40156773671369,18649.2449088061,0.0011457180656241,15.2449119957392,NA,"3_PM",NA
"399","Varian GC","Max Wegner","20230825","2023","June","8","1428","EDT","G","Control","H6","50","273","1",NA,"Within Range","Within Range",1.37489779861183,18782.1801934135,0.00112391660067028,15.3535805624762,NA,"3_PM",NA
"400","Varian GC","Max Wegner","20230825","2023","June","8","1238","EDT","G","Seawater","C3","10","274","1",NA,"Within Range","Within Range",6.0013476493395,10175.2817192648,0.00490582955060104,8.31783137068451,NA,"3_PM",NA
"401","Varian GC","Max Wegner","20230825","2023","June","8","1239","EDT","G","Seawater","C3","20","275","1",NA,"Within Range","Within Range",2.99548874327161,7975.64380805671,0.00244867620639374,6.51972712877899,NA,"3_PM",NA
"402","Varian GC","Max Wegner","20230825","2023","June","8","1240","EDT","G","Seawater","C3","35","276","1",NA,"Within Range","Within Range",3.25434402484844,18957.6394025623,0.00266027866035731,15.4970105091253,NA,"3_PM",NA
"403","Varian GC","Max Wegner","20230825","2023","June","8","1243","EDT","G","Seawater","C3","50","277","1",NA,"Within Range","Within Range",3.20884824808645,22068.0029562052,0.00262308792602432,18.0395916635854,NA,"3_PM",NA
"404","Varian GC","Max Wegner","20230825","2023","June","8","1245","EDT","G","Seawater","C6","10","278","1",NA,"Within Range","Within Range",5.62012441647181,7852.9110147266,0.00459419684567287,6.41939863599239,NA,"3_PM",NA
"405","Varian GC","Max Wegner","20230825","2023","June","8","1247","EDT","G","Seawater","C6","20","279","1",NA,"Within Range","Within Range",3.71714589191004,21164.3030698926,0.00303859819926188,17.3008579880525,NA,"3_PM",NA
"406","Varian GC","Max Wegner","20230825","2023","June","8","1252","EDT","W","Seawater","C6","35","280","1",NA,"Within Range","Within Range",4.30702216992754,16799.9934974512,0.176039765323792,686.661641396262,NA,"3_PM",NA
"407","Varian GC","Max Wegner","20230825","2023","June","8","1256","EDT","W","Seawater","C6","50","281","1",NA,"Within Range","Within Range",5.66718901312214,15062.8586738033,0.23163350095604,615.660194311557,NA,"3_PM",NA
"408","Varian GC","Max Wegner","20230825","2023","June","8","1259","EDT","G","Seawater","F4","10","282","1",NA,"Within Range","Within Range",6.21941361381938,6554.80837727197,0.00508408858757641,5.35825859701482,"water in vial","3_PM",NA
"409","Varian GC","Max Wegner","20230825","2023","June","8","1302","EDT","G","Seawater","F4","20","283","1",NA,"Within Range","Within Range",5.54482106183128,10669.6999134997,0.00453263976815619,8.72199582329697,NA,"3_PM",NA
"410","Varian GC","Max Wegner","20230825","2023","June","8","1303","EDT","W","Seawater","F4","35","284","1",NA,"Within Range","Within Range",3.49907992743017,19713.362532696,0.143016958114325,805.738994851057,NA,"3_PM",NA
"411","Varian GC","Max Wegner","20230825","2023","June","8","1305","EDT","W","Seawater","F4","50","285","1",NA,"Within Range","Within Range",3.55398862352222,21959.6688996596,0.145261226565454,897.551674257875,NA,"3_PM",NA
"412","Varian GC","Max Wegner","20230825","2023","June","8","1331","EDT","G","Seawater","F4","ATM","286","1",NA,"Within Range","Within Range",2.99391992338326,721.716836472094,0.00244739376727881,0.589970784965402,NA,"3_PM",NA
"413","Varian GC","Max Wegner","20230825","2023","June","8","1357","EDT","G","Seawater","H3","10","287","1",NA,"Within Range","Within Range",3.43789595178473,3205.02242151974,0.00281032403680421,2.61996048630193,NA,"3_PM",NA
"414","Varian GC","Max Wegner","20230825","2023","June","8","1358","EDT","G","Seawater","H3","20","288","1",NA,"Within Range","Within Range",3.61987905883269,16388.790988768,0.00295908697413617,13.3970934245362,NA,"3_PM",NA
"415","Varian GC","Max Wegner","20230825","2023","June","8","1359","EDT","G","Seawater","H3","35","289","1",NA,"Within Range","Within Range",3.96501943426846,17541.5321357294,0.00324122357942094,14.3394070369761,NA,"3_PM",NA
"416","Varian GC","Max Wegner","20230825","2023","June","8","1401","EDT","G","Seawater","H3","50","290","1",NA,"Within Range","Within Range",3.44574005122646,15846.4188692032,0.00281673623237886,12.9537288126101,NA,"3_PM",NA
"417","Varian GC","Max Wegner","20230825","2023","June","8","1405","EDT","G","Seawater","H6","10","291","1",NA,"Within Range","Within Range",7.10109039106893,17698.1082400958,0.00580481937016749,14.467400901788,NA,"3_PM",NA
"418","Varian GC","Max Wegner","20230825","2023","June","8","1407","EDT","G","Seawater","H6","20","292","1",NA,"Within Range","Within Range",3.52261222575533,25135.5470750597,0.00287957574901047,20.5471698719074,NA,"3_PM",NA
"419","Varian GC","Max Wegner","20230825","2023","June","8","1408","EDT","G","Seawater","H6","35","293","1",NA,"Within Range","Within Range",3.60889731961427,24706.4588086775,0.00295010990033166,20.1964096726936,NA,"3_PM",NA
"420","Varian GC","Max Wegner","20230825","2023","June","8","1410","EDT","W","Seawater","H6","50","294","1",NA,"Within Range","Within Range",3.71400825213335,22215.5807735508,0.151801666051601,908.011491840876,NA,"3_PM",NA
"421","Varian GC","Max Wegner","20230825","2023","June","8","1201","EDT","G","Freshwater","C3","10","295","1",NA,"Within Range","Within Range",2.92489184829611,8426.38558778684,0.00239096644622185,6.8881880931982,NA,"3_PM",NA
"422","Varian GC","Max Wegner","20230825","2023","June","8","1203","EDT","G","Freshwater","C3","20","296","1",NA,"Within Range","Within Range",2.96254352561638,10704.6513879622,0.00242174498498019,8.75056706866947,NA,"3_PM",NA
"423","Varian GC","Max Wegner","20230825","2023","June","8","1209","EDT","W","Freshwater","C3","35","297","1",NA,"Within Range","Within Range",2.90292836985929,13676.4132480117,0.118650614930641,558.99238120051,NA,"3_PM",NA
"424","Varian GC","Max Wegner","20230825","2023","June","8","1212","EDT","W","Freshwater","C3","50","298","1",NA,"Within Range","Within Range",2.88724017097584,21115.3739607476,0.118009395373176,863.043033009661,NA,"3_PM",NA
"425","Varian GC","Max Wegner","20230825","2023","June","8","1214","EDT","G","Freshwater","C6","10","299","1",NA,"Within Range","Within Range",2.99391992338326,10114.0815471137,0.00244739376727881,8.2678030052933,NA,"3_PM",NA
"426","Varian GC","Max Wegner","20230825","2023","June","8","1216","EDT","G","Freshwater","C6","20","300","1",NA,"Within Range","Within Range",2.86057023287399,18781.5448463824,0.00233838644250969,15.3530611950905,NA,"3_PM",NA
"427","Varian GC","Max Wegner","20230825","2023","June","8","1218","EDT","G","Freshwater","C6","35","301","1",NA,"Within Range","Within Range",2.91704774885439,16043.7015100921,0.0023845542506472,13.1149984250445,NA,"3_PM",NA
"428","Varian GC","Max Wegner","20230825","2023","June","8","1220","EDT","G","Freshwater","C6","50","302","1",NA,"Within Range","Within Range",2.86684551242737,19807.2239748954,0.00234351619896942,16.1915073695339,NA,"3_PM",NA
"429","Varian GC","Max Wegner","20230825","2023","June","8","1224","EDT","G","Freshwater","F4","10","303","1",NA,"Within Range","Within Range",2.94999296650962,8131.99827973783,0.00241148547206075,6.64753981892139,NA,"3_PM",NA
"430","Varian GC","Max Wegner","20230825","2023","June","8","1225","EDT","G","Freshwater","F4","20","304","1",NA,"Within Range","Within Range",3.11942551445082,17349.6868833851,0.00254998889647327,14.1825822430989,NA,"3_PM",NA
"431","Varian GC","Max Wegner","20230825","2023","June","8","1228","EDT","W","Freshwater","F4","35","305","1",NA,"Within Range","Within Range",2.88253371131081,10255.0694859515,0.117817029505936,419.152712584353,NA,"3_PM",NA
"432","Varian GC","Max Wegner","20230825","2023","June","8","1232","EDT","W","Freshwater","F4","50","306","1",NA,"Within Range","Within Range",2.92646066818446,20250.0830187871,0.119612444266839,827.676227743812,NA,"3_PM",NA
"433","Varian GC","Max Wegner","20230825","2023","June","8","1235","EDT","G","Freshwater","F4","ATM","307","1",NA,"Within Range","Within Range",2.95313060628631,687.563239676506,0.00241405035029061,0.562051768402922,NA,"3_PM",NA
"434","Varian GC","Max Wegner","20230825","2023","June","8","1333","EDT","G","Freshwater","H3","10","308","1",NA,"Within Range","Within Range",2.92175420851942,5349.60677371407,0.00238840156799199,4.37306094031569,NA,"3_PM",NA
"435","Varian GC","Max Wegner","20230825","2023","June","8","1334","EDT","W","Freshwater","H3","20","309","1",NA,"Within Range","Within Range",2.68015594571438,18211.6533350669,0.109545297214633,744.360036418705,NA,"3_PM",NA
"436","Varian GC","Max Wegner","20230825","2023","June","8","1338","EDT","W","Freshwater","H3","35","310","1",NA,"Within Range","Within Range",2.84801967376723,15899.1009584849,0.116406346479512,649.839701576934,NA,"3_PM",NA
"437","Varian GC","Max Wegner","20230825","2023","June","8","1344","EDT","W","Freshwater","H3","50","311","1",NA,"Within Range","Within Range",2.84174439421386,18293.8790612912,0.116149858656526,747.720826537031,NA,"3_PM",NA
"438","Varian GC","Max Wegner","20230825","2023","June","8","1347","EDT","G","Freshwater","H6","10","312","1",NA,"Within Range","Within Range",2.97666290461148,5225.35210261197,0.00243328693701457,4.27148838146552,NA,"3_PM",NA
"439","Varian GC","Max Wegner","20230825","2023","June","8","1348","EDT","G","Freshwater","H6","20","313","1",NA,"Within Range","Within Range",2.97352526483479,11217.420768535,0.00243072205878471,9.16973278391251,NA,"3_PM",NA
"440","Varian GC","Max Wegner","20230825","2023","June","8","1351","EDT","G","Freshwater","H6","35","314","1",NA,"Within Range","Within Range",2.93744240740287,8546.1263398662,0.0024012259591413,6.98607072794721,NA,"3_PM",NA
"441","Varian GC","Max Wegner","20230825","2023","June","8","1353","EDT","G","Freshwater","H6","50","315","1",NA,"Within Range","Within Range",2.93273594773783,20628.3582981997,0.00239737864179651,16.8627474415404,NA,"3_PM",NA
"442","Varian GC","Max Wegner","20231116","2023","June","8","1313","EDT","G","Control","C3","10","316","1",NA,"Within Range","Within Range",1.74357047237277,4200.71464771964,0.00142528979267901,3.43389372796854,NA,"4",NA
"443","Varian GC","Max Wegner","20231116","2023","June","8","1315","EDT","G","Control","C3","20","317","1",NA,"Within Range","Within Range",1.21644698988905,7938.47600674184,0.000994390250062277,6.48934413671197,NA,"4",NA
"444","Varian GC","Max Wegner","20231116","2023","June","8","1316","EDT","G","Control","C3","35","318","1",NA,"Within Range","Within Range",0.957591708312218,11844.722533084,0.000782787796098705,9.68252352917245,NA,"4",NA
"445","Varian GC","Max Wegner","20231116","2023","June","8","1317","EDT","G","Control","C3","50","319","1",NA,"Within Range","Within Range",0.750507483050756,18920.7744992506,0.000613505832927847,15.4668751224399,NA,"4",NA
"446","Varian GC","Max Wegner","20231116","2023","June","8","1318","EDT","G","Control","C6","10","320","1",NA,"Within Range","Within Range",1.75612103147952,5096.87902273413,0.00143554930559845,4.16646746474012,NA,"4",NA
"447","Varian GC","Max Wegner","20231116","2023","June","8","1320","EDT","G","Control","C6","20","321","1",NA,"Within Range","Within Range",1.16781357335037,17768.6982503449,0.000954634637499424,14.5251050340083,NA,"4",NA
"448","Varian GC","Max Wegner","20231116","2023","June","8","1321","EDT","G","Control","C6","35","322","1",NA,"Within Range","Within Range",0.962298167977252,18401.1566687039,0.000786635113443497,15.0421111099108,NA,"4",NA
"449","Varian GC","Max Wegner","20231116","2023","June","8","1322","EDT","G","Control","C6","50","323","1",NA,"Within Range","Within Range",0.948178788982152,17671.3941137681,0.00077509316140912,14.4455633149634,NA,"4",NA
"450","Varian GC","Max Wegner","20231116","2023","June","8","1323","EDT","G","Control","F4","10","324","1",NA,"Within Range","Within Range",1.74357047237277,4751.16897253955,0.00142528979267901,3.88386517617398,NA,"4",NA
"451","Varian GC","Max Wegner","20231116","2023","June","8","1324","EDT","G","Control","F4","20","325","1",NA,"Within Range","Within Range",1.20703407055898,10816.5241797155,0.000986695615372692,8.84201800265295,NA,"4",NA
"452","Varian GC","Max Wegner","20231116","2023","June","8","1325","EDT","G","Control","F4","35","326","1",NA,"Within Range","Within Range",1.20546525067064,8707.20158774295,0.000985413176257762,7.11774243854893,NA,"4",NA
"453","Varian GC","Max Wegner","20231116","2023","June","8","1320","EDT","G","Control","F4","50","327","1",NA,"Within Range","Within Range",0.894838912778442,14345.2859165557,0.000731490231501475,11.7266206981036,NA,"4",NA
"454","Varian GC","Max Wegner","20231116","2023","June","8","1327","EDT","G","Control","F4","ATM","328","1",NA,"Within Range","Within Range",2.15930774278404,670.778257647612,0.00176513615813565,0.548330806769794,NA,"4",NA
"455","Varian GC","Max Wegner","20231116","2023","June","8","1418","EDT","G","Control","H3","10","329","1",NA,"Within Range","Within Range",1.39215481738362,4958.05569645554,0.00113802343093452,4.05298569095133,NA,"4",NA
"456","Varian GC","Max Wegner","20231116","2023","June","8","1420","EDT","G","Control","H3","20","330","1",NA,"Within Range","Within Range",0.921508850880297,11228.4950150408,0.000753291696455298,9.17878547822944,NA,"4",NA
"457","Varian GC","Max Wegner","20231116","2023","June","8","1421","EDT","G","Control","H3","35","331","1",NA,"Within Range","Within Range",0.802278539366121,15786.9326564846,0.000655826323720561,12.9051015313293,NA,"4",NA
"458","Varian GC","Max Wegner","20231116","2023","June","8","1421","EDT","G","Control","H3","50","332","1",NA,"Within Range","Within Range",0.730112824502279,17178.0397564223,0.000596834124433747,14.0422685007643,NA,"4",NA
"459","Varian GC","Max Wegner","20231116","2023","June","8","1423","EDT","G","Control","H6","10","333","1",NA,"Within Range","Within Range",1.4831463709076,2639.40842102937,0.0012124048996005,2.15759669070599,NA,"4",NA
"460","Varian GC","Max Wegner","20231116","2023","June","8","1424","EDT","G","Control","H6","20","334","1",NA,"Within Range","Within Range",0.761489222269167,9423.27463048704,0.000622482906732362,7.70309967807985,NA,"4",NA
"461","Varian GC","Max Wegner","20231116","2023","June","8","1426","EDT","G","Control","H6","35","335","1",NA,"Within Range","Within Range",0.759920402380822,16624.2387780553,0.000621200467617431,13.5895613150502,NA,"4",NA
"462","Varian GC","Max Wegner","20231116","2023","June","8","1428","EDT","G","Control","H6","50","336","1",NA,"Within Range","Within Range",0.810122638807844,16078.7859641657,0.000662238519295215,13.1436783752187,NA,"4",NA
"463","Varian GC","Max Wegner","20231116","2023","June","8","1238","EDT","G","Seawater","C3","10","337","1",NA,"Within Range","Within Range",1.95849879707595,14386.7755552328,0.00160098395142452,11.7605365962249,NA,"4",NA
"464","Varian GC","Max Wegner","20231116","2023","June","8","1239","EDT","G","Seawater","C3","20","338","1",NA,"Within Range","Within Range",3.43005185234301,26641.4229671712,0.00280391184122955,21.7781551243402,NA,"4",NA
"465","Varian GC","Max Wegner","20231116","2023","June","8","1240","EDT","G","Seawater","C3","35","339","1",NA,"Within Range","Within Range",1.8753513429937,36808.9923209791,0.00153301467833319,30.0896819860086,NA,"4",NA
"466","Varian GC","Max Wegner","20231116","2023","June","8","1243","EDT","G","Seawater","C3","50","340","1",NA,"Within Range","Within Range",2.06988500914841,24561.3632774066,0.0016920371285846,20.0778006557594,NA,"4",NA
"467","Varian GC","Max Wegner","20231116","2023","June","8","1245","EDT","G","Seawater","C6","10","341","1",NA,"Within Range","Within Range",2.35384140893874,10404.7380382945,0.00192415860838706,8.50540150596767,NA,"4",NA
"468","Varian GC","Max Wegner","20231116","2023","June","8","1247","EDT","G","Seawater","C6","20","342","1",NA,"Within Range","Within Range",2.45424588179279,20547.2481231578,0.00200623471174263,16.7964435516768,NA,"4",NA
"469","Varian GC","Max Wegner","20231116","2023","June","8","1252","EDT","W","Seawater","C6","35","343","1",NA,"Within Range","Within Range",3.04412215981029,18044.8673516671,0.12442159094783,737.543037522809,NA,"4",NA
"470","Varian GC","Max Wegner","20231116","2023","June","8","1256","EDT","W","Seawater","C6","50","344","1",NA,"Within Range","Within Range",3.97286353371018,15560.7860522212,0.162381788749779,636.011846888829,NA,"4",NA
"471","Varian GC","Max Wegner","20231116","2023","June","8","1259","EDT","G","Seawater","F4","10","345","1",NA,"Within Range","Within Range",2.42914476357928,18358.3372339154,0.00198571568590374,15.0071081637728,NA,"4",NA
"472","Varian GC","Max Wegner","20231116","2023","June","8","1302","EDT","G","Seawater","F4","20","346","1",NA,"Within Range","Within Range",2.61583433029226,34564.6141583771,0.0021383259405805,28.2550046174965,NA,"4",NA
"473","Varian GC","Max Wegner","20231116","2023","June","8","1303","EDT","W","Seawater","F4","35","347","1",NA,"Within Range","Within Range",2.31148327195345,25156.1367515185,0.0944766376141967,1028.20004993497,NA,"4",NA
"474","Varian GC","Max Wegner","20231116","2023","June","8","1305","EDT","W","Seawater","F4","50","348","1",NA,"Within Range","Within Range",2.55151271487014,20445.3488022404,0.104287296843417,835.657273890934,NA,"4",NA
"475","Varian GC","Max Wegner","20231116","2023","June","8","1331","EDT","G","Seawater","F4","ATM","349","1",NA,"Within Range","Within Range",2.05890326993,561.306486651069,0.00168306005478009,0.458842598372039,NA,"4",NA
"476","Varian GC","Max Wegner","20231116","2023","June","8","1357","EDT","G","Seawater","H3","10","350","1",NA,"Within Range","Within Range",1.94908587774589,5892.85064850748,0.00159328931673493,4.81713817260831,NA,"4",NA
"477","Varian GC","Max Wegner","20231116","2023","June","8","1358","EDT","G","Seawater","H3","20","351","1",NA,"Within Range","Within Range",1.2713556859811,35879.1619410766,0.00103927561908485,29.3295878169474,NA,"4",NA
"478","Varian GC","Max Wegner","20231116","2023","June","8","1359","EDT","G","Seawater","H3","35","352","1",NA,"Within Range","Within Range",1.53805506699965,32076.8094298191,0.00125729026862308,26.2213370703701,NA,"4",NA
"479","Varian GC","Max Wegner","20231116","2023","June","8","1401","EDT","G","Seawater","H3","50","353","1",NA,"Within Range","Within Range",2.13577544445887,16565.8311777382,0.00174589957141169,13.5418157504941,NA,"4",NA
"480","Varian GC","Max Wegner","20231116","2023","June","8","1405","EDT","G","Seawater","H6","10","354","1",NA,"Within Range","Within Range",2.69898178437452,38999.7427615091,0.00220629521367183,31.8805211236692,NA,"4",NA
"481","Varian GC","Max Wegner","20231116","2023","June","8","1407","EDT","G","Seawater","H6","20","355","1",NA,"Within Range","Needs Dilution",3.07236091780049,51536.2330715119,0.00251151572302534,42.1285334397702,NA,"4",NA
"482","Varian GC","Max Wegner","20231116","2023","June","8","1408","EDT","G","Seawater","H6","35","356","1",NA,"Within Range","Within Range",2.81193681633531,39947.1264500827,0.00229863082994684,32.654964326551,NA,"4",NA
"483","Varian GC","Max Wegner","20231116","2023","June","8","1410","EDT","W","Seawater","H6","50","357","1",NA,"Within Range","Within Range",2.44797060223941,24984.711257241,0.100055247764145,1021.19342155172,NA,"4",NA
"484","Varian GC","Max Wegner","20231116","2023","June","8","1201",NA,"G","Freshwater","C3","10","358","1",NA,"Within Range","Within Range",1.06270264083129,24144.1840739781,0.000868711216799064,19.7367755754508,NA,"4",NA
"485","Varian GC","Max Wegner","20231116","2023","June","8","1203",NA,"G","Freshwater","C3","20","359","1",NA,"Within Range","Within Range",1.85025022478019,15515.8832701914,0.0015124956524943,12.6835309497457,NA,"4",NA
"486","Varian GC","Max Wegner","20231116","2023","June","8","1209",NA,"W","Freshwater","C3","35","360","1",NA,"Within Range","Within Range",2.05576563015331,11205.3048484085,0.0840247588275112,457.991428432458,NA,"4",NA
"487","Varian GC","Max Wegner","20231116","2023","June","8","1212",NA,"W","Freshwater","C3","50","361","1",NA,"Within Range","Within Range",1.99458165450787,16716.6374445321,0.0815240025533962,683.254651737226,NA,"4",NA
"488","Varian GC","Max Wegner","20231116","2023","June","8","1214",NA,"G","Freshwater","C6","10","362","1",NA,"Within Range","Within Range",1.59296376309171,28221.4276047396,0.00130217563764565,23.0697372645488,NA,"4",NA
"489","Varian GC","Max Wegner","20231116","2023","June","8","1216",NA,"G","Freshwater","C6","20","363","1",NA,"Within Range","Within Range",1.23841046832587,44443.7359601004,0.00101234439767131,36.3307386860295,NA,"4",NA
"490","Varian GC","Max Wegner","20231116","2023","June","8","1218",NA,"G","Freshwater","C6","35","364","1",NA,"Within Range","Within Range",1.38274189805355,20233.9555470578,0.00113032879624494,16.5403410780958,NA,"4",NA
"491","Varian GC","Max Wegner","20231116","2023","June","8","1220",NA,"G","Freshwater","C6","50","365","1",NA,"Within Range","Within Range",0.985830466302418,32131.7891112711,0.000805871700167458,26.2662804667054,NA,"4",NA
"492","Varian GC","Max Wegner","20231116","2023","June","8","1224",NA,"G","Freshwater","F4","10","366","1",NA,"Within Range","Within Range",1.79691034857648,9388.25666621901,0.00146889272258665,7.67447408030651,NA,"4",NA
"493","Varian GC","Max Wegner","20231116","2023","June","8","1225",NA,"G","Freshwater","F4","20","367","1",NA,"Within Range","Within Range",1.635321900077,30908.140280545,0.00133680149374879,25.2660030383522,NA,"4",NA
"494","Varian GC","Max Wegner","20231116","2023","June","8","1228",NA,"W","Freshwater","F4","35","368","1",NA,"Within Range","Within Range",2.05105917048827,11964.3081422837,0.0838323929602716,489.013967082642,NA,"4",NA
"495","Varian GC","Max Wegner","20231116","2023","June","8","1232",NA,"W","Freshwater","F4","50","369","1",NA,"Within Range","Within Range",2.07616028870178,18392.069728609,0.0848583442522162,751.734147423165,NA,"4",NA
"496","Varian GC","Max Wegner","20231116","2023","June","8","1235",NA,"G","Freshwater","F4","ATM","370","1",NA,"Within Range","Within Range",2.14361954390059,563.41938491703,0.00175231176698634,0.460569796887476,NA,"4",NA
"497","Varian GC","Max Wegner","20231116","2023","June","8","1333",NA,"G","Freshwater","H3","10","371","1",NA,"Within Range","Within Range",1.97732463573609,14080.7451434525,0.00161637322080369,11.5103706126463,NA,"4",NA
"498","Varian GC","Max Wegner","20231116","2023","June","8","1334",NA,"W","Freshwater","H3","20","372","1",NA,"Within Range","Within Range",1.66512947795555,27148.7254081748,0.0680583918466234,1109.64259322017,NA,"4",NA
"499","Varian GC","Max Wegner","20231116","2023","June","8","1338",NA,"W","Freshwater","H3","35","373","1",NA,"Within Range","Within Range",1.14271245513686,27562.7795907414,0.0467057805830266,1126.56611909364,NA,"4",NA
"500","Varian GC","Max Wegner","20231116","2023","June","8","1344",NA,"W","Freshwater","H3","50","374","1",NA,"Within Range","Within Range",2.08871084780854,16253.7206426261,0.0853713198981885,664.333977090838,NA,"4",NA
"501","Varian GC","Max Wegner","20231116","2023","June","8","1347",NA,"G","Freshwater","H6","10","375","1",NA,"Within Range","Within Range",1.44392587369899,21029.5060707292,0.00118034392172723,17.1906675540921,NA,"4",NA
"502","Varian GC","Max Wegner","20231116","2023","June","8","1348",NA,"G","Freshwater","H6","20","376","1",NA,"Within Range","Within Range",1.05172090161288,35595.2061447462,0.000859734142994549,29.0974668304461,NA,"4",NA
"503","Varian GC","Max Wegner","20231116","2023","June","8","1351",NA,"G","Freshwater","H6","35","377","1",NA,"Within Range","Within Range",1.88476426232377,10170.7973512668,0.00154070931302277,8.31416560320594,NA,"4",NA
"504","Varian GC","Max Wegner","20231116","2023","June","8","1353",NA,"G","Freshwater","H6","50","378","1",NA,"Within Range","Within Range",1.62434016085859,16702.4529526767,0.00132782441994427,13.6534978558996,NA,"4",NA
"505","Varian GC","Max Wegner","20231116","2023","June","9","1225",NA,"G","Control","C3","10","379","1",NA,"Within Range","Within Range",1.71690053427091,3506.25817954269,0.00140348832772518,2.86620705786479,NA,"5",NA
"506","Varian GC","Max Wegner","20231116","2023","June","9","1226",NA,"G","Control","C3","20","380","1",NA,"Within Range","Within Range",1.08937257893315,6669.92439398598,0.000890512681752887,5.45236072032794,NA,"5",NA
"507","Varian GC","Max Wegner","20231116","2023","June","9","1228",NA,"G","Control","C3","35","381","1",NA,"Within Range","Within Range",0.984261646414073,9838.34832340577,0.000804589261052527,8.04240359902866,NA,"5",NA
"508","Varian GC","Max Wegner","20231116","2023","June","9","1229",NA,"G","Control","C3","50","382","1",NA,"Within Range","Within Range",0.792865620036055,17307.8278568993,0.000648131689030977,14.1483643871952,NA,"5",NA
"509","Varian GC","Max Wegner","20231116","2023","June","9","1238",NA,"G","Control","C6","10","383","1",NA,"Within Range","Within Range",1.68081767683899,4378.05034693688,0.00137399222808178,3.57885762015235,NA,"5",NA
"510","Varian GC","Max Wegner","20231116","2023","June","9","1239",NA,"G","Control","C6","20","384","1",NA,"Within Range","Within Range",1.30743854341302,13887.6956868517,0.00106877171872826,11.3525614363983,NA,"5",NA
"511","Varian GC","Max Wegner","20231116","2023","June","9","1240",NA,"G","Control","C6","35","385","1",NA,"Within Range","Within Range",0.94033468954043,13919.2709567423,0.000768680965834466,11.3783727876395,NA,"5",NA
"512","Varian GC","Max Wegner","20231116","2023","June","9","1241",NA,"G","Control","C6","50","386","1",NA,"Within Range","Within Range",0.998381025409173,14807.4270040634,0.000816131213086904,12.1044000796883,NA,"5",NA
"513","Varian GC","Max Wegner","20231116","2023","June","9","1242",NA,"G","Control","F4","10","387","1",NA,"Within Range","Within Range",1.57413792443157,4093.94679548303,0.00128678636826649,3.34661585053809,NA,"5",NA
"514","Varian GC","Max Wegner","20231116","2023","June","9","1243",NA,"G","Control","F4","20","388","1",NA,"Within Range","Within Range",1.14585009491355,10227.5427064446,0.000936680489890394,8.36055235774118,NA,"5",NA
"515","Varian GC","Max Wegner","20231116","2023","June","9","1244",NA,"G","Control","F4","35","389","1",NA,"Within Range","Within Range",1.04858326183619,8557.41483130112,0.000857169264764687,6.99529855777794,NA,"5",NA
"516","Varian GC","Max Wegner","20231116","2023","June","9","1245",NA,"G","Control","F4","50","390","1",NA,"Within Range","Within Range",1.01406922429262,13239.5530621338,0.000828955604236211,10.8227342330543,NA,"5",NA
"517","Varian GC","Max Wegner","20231116","2023","June","9","1247",NA,"G","Control","F4","ATM","391","1",NA,"Within Range","Within Range",2.00085693406125,551.458607670209,0.00163560980752765,0.450792403892742,NA,"5",NA
"518","Varian GC","Max Wegner","20231116","2023","June","9","1248",NA,"G","Control","H3","10","392","1",NA,"Within Range","Within Range",1.38117307816521,4317.89184840638,0.00112904635713,3.52968077570756,NA,"5",NA
"519","Varian GC","Max Wegner","20231117","2023","June","9","1249","EDT","G","Control","H3","20","393","1",NA,"Within Range","Within Range",1.00308748507421,9382.38340006013,0.000819978530431696,7.66967295156604,NA,"5",NA
"520","Varian GC","Max Wegner","20231117","2023","June","9","1251","EDT","G","Control","H3","35","394","1",NA,"Within Range","Within Range",0.935628229875397,13354.3218543076,0.000764833648489674,10.916552516052,NA,"5",NA
"521","Varian GC","Max Wegner","20231117","2023","June","9","1252","EDT","G","Control","H3","50","395","1",NA,"Within Range","Within Range",0.700305246623735,16199.6644306959,0.000572467781250063,13.2424910399375,NA,"5",NA
"522","Varian GC","Max Wegner","20231117","2023","June","9","1253","EDT","G","Control","H6","10","396","1",NA,"Within Range","Within Range",1.56943146476654,2194.48080540872,0.00128293905092169,1.79388854178206,NA,"5",NA
"523","Varian GC","Max Wegner","20231117","2023","June","9","1255","EDT","G","Control","H6","20","397","1",NA,"Within Range","Within Range",0.918371211103608,7765.45475713063,0.000750726818225436,6.34790711142682,NA,"5",NA
"524","Varian GC","Max Wegner","20231117","2023","June","9","1256","EDT","G","Control","H6","35","398","1",NA,"Within Range","Within Range",0.806984999031155,13401.7807999738,0.000659673641065353,10.9553480519372,NA,"5",NA
"525","Varian GC","Max Wegner","20231117","2023","June","9","1257","EDT","G","Control","H6","50","399","1",NA,"Within Range","Within Range",0.763058042157511,13835.7745364559,0.000623765345847293,11.3101182505015,NA,"5",NA
"526","Varian GC","Max Wegner","20231117","2023","June","9","1127","EDT","G","Seawater","C3","10","400","1",NA,"Within Range","Within Range",1.78749742924641,7051.67191880069,0.00146119808789707,5.76442201014689,NA,"5",NA
"527","Varian GC","Max Wegner","20231117","2023","June","9","1129","EDT","G","Seawater","C3","20","401","1",NA,"Within Range","Within Range",2.13263780468218,27956.9902602228,0.00174333469318183,22.8535717272705,NA,"5",NA
"528","Varian GC","Max Wegner","20231117","2023","June","9","1131","EDT","G","Seawater","C3","35","402","1",NA,"Within Range","Within Range",1.33881494117991,29033.7483349276,0.00109442050102687,23.7337726238668,NA,"5",NA
"529","Varian GC","Max Wegner","20231117","2023","June","9","1135","EDT","G","Seawater","C3","50","403","1",NA,"Within Range","Within Range",1.56943146476654,36219.3163986278,0.00128293905092169,29.6076486604659,NA,"5",NA
"530","Varian GC","Max Wegner","20231117","2023","June","9","1136","EDT","G","Seawater","C6","10","404","1",NA,"Within Range","Within Range",1.82044264690164,15047.5290797408,0.00148812930931061,12.3006726382607,NA,"5",NA
"531","Varian GC","Max Wegner","20231117","2023","June","9","1138","EDT","G","Seawater","C6","20","405","1",NA,"Within Range","Within Range",1.48628401068428,41328.9545282651,0.00121496977783036,33.7845461164917,NA,"5",NA
"532","Varian GC","Max Wegner","20231117","2023","June","9","1140","EDT","G","Seawater","C6","35","406","1",NA,"Within Range","Within Range",2.1969594201043,16193.8650420988,0.00179591469689399,13.2377503027536,NA,"5",NA
"533","Varian GC","Max Wegner","20231117","2023","June","9","1142","EDT","W","Seawater","C6","50","407","1",NA,"Within Range","Within Range",3.29513334194539,15629.8320214298,0.134681103867275,638.833944323319,NA,"5",NA
"534","Varian GC","Max Wegner","20231117","2023","June","9","1144","EDT","G","Seawater","F4","10","408","1",NA,"Within Range","Within Range",1.54589916644137,15040.5993644489,0.00126370246419773,12.2950079102626,NA,"5",NA
"535","Varian GC","Max Wegner","20231117","2023","June","9","1146","EDT","G","Seawater","F4","20","409","1",NA,"Within Range","Within Range",1.34979668039832,37134.8884091132,0.00110339757483139,30.3560872591258,NA,"5",NA
"536","Varian GC","Max Wegner","20231117","2023","June","9","1148","EDT","G","Seawater","F4","35","410","1",NA,"Within Range","Within Range",2.36482314815716,19346.2501528633,0.00193313568219158,15.8146821745416,NA,"5",NA
"537","Varian GC","Max Wegner","20231117","2023","June","9","1150","EDT","W","Seawater","F4","50","411","1",NA,"Within Range","Within Range",2.36168550838047,22032.3496449062,0.0965285401980859,900.522334921315,NA,"5",NA
"538","Varian GC","Max Wegner","20231117","2023","June","9","1157","EDT","G","Seawater","F4","ATM","412","1",NA,"Within Range","Within Range",1.91927829986734,771.126149768415,0.00156892297355125,0.630360657941794,NA,"5",NA
"539","Varian GC","Max Wegner","20231117","2023","June","9","1159","EDT","G","Seawater","H3","10","413","1",NA,"Within Range","Within Range",1.73101991326601,4712.08774237544,0.00141503027975956,3.85191804279403,NA,"5",NA
"540","Varian GC","Max Wegner","20231117","2023","June","9","1202","EDT","G","Seawater","H3","20","414","1",NA,"Within Range","Within Range",1.21330935011236,28493.0310727459,0.000991825371832415,23.2917607828059,NA,"5",NA
"541","Varian GC","Max Wegner","20231117","2023","June","9","1203","EDT","G","Seawater","H3","35","415","1",NA,"Within Range","Within Range",1.22272226944242,26233.3602548623,0.000999520006522,21.4445823621017,NA,"5",NA
"542","Varian GC","Max Wegner","20231117","2023","June","9","1205","EDT","G","Seawater","H3","50","416","1",NA,"Within Range","Within Range",1.53648624711131,21212.404750346,0.00125600782950815,17.3401789304791,NA,"5",NA
"543","Varian GC","Max Wegner","20231117","2023","June","9","1211","EDT","G","Seawater","H6","10","417","1",NA,"Within Range","Within Range",1.37803543838852,34438.1948747158,0.00112648147890014,28.1516625860414,NA,"5",NA
"544","Varian GC","Max Wegner","20231117","2023","June","9","1213","EDT","G","Seawater","H6","20","418","1",NA,"Within Range","Within Range",1.16310711368534,47797.3931000882,0.000950787320154632,39.0722013143021,NA,"5",NA
"545","Varian GC","Max Wegner","20231117","2023","June","9","1215","EDT","G","Seawater","H6","35","419","1",NA,"Within Range","Needs Dilution",1.90672774076059,56637.9145877491,0.0015586634606318,46.2989267251627,NA,"5",NA
"546","Varian GC","Max Wegner","20231117","2023","June","9","1219","EDT","G","Seawater","H6","50","420","1",NA,"Within Range","Within Range",1.88005780265873,28561.0575316024,0.00153686199567798,23.3473693280163,NA,"5",NA
"547","Varian GC","Max Wegner","20231117","2023","June","9","1027","EDT","G","Freshwater","C3","10","421","1",NA,"Within Range","Within Range",0.910527111661886,18943.8981760774,0.000744314622650782,15.4857776796193,NA,"5",NA
"548","Varian GC","Max Wegner","20231117","2023","June","9","1029","EDT","G","Freshwater","C3","20","422","1",NA,"Within Range","Within Range",1.18977705178719,24616.0696118802,0.000972588785108454,20.1225206033357,NA,"5",NA
"549","Varian GC","Max Wegner","20231117","2023","June","9","1030","EDT","G","Freshwater","C3","35","423","1",NA,"Within Range","Within Range",1.48471519079594,17741.6664505017,0.00121368733871543,14.5030077634909,NA,"5",NA
"550","Varian GC","Max Wegner","20231117","2023","June","9","1032","EDT","G","Freshwater","C3","50","424","1",NA,"Within Range","Within Range",1.27292450586944,25125.4332368565,0.00104055805819978,20.5389022678248,NA,"5",NA
"551","Varian GC","Max Wegner","20231117","2023","June","9","1035","EDT","G","Freshwater","C6","10","425","1",NA,"Within Range","Within Range",1.17722649268044,27167.7932068617,0.000962329272189008,22.2084389251319,NA,"5",NA
"552","Varian GC","Max Wegner","20231117","2023","June","9","1037","EDT","G","Freshwater","C6","20","426","1",NA,"Within Range","Within Range",0.692461147182013,37438.6655552602,0.000566055585675409,30.6044113002317,NA,"5",NA
"553","Varian GC","Max Wegner","20231117","2023","June","9","1039","EDT","G","Freshwater","C6","35","427","1",NA,"Within Range","Within Range",0.921508850880297,32173.7072398063,0.000753291696455298,26.3005466358543,NA,"5",NA
"554","Varian GC","Max Wegner","20231117","2023","June","9","1041","EDT","G","Freshwater","C6","50","428","1",NA,"Within Range","Within Range",0.847774316128109,31989.2054170996,0.000693017058053553,26.1497247626916,NA,"5",NA
"555","Varian GC","Max Wegner","20231117","2023","June","9","1044","EDT","G","Freshwater","F4","10","429","1",NA,"Within Range","Within Range",1.56001854543647,7804.27741582862,0.00127524441623211,6.37964287435907,NA,"5",NA
"556","Varian GC","Max Wegner","20231117","2023","June","9","1047","EDT","G","Freshwater","F4","20","430","1",NA,"Within Range","Within Range",1.07525319993805,35238.2888684347,0.00087897072971851,28.8057031427613,NA,"5",NA
"557","Varian GC","Max Wegner","20231117","2023","June","9","1049","EDT","G","Freshwater","F4","35","431","1",NA,"Within Range","Within Range",1.58982612331502,12237.773324846,0.00129961075941579,10.0038247271334,NA,"5",NA
"558","Varian GC","Max Wegner","20231117","2023","June","9","1053","EDT","W","Freshwater","F4","50","432","1",NA,"Within Range","Within Range",1.92555357942072,18142.0976106822,0.0787026365005486,741.517103897228,NA,"5",NA
"559","Varian GC","Max Wegner","20231117","2023","June","9","1051","EDT","G","Freshwater","F4","ATM","433","1",NA,"Within Range","Within Range",2.10283022680364,547.439668311178,0.00171896834999815,0.447507103220022,NA,"5",NA
"560","Varian GC","Max Wegner","20231117","2023","June","9","1059","EDT","G","Freshwater","H3","10","434","1",NA,"Within Range","Within Range",1.69023059616906,12286.7172095033,0.00138168686277136,10.043834133304,NA,"5",NA
"561","Varian GC","Max Wegner","20231117","2023","June","9","1108","EDT","G","Freshwater","H3","20","435","1",NA,"Within Range","Within Range",1.12388661647673,29927.8219749446,0.000918726342281363,24.4646372795899,NA,"5",NA
"562","Varian GC","Max Wegner","20231117","2023","June","9","1110","EDT","G","Freshwater","H3","35","436","1",NA,"Within Range","Needs Dilution",1.39372363727196,224917.84265342,0.00113930587004945,183.860136659142,NA,"5","CO2 unusually high, not real value"
"563","Varian GC","Max Wegner","20231117","2023","June","9","1112","EDT","G","Freshwater","H3","50","437","1",NA,"Within Range","Within Range",1.57100028465488,20346.5597266724,0.00128422149003662,16.6323898884885,NA,"5",NA
"564","Varian GC","Max Wegner","20231117","2023","June","9","1115","EDT","G","Freshwater","H6","10","438","1",NA,"Within Range","Within Range",1.36234723950508,13993.3923144429,0.00111365708775084,11.4389636362598,NA,"5",NA
"565","Varian GC","Max Wegner","20231117","2023","June","9","1117","EDT","G","Freshwater","H6","20","439","1",NA,"Within Range","Within Range",0.88699481333672,24953.5644772085,0.000725078035926821,20.3984073508208,NA,"5",NA
"566","Varian GC","Max Wegner","20231117","2023","June","9","1119","EDT","G","Freshwater","H6","35","440","1",NA,"Within Range","Within Range",1.61178960175184,13213.5038338619,0.00131756490702482,10.8014401702381,NA,"5",NA
"567","Varian GC","Max Wegner","20231117","2023","June","9","1121","EDT","G","Freshwater","H6","50","441","1",NA,"Within Range","Within Range",1.94908587774589,13642.00107975,0.00159328931673493,11.151717237,NA,"5",NA
"568","Varian GC","Max Wegner","20231205","2023","July","12","1151","EDT","G","Control","C3","10","1","1",NA,"Within Range","Within Range",2.46987437726288,6798.45016772451,153.98219309619,423843.526666117,NA,NA,NA
"569","Varian GC","Max Wegner","20231205","2023","July","12","1153","EDT","G","Control","C3","20","2","1",NA,"Within Range","Within Range",0.499826525005917,11090.5751096174,31.1612546761793,691432.363442481,NA,NA,NA
"570","Varian GC","Max Wegner","20231205","2023","July","12","1154","EDT","G","Control","C3","35","3","1",NA,"Within Range","Within Range",0.277323181428667,17086.7519067227,17.2894751514131,1065258.84705254,NA,NA,NA
"571","Varian GC","Max Wegner","20231205","2023","July","12","1155","EDT","G","Control","C3","50","4","1",NA,"Within Range","Within Range",0.1441459976817,20515.4178117756,8.98665820958227,1279016.07305334,NA,NA,NA
"572","Varian GC","Max Wegner","20231205","2023","July","12","1156","EDT","G","Control","C6","10","5","1",NA,"Within Range","Within Range",1.08775506788887,6794.19015990043,67.8151538584083,423577.940143418,NA,NA,NA
"573","Varian GC","Max Wegner","20231205","2023","July","12","1158","EDT","G","Control","C6","20","6","1",NA,"Within Range","Needs Dilution",1.32974775542909,53218.3006201516,82.9019797649058,3317849.16584487,NA,NA,NA
"574","Varian GC","Max Wegner","20231205","2023","July","12","1159","EDT","G","Control","C6","35","7","1",NA,"Within Range","Within Range",0.706088748614024,25740.8185854032,44.0204955495027,1604789.18861616,NA,NA,NA
"575","Varian GC","Max Wegner","20231205","2023","July","12","1200","EDT","G","Control","C6","50","8","1",NA,"Within Range","Within Range",0.431613821135519,29856.675262379,26.9085923401196,1861388.73206852,NA,NA,NA
"576","Varian GC","Max Wegner","20231205","2023","July","12","1144","EDT","G","Control","F4","10","9","1",NA,"Within Range","Within Range",3.00258311225075,5288.29131568167,187.193460863513,329693.972299356,NA,NA,NA
"577","Varian GC","Max Wegner","20231205","2023","July","12","1145","EDT","G","Control","F4","20","10","1",NA,"Within Range","Within Range",1.04065581997836,13119.9676604014,64.8787917692242,817953.096034998,NA,NA,NA
"578","Varian GC","Max Wegner","20231205","2023","July","12","1146","EDT","W","Control","F4","35","11","1",NA,"Within Range","Within Range",1.8104849065157,7263.73072815769,0.0739994654057362,296.888523511271,NA,NA,NA
"579","Varian GC","Max Wegner","20231205","2023","July","12","1150","EDT","G","Control","F4","50","12","1",NA,"Within Range","Within Range",0.793790796447393,16349.1092774322,49.4882042672938,1019271.15195962,NA,NA,NA
"580","Varian GC","Max Wegner","20231205","2023","July","12","1151","EDT","G","Control","F4","ATM","13","1",NA,"Within Range","Within Range",1.80561257052496,586.154542315091,112.56936225218,36543.3006430855,NA,NA,NA
"581","Varian GC","Max Wegner","20231205","2023","July","12","1102","EDT","G","Control","H3","10","14","1",NA,"Within Range","Within Range",1.09262740387961,6050.08791090283,68.1189154538411,377187.525617383,NA,NA,NA
"582","Varian GC","Max Wegner","20231205","2023","July","12","1103","EDT","G","Control","H3","20","15","1",NA,"Within Range","Within Range",0.618386700780655,12253.0908721862,38.5527868317117,763908.408490411,NA,NA,NA
"583","Varian GC","Max Wegner","20231205","2023","July","12","1109","EDT","G","Control","H3","35","16","1",NA,"Within Range","Within Range",0.993556572067843,13794.7542918954,61.9424296800401,860022.088023401,NA,NA,NA
"584","Varian GC","Max Wegner","20231205","2023","July","12","1116","EDT","W","Control","H3","50","17","1",NA,"Within Range","Within Range",1.81860546650027,13633.8972317537,0.0743313748823028,557.25463543806,NA,NA,NA
"585","Varian GC","Max Wegner","20231205","2023","July","12","1122","EDT","G","Control","H6","10","18","1",NA,"Within Range","Within Range",1.16896066773458,3363.86062434105,72.8778471156222,209716.996529991,NA,NA,NA
"586","Varian GC","Max Wegner","20231205","2023","July","12","1123","EDT","G","Control","H6","20","19","1",NA,"Within Range","Within Range",0.579408012854714,11642.0024949376,36.122694068249,725810.629360198,NA,NA,NA
"587","Varian GC","Max Wegner","20231205","2023","July","12","1124","EDT","G","Control","H6","35","20","1",NA,"Within Range","Within Range",0.379642237234263,25641.891737044,23.6684686555027,1598621.67936683,NA,NA,NA
"588","Varian GC","Max Wegner","20231205","2023","July","12","1124","EDT","G","Control","H6","50","21","1",NA,"Within Range","Within Range",0.442982605113918,23274.7125854769,27.6173693961296,1451041.9317629,NA,NA,NA
"589","Varian GC","Max Wegner","20231205","2023","July","12","1205","EDT","G","Seawater","C3","10","22","1",NA,"Within Range","Within Range",1.33786831541366,5950.20047254404,83.4082490906272,370960.129210975,NA,NA,NA
"590","Varian GC","Max Wegner","20231205","2023","July","12","1206","EDT","G","Seawater","C3","20","23","1",NA,"Within Range","Within Range",1.0455281559691,26226.4525165514,65.182553364657,1635065.61823887,NA,NA,NA
"591","Varian GC","Max Wegner","20231205","2023","July","12","1207","EDT","G","Seawater","C3","35","24","1",NA,"Within Range","Within Range",1.01629414002464,25824.32726819,63.35998379206,1609995.46559788,NA,NA,NA
"592","Varian GC","Max Wegner","20231205","2023","July","12","1208","EDT","G","Seawater","C3","50","25","1",NA,"Within Range","Within Range",0.87337228429619,43672.9874026153,54.4496436593635,2722754.82559946,NA,NA,NA
"593","Varian GC","Max Wegner","20231205","2023","July","12","1210","EDT","G","Seawater","C6","10","26","1",NA,"Within Range","Within Range",1.29239317950006,15451.0063534347,80.5731408665874,963279.697845054,NA,NA,NA
"594","Varian GC","Max Wegner","20231205","2023","July","12","1212","EDT","G","Seawater","C6","20","27","1",NA,"Within Range","Within Range",0.732074540564652,36770.5844312988,45.6405573918112,2292430.4508291,NA,NA,NA
"595","Varian GC","Max Wegner","20231205","2023","July","12","1214","EDT","G","Seawater","C6","35","28","1",NA,"Within Range","Within Range",1.85758415442622,24270.5242183416,115.809485936796,1513124.95126818,NA,NA,NA
"596","Varian GC","Max Wegner","20231205","2023","July","12","1217","EDT","W","Seawater","C6","50","29","1",NA,"Within Range","Within Range",1.68705239475022,9603.66531988245,0.0689544413619228,392.528044309739,NA,NA,NA
"597","Varian GC","Max Wegner","20231205","2023","July","12","1220","EDT","G","Seawater","F4","10","30","1",NA,"Within Range","Within Range",1.14459898778087,12606.2608345562,71.359039138458,785926.4859449,NA,NA,NA
"598","Varian GC","Max Wegner","20231205","2023","July","12","1222","EDT","G","Seawater","F4","20","31","1",NA,"Within Range","Within Range",0.392635133209577,36609.9361950701,24.4784995766569,2282414.97475499,NA,NA,NA
"599","Varian GC","Max Wegner","20231205","2023","July","12","1223","EDT","G","Seawater","F4","35","32","1",NA,"Within Range","Within Range",1.02766292400304,22766.8041036146,64.06876084807,1419376.81443981,NA,NA,NA
"600","Varian GC","Max Wegner","20231205","2023","July","12","1225","EDT","G","Seawater","F4","50","33","1",NA,"Within Range","Within Range",1.20144290767286,31394.3292629597,74.9029244185078,1957252.44781544,NA,NA,NA
"601","Varian GC","Max Wegner","20231205","2023","July","12","1226","EDT","G","Seawater","F4","ATM","34","1",NA,"Within Range","Within Range",1.72927930666999,1718.60662221687,107.810430590398,107145.051260403,NA,NA,NA
"602","Varian GC","Max Wegner","20231205","2023","July","12","1227","EDT","G","Seawater","H3","10","35","1",NA,"Within Range","Within Range",1.13160609180555,5291.90396937562,70.5490082173038,329919.200085762,NA,NA,NA
"603","Varian GC","Max Wegner","20231205","2023","July","12","1228","EDT","G","Seawater","H3","20","36","1",NA,"Within Range","Within Range",0.571287452870143,23840.5418599932,35.6164247425276,1486318.0710719,NA,NA,NA
"604","Varian GC","Max Wegner","20231205","2023","July","12","1229","EDT","G","Seawater","H3","35","37","1",NA,"Within Range","Within Range",0.559918668891743,31051.5169666717,34.9076476865177,1935880.11014163,NA,NA,NA
"605","Varian GC","Max Wegner","20231205","2023","July","12","1230","EDT","G","Seawater","H3","50","38","1",NA,"Within Range","Within Range",0.576159788860885,27971.3851331215,35.9201863379604,1743851.94096767,NA,NA,NA
"606","Varian GC","Max Wegner","20231205","2023","July","12","1231","EDT","G","Seawater","H6","10","39","1",NA,"Within Range","Within Range",0.743443324543051,28149.5467348492,46.3493344478212,1754959.27274621,NA,NA,NA
"607","Varian GC","Max Wegner","20231205","2023","July","12","1232","EDT","G","Seawater","H6","20","40","1",NA,"Within Range","Within Range",0.53555698893803,44920.8703807961,33.3888397093535,2800553.01625911,NA,NA,NA
"608","Varian GC","Max Wegner","20231205","2023","July","12","1233","EDT","G","Seawater","H6","35","41","1",NA,"Within Range","Needs Dilution",0.519315868968887,59634.6311301027,32.3763010579107,3717869.77120341,NA,NA,NA
"609","Varian GC","Max Wegner","20231205","2023","July","12","1235","EDT","G","Seawater","H6","50","42","1",NA,"Within Range","Needs Dilution",0.805159580425792,53125.5271164272,50.1969813233038,3312065.28157277,NA,NA,NA
"610","Varian GC","Max Wegner","20231205","2023","July","12","1243","EDT","G","Freshwater","C3","10","43","1",NA,"Within Range","Within Range",0.840890044357905,17124.2636422848,52.4245663564779,1067597.48393297,NA,NA,NA
"611","Varian GC","Max Wegner","20231205","2023","July","12","1244","EDT","G","Freshwater","C3","20","44","1",NA,"Within Range","Within Range",0.423493261150948,29153.6974026374,26.4023230143982,1817562.18220932,NA,NA,NA
"612","Varian GC","Max Wegner","20231205","2023","July","12","1245","EDT","G","Freshwater","C3","35","45","1",NA,"Within Range","Within Range",0.626507260765227,29168.2454685726,39.0590561574331,1818469.16886363,NA,NA,NA
"613","Varian GC","Max Wegner","20231205","2023","July","12","1247","EDT","G","Freshwater","C3","50","46","1",NA,"Within Range","Within Range",0.392635133209577,40095.8128914729,24.4784995766569,2499738.95832125,NA,NA,NA
"614","Varian GC","Max Wegner","20231205","2023","July","12","1238","EDT","G","Freshwater","C6","10","47","1",NA,"Within Range","Within Range",0.736946876555394,37416.8387554874,45.944318987244,2332720.6206663,NA,NA,NA
"615","Varian GC","Max Wegner","20231205","2023","July","12","1239","EDT","G","Freshwater","C6","20","48","1",NA,"Within Range","Within Range",0.356904669277464,40305.1519034033,22.2509145434828,2512790.01891542,NA,NA,NA
"616","Varian GC","Max Wegner","20231205","2023","July","12","1241","EDT","G","Freshwater","C6","35","49","1",NA,"Within Range","Within Range",0.39750746920032,41772.0702838723,24.7822611720898,2604243.78328381,NA,NA,NA
"617","Varian GC","Max Wegner","20231205","2023","July","12","1242","EDT","G","Freshwater","C6","50","50","1",NA,"Within Range","Needs Dilution",0.246465053487296,55510.0108095803,15.3656517136718,3460723.86593393,NA,NA,NA
"618","Varian GC","Max Wegner","20231205","2023","July","12","1248","EDT","G","Freshwater","F4","10","51","1",NA,"Within Range","Within Range",1.11211674784258,8744.66815398241,69.3339618355725,545178.812592419,NA,NA,NA
"619","Varian GC","Max Wegner","20231205","2023","July","12","1250","EDT","G","Freshwater","F4","20","52","1",NA,"Within Range","Within Range",0.602145580811513,28444.7262965943,37.5402481802689,1773361.98856573,NA,NA,NA
"620","Varian GC","Max Wegner","20231205","2023","July","12","1251","EDT","G","Freshwater","F4","35","53","1",NA,"Within Range","Within Range",0.92696798019436,19856.9820926653,57.7910212091247,1237966.46463,NA,NA,NA
"621","Varian GC","Max Wegner","20231205","2023","July","12","1253","EDT","G","Freshwater","F4","50","54","1",NA,"Within Range","Within Range",0.654117164712769,35831.8930994218,40.7803718648858,2233908.5473455,NA,NA,NA
"622","Varian GC","Max Wegner","20231205","2023","July","12","1554","EDT","G","Freshwater","F4","ATM","55","1",NA,"Within Range","Within Range",1.88032172238301,944.092650697347,117.227040048816,58858.6440584381,NA,NA,NA
"623","Varian GC","Max Wegner","20231205","2023","July","12","1555","EDT","G","Freshwater","H3","10","56","1",NA,"Within Range","Within Range",1.39308812330874,14624.1471877369,86.8508805055327,911729.874547187,NA,NA,NA
"624","Varian GC","Max Wegner","20231205","2023","July","12","1557","EDT","G","Freshwater","H3","20","57","1",NA,"Within Range","Within Range",0.65086894071894,36152.8206496331,40.5778641345973,2253916.49935368,NA,NA,NA
"625","Varian GC","Max Wegner","20231205","2023","July","12","1559","EDT","G","Freshwater","H3","35","58","1",NA,"Within Range","Within Range",0.660613612700426,32373.7203754697,41.1853873254629,2018311.74410659,NA,NA,NA
"626","Varian GC","Max Wegner","20231205","2023","July","12","1300","EDT","G","Freshwater","H3","50","59","1",NA,"Within Range","Within Range",0.870124060302361,29311.4777904617,54.2471359290749,1827398.864742,NA,NA,NA
"627","Varian GC","Max Wegner","20231205","2023","July","12","1301","EDT","G","Freshwater","H6","10","60","1",NA,"Within Range","Within Range",1.24204570759572,17096.3160419356,77.4342710471148,1065855.11483389,NA,NA,NA
"628","Varian GC","Max Wegner","20231205","2023","July","12","1303","EDT","G","Freshwater","H6","20","61","1",NA,"Within Range","Within Range",0.60864202879917,30533.9538592342,37.945263640846,1903613.0834934,NA,NA,NA
"629","Varian GC","Max Wegner","20231205","2023","July","12","1304","EDT","G","Freshwater","H6","35","62","1",NA,"Within Range","Within Range",0.948081436154245,23257.9231428762,59.1073214560003,1449995.20840874,NA,NA,NA
"630","Varian GC","Max Wegner","20231205","2023","July","12","1305","EDT","G","Freshwater","H6","50","63","1",NA,"Within Range","Within Range",0.748315660533794,43111.4738222999,46.653096043254,2687747.74453241,NA,NA,NA
"631","Varian GC","Max Wegner","20231211","2023","August","14","949","EDT","G","Control","C3","10","1","1",NA,"Within Range","Within Range",0.727584089789943,6210.85922132455,45.3606041016174,387210.674646169,NA,NA,NA
"632","Varian GC","Max Wegner","20231211","2023","August","14","950","EDT","G","Control","C3","20","2","1",NA,"Within Range","Within Range",0.778427641198364,11688.6417062892,48.5304015709704,728718.310865908,NA,NA,NA
"633","Varian GC","Max Wegner","20231211","2023","August","14","951","EDT","G","Control","C3","35","3","1",NA,"Within Range","Within Range",0.657455053364533,14556.793646929,40.9884696611305,907530.775993078,NA,NA,NA
"634","Varian GC","Max Wegner","20231211","2023","August","14","952","EDT","G","Control","C3","50","4","1",NA,"Within Range","Within Range",0.487392140032916,26999.7507589724,30.3860436429499,1683276.23185613,NA,NA,NA
"635","Varian GC","Max Wegner","20231211","2023","August","14","955","EDT","G","Control","C6","10","5","1",NA,"Within Range","Within Range",1.79705189527743,9538.09834796695,112.035654319042,594644.535409411,NA,NA,NA
"636","Varian GC","Max Wegner","20231211","2023","August","14","956","EDT","G","Control","C6","20","6","1",NA,"Within Range","Within Range",1.17640992291256,29941.9985622871,73.3422645207333,1866708.13979346,NA,NA,NA
"637","Varian GC","Max Wegner","20231211","2023","August","14","956","EDT","G","Control","C6","35","7","1",NA,"Within Range","Within Range",0.85732280717695,24045.2946650701,53.4490528165181,1499083.20854552,NA,NA,NA
"638","Varian GC","Max Wegner","20231211","2023","August","14","957","EDT","G","Control","C6","50","8","1",NA,"Within Range","Within Range",0.678493764292156,25913.4190937839,42.3001099932766,1615549.81881446,NA,NA,NA
"639","Varian GC","Max Wegner","20231211","2023","August","14","939","EDT","G","Control","F4","10","9","1",NA,"Within Range","Within Range",1.52530187912897,6450.15451528149,95.0936333621555,402129.333870417,NA,NA,NA
"640","Varian GC","Max Wegner","20231211","2023","August","14","940","EDT","G","Control","F4","20","10","1",NA,"Within Range","Within Range",0.901153454942831,17310.1862339968,56.1816368418224,1079188.66795491,NA,NA,NA
"641","Varian GC","Max Wegner","20231211","2023","August","14","941","EDT","G","Control","F4","35","11","1",NA,"Within Range","Within Range",1.40082283947387,13376.1303619239,87.3330947302913,833923.339272067,NA,NA,NA
"642","Varian GC","Max Wegner","20231211","2023","August","14","942","EDT","G","Control","F4","50","12","1",NA,"Within Range","Within Range",1.46569219816738,20804.2885892406,91.3773190877416,1297025.47314468,NA,NA,NA
"643","Varian GC","Max Wegner","20231211","2023","August","14","943","EDT","G","Control","F4","ATM","13","1",NA,"Within Range","Within Range",2.65788581739933,986.151685039456,165.703604576018,61480.7783690434,NA,NA,NA
"644","Varian GC","Max Wegner","20231211","2023","August","14","934","EDT","G","Control","H3","10","14","1",NA,"Within Range","Within Range",1.27985025164004,8079.18984714209,79.7911628204514,503690.14009614,NA,NA,NA
"645","Varian GC","Max Wegner","20231211","2023","August","14","935","EDT","G","Control","H3","20","15","1",NA,"Within Range","Within Range",0.696026023398508,15338.0744728176,43.3931436033983,956239.056908829,NA,NA,NA
"646","Varian GC","Max Wegner","20231211","2023","August","14","936","EDT","G","Control","H3","35","16","1",NA,"Within Range","Within Range",0.554014724637055,23196.1749920668,34.5395713614124,1446145.5730715,NA,NA,NA
"647","Varian GC","Max Wegner","20231211","2023","August","14","937","EDT","G","Control","H3","50","17","1",NA,"Within Range","Within Range",0.82050506305361,24258.4384780829,51.1536822352625,1512371.47618971,"a little water in exetainer",NA,NA
"648","Varian GC","Max Wegner","20231211","2023","August","14","944","EDT","G","Control","H6","10","18","1",NA,"Within Range","Within Range",1.35874541761863,3682.71208418281,84.7098140659992,229595.51647025,NA,NA,NA
"649","Varian GC","Max Wegner","20231211","2023","August","14","945","EDT","G","Control","H6","20","19","1",NA,"Within Range","Within Range",0.63290989061564,13298.5575894661,39.4582226069601,829087.131512847,NA,NA,NA
"650","Varian GC","Max Wegner","20231211","2023","August","14","946","EDT","G","Control","H6","35","20","1",NA,"Within Range","Within Range",0.452327621820211,24333.9777204837,28.1999764227064,1517080.90526706,NA,NA,NA
"651","Varian GC","Max Wegner","20231211","2023","August","14","947","EDT","G","Control","H6","50","21","1",NA,"Within Range","Within Range",0.469859880926563,24096.3959955609,29.2930100328281,1502269.07702998,NA,NA,NA
"652","Varian GC","Max Wegner","20231211","2023","August","14","1059","EDT","G","Seawater","C3","10","22","1",NA,"Within Range","Within Range",1.81809060620506,4691.75538671156,113.347294651188,292503.45303688,NA,NA,NA
"653","Varian GC","Max Wegner","20231211","2023","August","14","1100","EDT","G","Seawater","C3","20","23","1",NA,"Within Range","Within Range",1.70763737383504,15684.8268987779,106.461182907421,977857.038577173,NA,NA,NA
"654","Varian GC","Max Wegner","20231211","2023","August","14","1101","EDT","G","Seawater","C3","35","24","1",NA,"Within Range","Within Range",1.57088575280549,17618.4437937712,97.9355207484719,1098406.72030993,NA,NA,NA
"655","Varian GC","Max Wegner","20231211","2023","August","14","1102","EDT","G","Seawater","C3","50","25","1",NA,"Within Range","Within Range",1.19218895610828,46032.2695878624,74.3259947698429,2869842.24363232,NA,NA,NA
"656","Varian GC","Max Wegner","20231211","2023","August","14","1123","EDT","G","Seawater","C6","10","26","1",NA,"Within Range","Within Range",1.31316154394211,31672.7032867577,81.8679266796827,1974607.43683028,NA,NA,NA
"657","Varian GC","Max Wegner","20231211","2023","August","14","1124","EDT","G","Seawater","C6","20","27","1",NA,"Within Range","Within Range",1.17640992291256,39435.8180436545,73.3422645207333,2458592.14736,NA,NA,NA
"658","Varian GC","Max Wegner","20231211","2023","August","14","1125","EDT","G","Seawater","C6","35","28","1",NA,"Within Range","Within Range",1.56036639734168,32107.885829222,97.2797005823989,2001738.5180313,NA,NA,NA
"659","Varian GC","Max Wegner","20231211","2023","August","14","1125","EDT","G","Seawater","C6","50","29","1",NA,"Within Range","Within Range",2.22133256565116,28787.8778216987,138.487067683988,1794755.47516825,NA,NA,NA
"660","Varian GC","Max Wegner","20231211","2023","August","14","1104","EDT","G","Seawater","F4","10","30","1",NA,"Within Range","Within Range",1.66906640380106,16372.7573186537,104.056508965154,1020745.468744,NA,NA,NA
"661","Varian GC","Max Wegner","20231211","2023","August","14","1105","EDT","G","Seawater","F4","20","31","1",NA,"Within Range","Within Range",0.911672810406642,38142.4858170942,56.8374570078954,2377960.46241236,NA,NA,NA
"662","Varian GC","Max Wegner","20231211","2023","August","14","1105","EDT","G","Seawater","F4","35","32","1",NA,"Within Range","Within Range",1.32368089940592,28597.9560687085,82.5237468457557,1782914.96687709,NA,NA,NA
"663","Varian GC","Max Wegner","20231211","2023","August","14","1106","EDT","G","Seawater","F4","50","33","1",NA,"Within Range","Needs Dilution",1.32017444758465,54792.6175304178,82.3051401237314,3415998.59915323,NA,NA,NA
"664","Varian GC","Max Wegner","20231211","2023","August","14","1107","EDT","G","Seawater","F4","ATM","34","1",NA,"Within Range","Within Range",2.323019668468,1377.45690588706,144.826662622694,85876.3657036823,NA,NA,NA
"665","Varian GC","Max Wegner","20231211","2023","August","14","1108","EDT","G","Seawater","H3","10","35","1",NA,"Within Range","Within Range",1.6112099487501,5570.41101725748,100.449498051752,347282.482372661,NA,NA,NA
"666","Varian GC","Max Wegner","20231211","2023","August","14","1109","EDT","G","Seawater","H3","20","36","1",NA,"Within Range","Within Range",0.988814750474592,21385.6008860178,61.6468048924309,1333266.88815573,NA,NA,NA
"667","Varian GC","Max Wegner","20231211","2023","August","14","1110","EDT","G","Seawater","H3","35","37","1",NA,"Within Range","Within Range",0.999334105938404,30664.7194107273,62.302625058504,1911765.54929721,NA,NA,NA
"668","Varian GC","Max Wegner","20231211","2023","August","14","1111","EDT","G","Seawater","H3","50","38","1",NA,"Within Range","Within Range",0.887127647657749,40339.4164135022,55.307209953725,2514926.21031809,NA,NA,NA
"669","Varian GC","Max Wegner","20231211","2023","August","14","1112","EDT","G","Seawater","H6","10","39","1",NA,"Within Range","Within Range",0.771414737555823,45985.1571047913,48.0931881269217,2866905.05640843,NA,NA,NA
"670","Varian GC","Max Wegner","20231211","2023","August","14","1114","EDT","G","Seawater","H6","20","40","1",NA,"Within Range","Needs Dilution",0.517196980513715,60203.3290747229,32.2442007801568,3753324.75528198,NA,NA,NA
"671","Varian GC","Max Wegner","20231211","2023","August","14","1116","EDT","G","Seawater","H6","35","41","1",NA,"Within Range","Needs Dilution",0.944984102708712,57493.8706912314,58.9142208671267,3584405.90344335,NA,NA,NA
"672","Varian GC","Max Wegner","20231211","2023","August","14","1119","EDT","G","Seawater","H6","50","42","1",NA,"Within Range","Needs Dilution",1.09576153102334,55893.7669460923,68.3143099141734,3484648.81210052,NA,NA,NA
"673","Varian GC","Max Wegner","20231211","2023","August","14","1233","EDT","G","Freshwater","C3","10","43","1",NA,"Within Range","Within Range",1.45517284270356,14119.677117837,90.7214989216686,880279.122059662,NA,NA,NA
"674","Varian GC","Max Wegner","20231211","2023","August","14","1234","EDT","G","Freshwater","C3","20","44","1",NA,"Within Range","Within Range",0.959009909993794,29277.283092189,59.788647755224,1825267.02569757,NA,NA,NA
"675","Varian GC","Max Wegner","20231211","2023","August","14","1235","EDT","G","Freshwater","C3","35","45","1",NA,"Within Range","Within Range",1.07822927191699,29646.0986082443,67.2212763040517,1848260.51173593,NA,NA,NA
"676","Varian GC","Max Wegner","20231211","2023","August","14","1237","EDT","G","Freshwater","C3","50","46","1",NA,"Within Range","Within Range",0.781934093019635,49977.3178986355,48.7490082929947,3115792.8864486,NA,NA,NA
"677","Varian GC","Max Wegner","20231211","2023","August","14","1227","EDT","G","Freshwater","C6","10","47","1",NA,"Within Range","Within Range",1.38855025809943,35246.5470391707,86.5679712032061,2197415.65082112,NA,NA,NA
"678","Varian GC","Max Wegner","20231211","2023","August","14","1227","EDT","G","Freshwater","C6","20","48","1",NA,"Within Range","Within Range",0.876608292193937,35978.1059220898,54.651389787652,2243024.05998066,NA,NA,NA
"679","Varian GC","Max Wegner","20231211","2023","August","14","1228","EDT","G","Freshwater","C6","35","49","1",NA,"Within Range","Within Range",0.769661511645188,47967.1521064577,47.9838847659095,2990470.82957966,NA,NA,NA
"680","Varian GC","Max Wegner","20231211","2023","August","14","1229","EDT","G","Freshwater","C6","50","50","1",NA,"Within Range","Needs Dilution",0.727584089789943,70255.9355968504,45.3606041016174,4380045.86015277,NA,NA,NA
"681","Varian GC","Max Wegner","20231211","2023","August","14","1237","EDT","G","Freshwater","F4","10","51","1",NA,"Within Range","Within Range",1.67432608153297,9629.9271615594,104.38441904819,600369.523787993,NA,NA,NA
"682","Varian GC","Max Wegner","20231211","2023","August","14","1238","EDT","G","Freshwater","F4","20","52","1",NA,"Within Range","Within Range",0.890634099479019,33284.6526999917,55.5258166757493,2075103.03615908,NA,NA,NA
"683","Varian GC","Max Wegner","20231211","2023","August","14","1239","EDT","G","Freshwater","F4","35","53","1",NA,"Within Range","Within Range",1.06245023872127,29907.4712127861,66.2375460549422,1864555.5618944,NA,NA,NA
"684","Varian GC","Max Wegner","20231211","2023","August","14","1240","EDT","G","Freshwater","F4","50","54","1",NA,"Within Range","Within Range",0.859076033087585,48307.0786972613,53.5583561775302,3011663.26042776,NA,NA,NA
"685","Varian GC","Max Wegner","20231211","2023","August","14","1240","EDT","G","Freshwater","F4","ATM","55","1",NA,"Within Range","Within Range",2.4124341899104,1103.72669561357,150.401134034314,68810.8912477291,NA,NA,NA
"686","Varian GC","Max Wegner","20231211","2023","August","14","1241","EDT","G","Freshwater","H3","10","56","1",NA,"Within Range","Within Range",1.86893415761348,10592.8534153107,116.517092120541,660402.332625356,NA,NA,NA
"687","Varian GC","Max Wegner","20231211","2023","August","14","1242","EDT","G","Freshwater","H3","20","57","1",NA,"Within Range","Within Range",0.978295395010781,26433.6046146839,60.9909847263579,1647980.33757381,NA,NA,NA
"688","Varian GC","Max Wegner","20231211","2023","August","14","1243","EDT","G","Freshwater","H3","35","58","1",NA,"Within Range","Within Range",0.869595388551397,30660.0977515066,54.2141763436033,1911477.41592934,NA,NA,NA
"689","Varian GC","Max Wegner","20231211","2023","August","14","1244","EDT","G","Freshwater","H3","50","59","1",NA,"Within Range","Within Range",0.939724424976806,36006.603783869,58.5863107840902,2244800.73465517,NA,NA,NA
"690","Varian GC","Max Wegner","20231211","2023","August","14","1245","EDT","G","Freshwater","H6","10","60","1",NA,"Within Range","Within Range",1.66030027424789,12732.9944852639,103.509992160093,793827.586363088,NA,NA,NA
"691","Varian GC","Max Wegner","20231211","2023","August","14","1246","EDT","G","Freshwater","H6","20","61","1",NA,"Within Range","Within Range",1.03089217232984,23446.4485042341,64.2700855567231,1461748.65986497,NA,NA,NA
"692","Varian GC","Max Wegner","20231211","2023","August","14","1247","EDT","G","Freshwater","H6","35","62","1",NA,"Within Range","Within Range",0.904659906764101,26317.1245818329,56.4002435638467,1640718.49013921,NA,NA,NA
"693","Varian GC","Max Wegner","20231211","2023","August","14","1248","EDT","G","Freshwater","H6","50","63","1",NA,"Within Range","Within Range",0.734596993432484,44901.4491199912,45.7978175456661,2799342.21446329,NA,NA,NA
"694","Varian GC","Max Wegner","20231212","2023","September","12","1016","EDT","G","Control","C3","10","1","1",NA,"Within Range","Within Range",1.4118076759721,4073.66564485539,88.0179349109788,253969.179853827,NA,NA,NA
"695","Varian GC","Max Wegner","20231212","2023","September","12","1017","EDT","G","Control","C3","20","2","1",NA,"Within Range","Within Range",0.935139504815391,7476.97539503969,58.3004678812588,466145.598194494,NA,NA,NA
"696","Varian GC","Max Wegner","20231212","2023","September","12","1018","EDT","G","Control","C3","35","3","1",NA,"Within Range","Within Range",0.769871343282955,10506.2116775504,47.9969665388376,655000.728026835,NA,NA,NA
"697","Varian GC","Max Wegner","20231212","2023","September","12","1019","EDT","G","Control","C3","50","4","1",NA,"Within Range","Within Range",0.587206533168157,16210.3707234552,36.6088861077405,1010621.61617551,NA,NA,NA
"698","Varian GC","Max Wegner","20231212","2023","September","12","1020","EDT","G","Control","C6","10","5","1",NA,"Within Range","Within Range",1.62056745896044,7861.98806471593,101.03288397509,490148.881840145,NA,NA,NA
"699","Varian GC","Max Wegner","20231212","2023","September","12","1021","EDT","G","Control","C6","20","6","1",NA,"Within Range","Within Range",1.40658868139739,15075.2107650292,87.6925611843761,939851.045201323,NA,NA,NA
"700","Varian GC","Max Wegner","20231212","2023","September","12","1022","EDT","G","Control","C6","35","7","1",NA,"Within Range","Within Range",0.956015483114225,16025.7107932924,59.6019627876699,999109.151701523,NA,NA,NA
"701","Varian GC","Max Wegner","20231212","2023","September","12","1023","EDT","G","Control","C6","50","8","1",NA,"Within Range","Within Range",0.815102629597095,17329.2252181673,50.816872169395,1080375.63704285,NA,NA,NA
"702","Varian GC","Max Wegner","20231212","2023","September","12","1004","EDT","G","Control","F4","10","9","1",NA,"Within Range","Within Range",1.47965460544331,3353.50889438966,92.2477933568149,209071.626832273,NA,NA,NA
"703","Varian GC","Max Wegner","20231212","2023","September","12","1006","EDT","G","Control","F4","20","10","1",NA,"Within Range","Within Range",1.05169705031721,6744.38840424162,65.5671477753874,420473.092533767,NA,NA,NA
"704","Varian GC","Max Wegner","20231212","2023","September","12","1008","EDT","G","Control","F4","35","11","1",NA,"Within Range","Within Range",0.884689223926542,6954.4624184093,55.1551885240986,433569.976210056,NA,NA,NA
"705","Varian GC","Max Wegner","20231212","2023","September","12","1009","EDT","G","Control","F4","50","12","1",NA,"Within Range","Within Range",0.667231116647021,13030.3919420923,41.5979499156497,812368.574943411,NA,NA,NA
"706","Varian GC","Max Wegner","20231212","2023","September","12","1003","EDT","G","Control","F4","ATM","13","1",NA,"Within Range","Within Range",2.06244233295243,931.058779646071,128.581192827458,58046.0585814259,NA,NA,NA
"707","Varian GC","Max Wegner","20231212","2023","September","12","951","EDT","G","Control","H3","10","14","1",NA,"Within Range","Within Range",1.10736632578077,4519.56730057762,69.0378008591503,281768.53494873,NA,NA,NA
"708","Varian GC","Max Wegner","20231212","2023","September","12","952","EDT","G","Control","H3","20","15","1",NA,"Within Range","Within Range",0.745516035267649,7651.21281965065,46.4785558146913,477008.280526848,NA,NA,NA
"709","Varian GC","Max Wegner","20231212","2023","September","12","954","EDT","G","Control","H3","35","16","1",NA,"Within Range","Within Range",0.691586424662327,11165.1325172103,43.116360639796,696080.58087346,NA,NA,NA
"710","Varian GC","Max Wegner","20231212","2023","September","12","956","EDT","G","Control","H3","50","17","1",NA,"Within Range","Within Range",0.628958489765825,14323.6388703507,39.2118759205627,892994.942041811,NA,NA,NA
"711","Varian GC","Max Wegner","20231212","2023","September","12","958","EDT","G","Control","H6","10","18","1",NA,"Within Range","Within Range",1.31786577362735,3013.02069602261,82.1612078321289,187844.183043804,NA,NA,NA
"712","Varian GC","Max Wegner","20231212","2023","September","12","959","EDT","G","Control","H6","20","19","1",NA,"Within Range","Within Range",0.689846759804091,8384.59699925863,43.0079027309284,522730.486238069,NA,NA,NA
"713","Varian GC","Max Wegner","20231212","2023","September","12","1000","EDT","G","Control","H6","35","20","1",NA,"Within Range","Within Range",0.21839758322209,16090.7259695675,13.6158094278111,1003162.46693064,NA,NA,NA
"714","Varian GC","Max Wegner","20231212","2023","September","12","1002","EDT","G","Control","H6","50","21","1",NA,"Within Range","Within Range",0.597644522317574,18102.1883459119,37.259633560946,1128565.35822393,NA,NA,NA
"715","Varian GC","Max Wegner","20231212","2023","September","12","1212","EDT","G","Seawater","C3","10","22","1",NA,"Within Range","Within Range",1.56315851863865,2467.41876941623,97.4537729824593,153829.100337671,NA,NA,NA
"716","Varian GC","Max Wegner","20231212","2023","September","12","1213","EDT","G","Seawater","C3","20","23","1",NA,"Within Range","Within Range",1.47095628115213,7982.6071604824,91.705503812477,497668.775591172,NA,NA,NA
"717","Varian GC","Max Wegner","20231212","2023","September","12","1214","EDT","G","Seawater","C3","35","24","1",NA,"Within Range","Within Range",2.05896300323595,10221.881002015,128.364277009723,637274.376684227,NA,NA,NA
"718","Varian GC","Max Wegner","20231212","2023","September","12","1215","EDT","G","Seawater","C3","50","25","1",NA,"Within Range","Within Range",1.96328143603297,21085.5050766961,122.399092022005,1314557.67311073,NA,NA,NA
"719","Varian GC","Max Wegner","20231212","2023","September","12","1217","EDT","G","Seawater","C6","10","26","1",NA,"Within Range","Within Range",1.33700208706795,5742.68375769728,83.3542448296724,358022.678160678,NA,NA,NA
"720","Varian GC","Max Wegner","20231212","2023","September","12","1218","EDT","G","Seawater","C6","20","27","1",NA,"Within Range","Within Range",1.15259761209491,11935.3054841202,71.8577064897077,744096.351877816,NA,NA,NA
"721","Varian GC","Max Wegner","20231212","2023","September","12","1219","EDT","G","Seawater","C6","35","28","1",NA,"Within Range","Within Range",1.99111607376474,14582.7547590837,124.134418563887,909149.299194743,NA,NA,NA
"722","Varian GC","Max Wegner","20231212","2023","September","12","1220","EDT","G","Seawater","C6","50","29","1",NA,"Within Range","Within Range",1.86238087425527,15931.856573681,116.108533307685,993257.891127243,NA,NA,NA
"723","Varian GC","Max Wegner","20231212","2023","September","12","1223","EDT","G","Seawater","F4","10","30","1",NA,"Within Range","Within Range",1.5370635457651,7022.59253614533,95.8269043494454,437817.489784622,NA,NA,NA
"724","Varian GC","Max Wegner","20231212","2023","September","12","1224","EDT","G","Seawater","F4","20","31","1",NA,"Within Range","Within Range",0.849895926761819,21236.3066265712,52.9860303467468,1323959.26599571,NA,NA,NA
"725","Varian GC","Max Wegner","20231212","2023","September","12","1225","EDT","G","Seawater","F4","35","32","1",NA,"Within Range","Within Range",0.975151796554823,17605.3847084012,60.7949997852134,1097592.5628679,NA,NA,NA
"726","Varian GC","Max Wegner","20231212","2023","September","12","1226","EDT","G","Seawater","F4","50","33","1",NA,"Within Range","Within Range",0.646355138348187,27962.8529398108,40.2964550092386,1743320.00871639,NA,NA,NA
"727","Varian GC","Max Wegner","20231212","2023","September","12","1222","EDT","G","Seawater","F4","ATM","34","1",NA,"Within Range","Within Range",2.04330601951183,490.63410630305,127.388155829915,30588.1612408385,NA,NA,NA
"728","Varian GC","Max Wegner","20231212","2023","September","12","1227","EDT","G","Seawater","H3","10","35","1",NA,"Within Range","Within Range",2.02416970607123,3843.72834284073,126.195118832371,239633.936586081,NA,NA,NA
"729","Varian GC","Max Wegner","20231212","2023","September","12","1228","EDT","G","Seawater","H3","20","36","1",NA,"Within Range","Within Range",1.34570041135913,14075.4548022424,83.8965343740104,877522.119840551,NA,NA,NA
"730","Varian GC","Max Wegner","20231212","2023","September","12","1229","EDT","G","Seawater","H3","35","37","1",NA,"Within Range","Within Range",1.34222108164265,17782.5008703813,83.6796185562752,1108634.71760482,NA,NA,NA
"731","Varian GC","Max Wegner","20231212","2023","September","12","1230","EDT","G","Seawater","H3","50","38","1",NA,"Within Range","Within Range",0.21839758322209,18442.4034332978,13.6158094278111,1149775.77514325,NA,NA,NA
"732","Varian GC","Max Wegner","20231212","2023","September","12","1231","EDT","G","Seawater","H6","10","39","1",NA,"Within Range","Within Range",1.52662555661569,13929.9309375441,95.1761568962399,868449.559697261,NA,NA,NA
"733","Varian GC","Max Wegner","20231212","2023","September","12","1232","EDT","G","Seawater","H6","20","40","1",NA,"Within Range","Within Range",1.37005571937443,16700.2137216349,85.4149450981566,1041160.45646103,NA,NA,NA
"734","Varian GC","Max Wegner","20231212","2023","September","12","1233","EDT","G","Seawater","H6","35","41","1",NA,"Within Range","Within Range",1.58229483207924,19234.853398618,98.6468099800028,1199180.3864475,NA,NA,NA
"735","Varian GC","Max Wegner","20231212","2023","September","12","1235","EDT","G","Seawater","H6","50","42","1",NA,"Within Range","Within Range",1.14041995808726,20555.4778573945,71.0985011276346,1281513.58213183,NA,NA,NA
"736","Varian GC","Max Wegner","20231212","2023","September","12","1258","EDT","G","Freshwater","C3","10","43","1",NA,"Within Range","Within Range",1.33526242220971,3707.60835354818,83.2457869208048,231147.652964351,NA,NA,NA
"737","Varian GC","Max Wegner","20231212","2023","September","12","1259","EDT","G","Freshwater","C3","20","44","1",NA,"Within Range","Within Range",0.862073580769472,8959.73920009898,53.7452357088199,558587.23192637,NA,NA,NA
"738","Varian GC","Max Wegner","20231212","2023","September","12","1300","EDT","G","Freshwater","C3","35","45","1",NA,"Within Range","Within Range",0.752474694700593,10471.6003967201,46.9123874501617,652842.917501252,NA,NA,NA
"739","Varian GC","Max Wegner","20231212","2023","September","12","1301","EDT","G","Freshwater","C3","50","46","1",NA,"Within Range","Within Range",0.21839758322209,17667.1446970358,13.6158094278111,1101442.93622418,NA,NA,NA
"740","Varian GC","Max Wegner","20231212","2023","September","12","1253","EDT","G","Freshwater","C6","10","47","1",NA,"Within Range","Within Range",1.33526242220971,2970.1275092226,83.2457869208048,185170.044215873,NA,NA,NA
"741","Varian GC","Max Wegner","20231212","2023","September","12","1254","EDT","G","Freshwater","C6","20","48","1",NA,"Within Range","Within Range",0.775090337857663,7696.82235350666,48.3223402654404,479851.767674979,NA,NA,NA
"742","Varian GC","Max Wegner","20231212","2023","September","12","1255","EDT","G","Freshwater","C6","35","49","1",NA,"Within Range","Within Range",0.21839758322209,12293.6566169315,13.6158094278111,766437.444945857,NA,NA,NA
"743","Varian GC","Max Wegner","20231212","2023","September","12","1257","EDT","G","Freshwater","C6","50","50","1",NA,"Within Range","Within Range",0.21839758322209,15687.7396447789,13.6158094278111,978038.63122063,NA,NA,NA
"744","Varian GC","Max Wegner","20231212","2023","September","12","1304","EDT","G","Freshwater","F4","10","51","1",NA,"Within Range","Within Range",1.46051829200271,3392.48256954094,91.0547563592714,211501.407078612,NA,NA,NA
"745","Varian GC","Max Wegner","20231212","2023","September","12","1305","EDT","G","Freshwater","F4","20","52","1",NA,"Within Range","Within Range",0.801185310731206,7045.12050140323,49.9492088984542,439221.97639671,NA,NA,NA
"746","Varian GC","Max Wegner","20231212","2023","September","12","1306","EDT","G","Freshwater","F4","35","53","1",NA,"Within Range","Within Range",0.21839758322209,10425.7768029058,13.6158094278111,649986.084969193,NA,NA,NA
"747","Varian GC","Max Wegner","20231212","2023","September","12","1307","EDT","G","Freshwater","F4","50","54","1",NA,"Within Range","Within Range",0.571549549444032,14575.4841018822,35.6327649279322,908696.016326818,NA,NA,NA
"748","Varian GC","Max Wegner","20231212","2023","September","12","1308","EDT","G","Freshwater","F4","ATM","55","1",NA,"Within Range","Within Range",1.94936411716708,352.240652626675,121.531428751065,21960.140438072,NA,NA,NA
"749","Varian GC","Max Wegner","20231212","2023","September","12","1309","EDT","G","Freshwater","H3","10","56","1",NA,"Within Range","Within Range",1.48313393515978,2738.81727092421,92.4647091745501,170749.206416721,NA,NA,NA
"750","Varian GC","Max Wegner","20231212","2023","September","12","1310","EDT","G","Freshwater","H3","20","57","1",NA,"Within Range","Within Range",0.789007656723553,6984.95489038845,49.1900035363811,435471.003141424,NA,NA,NA
"751","Varian GC","Max Wegner","20231212","2023","September","12","1311","EDT","G","Freshwater","H3","35","58","1",NA,"Within Range","Within Range",0.764652348708246,7534.86016029278,47.6715928122348,469754.374083091,NA,NA,NA
"752","Varian GC","Max Wegner","20231212","2023","September","12","1313","EDT","G","Freshwater","H3","50","59","1",NA,"Within Range","Within Range",0.862073580769472,8751.98293858235,53.7452357088199,545634.846545034,NA,NA,NA
"753","Varian GC","Max Wegner","20231212","2023","September","12","1316","EDT","G","Freshwater","H6","10","60","1",NA,"Within Range","Within Range",1.44834063799506,3852.82220037603,90.2955509971982,240200.885310226,NA,NA,NA
"754","Varian GC","Max Wegner","20231212","2023","September","12","1317","EDT","G","Freshwater","H6","20","61","1",NA,"Within Range","Within Range",1.48487360001802,7320.17278495663,92.5731670834177,456369.874373855,NA,NA,NA
"755","Varian GC","Max Wegner","20231212","2023","September","12","1318","EDT","G","Freshwater","H6","35","62","1",NA,"Within Range","Within Range",1.39093169767327,9676.96554355049,86.7164400045677,603302.091243796,NA,NA,NA
"756","Varian GC","Max Wegner","20231212","2023","September","12","1319","EDT","G","Freshwater","H6","50","63","1",NA,"Within Range","Within Range",1.2482791792979,14239.2918654352,77.8228914774252,887736.400588229,NA,NA,NA
"757","Varian GC","Max Wegner","20240102","2023","October","3","1024","EDT","G","Control","C3","10","1","1",NA,"Within Range","Within Range",2.53298546251497,3199.08282745001,157.916799408664,199444.066549253,NA,NA,NA
"758","Varian GC","Max Wegner","20240102","2023","October","3","1025","EDT","G","Control","C3","20","2","1",NA,"Within Range","Within Range",1.917852186004,5913.91522114814,119.566844513965,368697.956430682,NA,NA,NA
"759","Varian GC","Max Wegner","20240102","2023","October","3","1027","EDT","G","Control","C3","35","3","1",NA,"Within Range","Within Range",1.64833502876982,10094.382737408,102.764029225051,629325.607070327,NA,NA,NA
"760","Varian GC","Max Wegner","20240102","2023","October","3","1028","EDT","G","Control","C3","50","4","1",NA,"Within Range","Within Range",1.51991803032294,15507.9084695263,94.7579819403329,966827.211317101,NA,NA,NA
"761","Varian GC","Max Wegner","20240102","2023","October","3","1019","EDT","G","Control","C6","10","5","1",NA,"Within Range","Within Range",2.71372049736613,3668.01346002804,169.18456966123,228679.143393269,NA,NA,NA
"762","Varian GC","Max Wegner","20240102","2023","October","3","1020","EDT","G","Control","C6","20","6","1",NA,"Within Range","Within Range",2.33164029211061,13589.5709357158,145.364107986946,847230.108211706,NA,NA,NA
"763","Varian GC","Max Wegner","20240102","2023","October","3","1022","EDT","G","Control","C6","35","7","1",NA,"Within Range","Within Range",1.76565426191882,13088.0118973804,110.078195880225,815960.841482567,NA,NA,NA
"764","Varian GC","Max Wegner","20240102","2023","October","3","1023","EDT","G","Control","C6","50","8","1",NA,"Within Range","Within Range",1.61028554774852,16927.291887499,100.391867066616,1055317.44934532,NA,NA,NA
"765","Varian GC","Max Wegner","20240102","2023","October","3","1007","EDT","G","Control","F4","10","9","1",NA,"Within Range","Within Range",2.67725641138739,2482.55080853133,166.91124759273,154772.494297465,NA,NA,NA
"766","Varian GC","Max Wegner","20240102","2023","October","3","1008","EDT","G","Control","F4","20","10","1",NA,"Within Range","Within Range",2.0732209001743,5793.20986375726,129.253173327575,361172.684772896,NA,NA,NA
"767","Varian GC","Max Wegner","20240102","2023","October","3","1009","EDT","G","Control","F4","35","11","1",NA,"Within Range","Within Range",1.97492640753595,5973.20427623213,123.125087751618,372394.281560607,NA,NA,NA
"768","Varian GC","Max Wegner","20240102","2023","October","3","1010","EDT","G","Control","F4","50","12","1",NA,"Within Range","Within Range",2.17627157794031,12273.8494213361,135.677779173336,765202.58237756,NA,NA,NA
"769","Varian GC","Max Wegner","20240102","2023","October","3","1012","EDT","G","Control","F4","ATM","13","1",NA,"Within Range","Within Range",3.15763110928126,719.744344132215,196.859794842972,44871.8419035047,NA,NA,NA
"770","Varian GC","Max Wegner","20240102","2023","October","3","1003","EDT","G","Control","H3","10","14","1",NA,"Within Range","Within Range",2.28407844083399,3540.02196244851,142.398905288902,220699.623594047,NA,NA,NA
"771","Varian GC","Max Wegner","20240102","2023","October","3","1004","EDT","G","Control","H3","20","15","1",NA,"Within Range","Within Range",1.68162832466345,7545.44378207844,104.839671113682,470414.200877708,NA,NA,NA
"772","Varian GC","Max Wegner","20240102","2023","October","3","1005","EDT","G","Control","H3","35","16","1",NA,"Within Range","Within Range",1.80528913798267,9782.34614102498,112.549198128595,609871.953929238,NA,NA,NA
"773","Varian GC","Max Wegner","20240102","2023","October","3","1006","EDT","G","Control","H3","50","17","1",NA,"Within Range","Within Range",1.54686974604636,12997.9350785972,96.4382634692243,810345.07971304,NA,NA,NA
"774","Varian GC","Max Wegner","20240102","2023","October","3","1013","EDT","G","Control","H6","10","18","1",NA,"Within Range","Within Range",2.33164029211061,2023.52397664678,145.364107986946,126154.861386957,NA,NA,NA
"775","Varian GC","Max Wegner","20240102","2023","October","3","1014","EDT","G","Control","H6","20","19","1",NA,"Within Range","Within Range",1.66418897919536,6767.33623576133,103.752430124399,421903.755346716,NA,NA,NA
"776","Varian GC","Max Wegner","20240102","2023","October","3","1016","EDT","G","Control","H6","35","20","1",NA,"Within Range","Within Range",1.54052816587614,13850.6172887856,96.0429031094852,863504.818502845,NA,NA,NA
"777","Varian GC","Max Wegner","20240102","2023","October","3","1017","EDT","G","Control","H6","50","21","1",NA,"Within Range","Within Range",1.58967541219532,14274.0477592066,99.1069458974637,889903.226883205,NA,NA,NA
"778","Varian GC","Max Wegner","20240102","2023","October","3","1043","EDT","G","Seawater","C3","10","22","1",NA,"Within Range","Within Range",2.51078993191922,2181.82556265092,156.533038149577,136024.037571753,NA,NA,NA
"779","Varian GC","Max Wegner","20240102","2023","October","3","1044","EDT","G","Seawater","C3","20","23","1",NA,"Within Range","Within Range",2.35225042766381,9119.30738385842,146.649029156098,568535.373058505,NA,NA,NA
"780","Varian GC","Max Wegner","20240102","2023","October","3","1045","EDT","G","Seawater","C3","35","24","1",NA,"Within Range","Within Range",2.14773446717434,10236.9146703466,133.89865755451,638211.637802154,NA,NA,NA
"781","Varian GC","Max Wegner","20240102","2023","October","3","1045","EDT","G","Seawater","C3","50","25","1",NA,"Within Range","Within Range",1.88297349506781,20959.0877512908,117.3923625354,1306676.29372137,NA,NA,NA
"782","Varian GC","Max Wegner","20240102","2023","October","3","1107","EDT","G","Seawater","C6","10","26","1",NA,"Within Range","Within Range",2.41091004423831,5570.23104557158,150.306112483685,347271.262192742,NA,NA,NA
"783","Varian GC","Max Wegner","20240102","2023","October","3","1107","EDT","G","Seawater","C6","20","27","1",NA,"Within Range","Within Range",1.88614428515292,14787.0073140959,117.59004271527,921883.249008473,NA,NA,NA
"784","Varian GC","Max Wegner","20240102","2023","October","3","1108","EDT","G","Seawater","C6","35","28","1",NA,"Within Range","Within Range",2.16200302255733,16211.7343261405,134.788218363923,1010706.62881175,NA,NA,NA
"785","Varian GC","Max Wegner","20240102","2023","October","3","1109","EDT","G","Seawater","C6","50","29","1",NA,"Within Range","Within Range",2.05578155470621,18689.7353186894,128.165932338292,1165195.46874622,NA,NA,NA
"786","Varian GC","Max Wegner","20240102","2023","October","3","1051","EDT","G","Seawater","F4","10","30","1",NA,"Within Range","Within Range",2.51237532696177,3666.70781427745,156.631878239512,228597.74403226,NA,NA,NA
"787","Varian GC","Max Wegner","20240102","2023","October","3","1053","EDT","G","Seawater","F4","20","31","1",NA,"Within Range","Within Range",1.61345633783363,14241.2346523431,100.589547246486,887857.521966525,NA,NA,NA
"788","Varian GC","Max Wegner","20240102","2023","October","3","1054","EDT","G","Seawater","F4","35","32","1",NA,"Within Range","Within Range",1.92577916121677,18959.6791698742,120.061044963639,1182024.88590238,NA,NA,NA
"789","Varian GC","Max Wegner","20240102","2023","October","3","1055","EDT","G","Seawater","F4","50","33","1",NA,"Within Range","Within Range",1.81004532311033,31755.0966916816,112.8457183984,1979744.18277317,NA,NA,NA
"790","Varian GC","Max Wegner","20240102","2023","October","3","1057","EDT","G","Seawater","F4","ATM","34","1",NA,"Within Range","Within Range",2.82945433547258,546.188994359017,176.39989622647,34051.6829400884,NA,NA,NA
"791","Varian GC","Max Wegner","20240102","2023","October","3","1058","EDT","G","Seawater","H3","10","35","1",NA,"Within Range","Within Range",2.10651419606793,2861.80586955682,131.328815216205,178416.824785338,NA,NA,NA
"792","Varian GC","Max Wegner","20240102","2023","October","3","1059","EDT","G","Seawater","H3","20","36","1",NA,"Within Range","Within Range",1.54369895596125,10920.4870953175,96.2405832893547,680828.372526027,NA,NA,NA
"793","Varian GC","Max Wegner","20240102","2023","October","3","1100","EDT","G","Seawater","H3","35","37","1",NA,"Within Range","Within Range",1.37723247649308,15980.7878843744,85.8623738462017,996308.471594414,NA,NA,NA
"794","Varian GC","Max Wegner","20240102","2023","October","3","1101","EDT","G","Seawater","H3","50","38","1",NA,"Within Range","Within Range",1.31064588470581,19617.673676141,81.7110900689405,1223046.98729058,NA,NA,NA
"795","Varian GC","Max Wegner","20240102","2023","October","3","1102","EDT","G","Seawater","H6","10","39","1",NA,"Within Range","Within Range",1.79577676772734,12456.0920921034,111.956157588986,776564.344894228,NA,NA,NA
"796","Varian GC","Max Wegner","20240102","2023","October","3","1103","EDT","G","Seawater","H6","20","40","1",NA,"Within Range","Within Range",1.32491444008879,19046.6988669,82.6006508783536,1187450.05404613,NA,NA,NA
"797","Varian GC","Max Wegner","20240102","2023","October","3","1104","EDT","G","Seawater","H6","35","41","1",NA,"Within Range","Within Range",1.57540685681233,23649.577812995,98.2173850880505,1474412.58185755,NA,NA,NA
"798","Varian GC","Max Wegner","20240102","2023","October","3","1105","EDT","G","Seawater","H6","50","42","1",NA,"Within Range","Within Range",1.71809241064219,20785.7807926604,107.112993182182,1295871.62049005,NA,NA,NA
"799","Varian GC","Max Wegner","20240102","2023","October","3","1240","EDT","G","Freshwater","C3","10","43","1",NA,"Within Range","Within Range",2.10492880102538,3616.3226263121,131.229975126271,225456.522837413,NA,NA,NA
"800","Varian GC","Max Wegner","20240102","2023","October","3","1241","EDT","G","Freshwater","C3","20","44","1",NA,"Within Range","Within Range",1.48979552451441,8721.77965132836,92.8800202315718,543751.848586557,NA,NA,NA
"801","Varian GC","Max Wegner","20240102","2023","October","3","1242","EDT","G","Freshwater","C3","35","45","1",NA,"Within Range","Within Range",1.58174843698255,9648.8199792637,98.6127454477897,601547.380253348,NA,NA,NA
"802","Varian GC","Max Wegner","20240102","2023","October","3","1243","EDT","G","Freshwater","C3","50","46","1",NA,"Within Range","Within Range",1.34552457564199,18793.0532960847,83.8855720475059,1171636.7391574,NA,NA,NA
"803","Varian GC","Max Wegner","20240102","2023","October","3","1236","EDT","G","Freshwater","C6","10","47","1",NA,"Within Range","Within Range",2.29676160117442,2780.0979215847,143.18962600838,173322.813066378,NA,NA,NA
"804","Varian GC","Max Wegner","20240102","2023","October","3","1237","EDT","G","Freshwater","C6","20","48","1",NA,"Within Range","Within Range",1.63882265851449,7142.36227835565,102.170988685442,445284.431318931,NA,NA,NA
"805","Varian GC","Max Wegner","20240102","2023","October","3","1238","EDT","G","Freshwater","C6","35","49","1",NA,"Within Range","Within Range",1.40418419221649,12614.291774049,87.5426553750931,786427.167958165,NA,NA,NA
"806","Varian GC","Max Wegner","20240102","2023","October","3","1239","EDT","G","Freshwater","C6","50","50","1",NA,"Within Range","Within Range",1.41052577238671,15644.3261589499,87.9380157348323,975332.054797373,NA,NA,NA
"807","Varian GC","Max Wegner","20240102","2023","October","3","1244","EDT","G","Freshwater","F4","10","51","1",NA,"Within Range","Within Range",2.22541882425949,2902.94963320948,138.741821961315,180981.897332262,NA,NA,NA
"808","Varian GC","Max Wegner","20240102","2023","October","3","1245","EDT","G","Freshwater","F4","20","52","1",NA,"Within Range","Within Range",1.67687213953579,6678.51411069942,104.543150843877,416366.216377769,NA,NA,NA
"809","Varian GC","Max Wegner","20240102","2023","October","3","1246","EDT","G","Freshwater","F4","35","53","1",NA,"Within Range","Within Range",1.49613710468463,8640.54300962718,93.275380591311,538687.22005157,NA,NA,NA
"810","Varian GC","Max Wegner","20240102","2023","October","3","1247","EDT","G","Freshwater","F4","50","54","1",NA,"Within Range","Within Range",1.45650222862078,15295.776064576,90.8043783429412,953601.999038404,NA,NA,NA
"811","Varian GC","Max Wegner","20240102","2023","October","3","1248","EDT","G","Freshwater","F4","ATM","55","1",NA,"Within Range","Within Range",2.87226000162154,520.267149457112,179.068578654709,32435.6078215157,NA,NA,NA
"812","Varian GC","Max Wegner","20240102","2023","October","3","1249","EDT","G","Freshwater","H3","10","56","1",NA,"Within Range","Within Range",2.47908203106813,2479.89493400453,154.556236350881,154606.91608507,NA,NA,NA
"813","Varian GC","Max Wegner","20240102","2023","October","3","1250","EDT","G","Freshwater","H3","20","57","1",NA,"Within Range","Within Range",1.71650701559964,7025.15987297853,107.014153092247,437977.548190682,NA,NA,NA
"814","Varian GC","Max Wegner","20240102","2023","October","3","1251","EDT","G","Freshwater","H3","35","58","1",NA,"Within Range","Within Range",1.59601699236553,7734.15736056578,99.5023062572028,482179.386568939,NA,NA,NA
"815","Varian GC","Max Wegner","20240102","2023","October","3","1252","EDT","G","Freshwater","H3","50","59","1",NA,"Within Range","Within Range",1.52625961049316,11156.8790352141,95.153342300072,695566.024639281,NA,NA,NA
"816","Varian GC","Max Wegner","20240102","2023","October","3","1253","EDT","G","Freshwater","H6","10","60","1",NA,"Within Range","Within Range",2.28883462596165,3075.19933723209,142.695425558706,191720.656934669,NA,NA,NA
"817","Varian GC","Max Wegner","20240102","2023","October","3","1254","EDT","G","Freshwater","H6","20","61","1",NA,"Within Range","Within Range",1.73553175611029,6069.15331639115,108.200234171464,378376.141919648,NA,NA,NA
"818","Varian GC","Max Wegner","20240102","2023","October","3","1255","EDT","G","Freshwater","H6","35","62","1",NA,"Within Range","Within Range",1.58174843698255,7848.11794307924,98.6127454477897,489284.161039853,NA,NA,NA
"819","Varian GC","Max Wegner","20240102","2023","October","3","1256","EDT","G","Freshwater","H6","50","63","1",NA,"Within Range","Within Range",1.5421135609187,11898.4858215477,96.1417431994199,741800.861692499,NA,NA,NA
"820","Varian GC","Max Wegner","20240109","2023","November","3","1403","EDT","G","Control","C3","10","1","1",NA,"Within Range","Within Range",2.22352677792385,1560.96066878475,138.62386396034,97316.749924236,NA,NA,NA
"821","Varian GC","Max Wegner","20240109","2023","November","3","1404","EDT","G","Control","C3","20","2","1",NA,"Within Range","Within Range",1.62663504254888,3106.43755431303,101.411162253671,193668.176702807,NA,NA,NA
"822","Varian GC","Max Wegner","20240109","2023","November","3","1405","EDT","G","Control","C3","35","3","1",NA,"Within Range","Within Range",1.55855455283768,4560.75688838282,97.1667426956157,284336.464363019,NA,NA,NA
"823","Varian GC","Max Wegner","20240109","2023","November","3","1406","EDT","G","Control","C3","50","4","1",NA,"Within Range","Within Range",1.47147485669544,8915.92267168162,91.7378339585685,555855.528159702,NA,NA,NA
"824","Varian GC","Max Wegner","20240109","2023","November","3","1412","EDT","G","Control","C6","10","5","1",NA,"Within Range","Within Range",2.39135310139798,2083.3279364931,149.086851708103,129883.28781129,NA,NA,NA
"825","Varian GC","Max Wegner","20240109","2023","November","3","1413","EDT","G","Control","C6","20","6","1",NA,"Within Range","Within Range",1.95912115509197,4953.17330118472,122.139722886033,308801.328004035,NA,NA,NA
"826","Varian GC","Max Wegner","20240109","2023","November","3","1414","EDT","G","Control","C6","35","7","1",NA,"Within Range","Within Range",1.54747168241957,7779.18491763783,96.475790674537,484986.590875177,NA,NA,NA
"827","Varian GC","Max Wegner","20240109","2023","November","3","1415","EDT","G","Control","C6","50","8","1",NA,"Within Range","Within Range",1.39547803097131,10517.2404369135,86.9998772426001,655688.306540744,NA,NA,NA
"828","Varian GC","Max Wegner","20240109","2023","November","3","1416","EDT","G","Control","F4","10","9","1",NA,"Within Range","Within Range",2.13961361618678,1379.17578575917,133.392370086458,85983.5277904719,NA,NA,NA
"829","Varian GC","Max Wegner","20240109","2023","November","3","1417","EDT","G","Control","F4","20","10","1",NA,"Within Range","Within Range",1.73904701393249,3117.61915354215,108.419389896041,194365.283886668,NA,NA,NA
"830","Varian GC","Max Wegner","20240109","2023","November","3","1419","EDT","G","Control","F4","35","11","1",NA,"Within Range","Within Range",1.49522386473423,3544.10387227862,93.2184454323087,220954.106750537,NA,NA,NA
"831","Varian GC","Max Wegner","20240109","2023","November","3","1420","EDT","G","Control","F4","50","12","1",NA,"Within Range","Within Range",1.30206526601872,9075.63966859355,81.1761387792222,565812.946919797,NA,NA,NA
"832","Varian GC","Max Wegner","20240109","2023","November","3","1421","EDT","G","Control","F4","ATM","13","1",NA,"Within Range","Within Range",2.59559457053159,515.930821023458,161.820110382268,32165.263156076,NA,NA,NA
"833","Varian GC","Max Wegner","20240109","2023","November","3","1357","EDT","G","Control","H3","10","14","1",NA,"Within Range","Within Range",1.8182103740618,1933.00052981018,113.354761475175,120511.254975697,NA,NA,NA
"834","Varian GC","Max Wegner","20240109","2023","November","3","1358","EDT","G","Control","H3","20","15","1",NA,"Within Range","Within Range",1.43189317663079,3875.55842085599,89.2701481690016,241618.355414962,NA,NA,NA
"835","Varian GC","Max Wegner","20240109","2023","November","3","1359","EDT","G","Control","H3","35","16","1",NA,"Within Range","Within Range",1.62188524094112,5385.28237775672,101.115039958923,335740.79661825,NA,NA,NA
"836","Varian GC","Max Wegner","20240109","2023","November","3","1401","EDT","G","Control","H3","50","17","1",NA,"Within Range","Within Range",1.17540388981183,8946.84992813286,73.2795442526081,557783.661354916,NA,NA,NA
"837","Varian GC","Max Wegner","20240109","2023","November","3","1422","EDT","G","Control","H6","10","18","1",NA,"Within Range","Within Range",1.86095858853163,1440.85579591258,116.019862127907,89828.9149571432,NA,NA,NA
"838","Varian GC","Max Wegner","20240109","2023","November","3","1423","EDT","G","Control","H6","20","19","1",NA,"Within Range","Within Range",1.43505971103596,3829.36217386079,89.467563032167,238738.290140947,NA,NA,NA
"839","Varian GC","Max Wegner","20240109","2023","November","3","1424","EDT","G","Control","H6","35","20","1",NA,"Within Range","Within Range",1.20548596666097,8001.49470831371,75.154985452679,498846.30351083,NA,NA,NA
"840","Varian GC","Max Wegner","20240109","2023","November","3","1425","EDT","G","Control","H6","50","21","1",NA,"Within Range","Within Range",1.20548596666097,8623.70439506908,75.154985452679,537637.431114032,NA,NA,NA
"841","Varian GC","Max Wegner","20240109","2023","November","3","1126","EDT","G","Seawater","C3","10","22","1",NA,"Within Range","Within Range",2.25044232036781,1336.17428140086,140.301890297245,83302.6359975597,NA,NA,NA
"842","Varian GC","Max Wegner","20240109","2023","November","3","1128","EDT","G","Seawater","C3","20","23","1",NA,"Within Range","Within Range",2.0002861023592,4913.60815865432,124.706116107182,306334.673232813,NA,NA,NA
"843","Varian GC","Max Wegner","20240109","2023","November","3","1130","EDT","G","Seawater","C3","35","24","1",NA,"Within Range","Within Range",1.87995779496266,6798.08348083533,117.204351306899,423820.665887489,NA,NA,NA
"844","Varian GC","Max Wegner","20240109","2023","November","3","1132","EDT","G","Seawater","C3","50","25","1",NA,"Within Range","Within Range",1.79762790042818,14321.2325756184,112.0715648646,892844.923666983,NA,NA,NA
"845","Varian GC","Max Wegner","20240109","2023","November","3","1107","EDT","G","Seawater","C6","10","26","1",NA,"Within Range","Within Range",2.01453550718248,2657.56279054155,125.594482991426,165683.465744486,NA,NA,NA
"846","Varian GC","Max Wegner","20240109","2023","November","3","1108","EDT","G","Seawater","C6","20","27","1",NA,"Within Range","Within Range",1.48414099431613,9517.62828542081,92.5274934112299,593368.346971372,NA,NA,NA
"847","Varian GC","Max Wegner","20240109","2023","November","3","1109","EDT","G","Seawater","C6","35","28","1",NA,"Within Range","Within Range",1.73746374672991,10707.7168991718,108.320682464458,667563.397703979,NA,NA,NA
"848","Varian GC","Max Wegner","20240109","2023","November","3","1110","EDT","G","Seawater","C6","50","29","1",NA,"Within Range","Within Range",1.74221354833767,13176.8569704805,108.616804759206,821499.811127216,NA,NA,NA
"849","Varian GC","Max Wegner","20240109","2023","November","3","1121","EDT","G","Seawater","F4","10","30","1",NA,"Within Range","Within Range",2.18552836506178,2520.57142087439,136.254885602355,157142.856662992,NA,NA,NA
"850","Varian GC","Max Wegner","20240109","2023","November","3","1122","EDT","G","Seawater","F4","20","31","1",NA,"Within Range","Within Range",1.32898080846269,10503.2735053434,82.8541651161277,654817.550208443,NA,NA,NA
"851","Varian GC","Max Wegner","20240109","2023","November","3","1123","EDT","G","Seawater","F4","35","32","1",NA,"Within Range","Within Range",1.65038405058767,12896.3102431234,102.891773727411,804009.366778265,NA,NA,NA
"852","Varian GC","Max Wegner","20240109","2023","November","3","1124","EDT","G","Seawater","F4","50","33","1",NA,"Within Range","Within Range",1.4873075287213,26257.9521814865,92.7249082743953,1637029.43774853,NA,NA,NA
"853","Varian GC","Max Wegner","20240109","2023","November","3","1125","EDT","G","Seawater","F4","ATM","34","1",NA,"Within Range","Within Range",2.45151725509625,495.064319220744,152.837734108245,30864.3590536623,NA,NA,NA
"854","Varian GC","Max Wegner","20240109","2023","November","3","1118","EDT","G","Seawater","H3","10","35","1",NA,"Within Range","Within Range",1.9211227422299,1564.99436694603,119.770744528049,97568.2273657126,NA,NA,NA
"855","Varian GC","Max Wegner","20240109","2023","November","3","1119","EDT","G","Seawater","H3","20","36","1",NA,"Within Range","Within Range",1.43505971103596,5297.40010866546,89.467563032167,330261.852161188,NA,NA,NA
"856","Varian GC","Max Wegner","20240109","2023","November","3","1120","EDT","G","Seawater","H3","35","37","1",NA,"Within Range","Within Range",1.1674875537989,8985.32778430364,72.7860070946948,560182.530193494,NA,NA,NA
"857","Varian GC","Max Wegner","20240109","2023","November","3","1121","EDT","G","Seawater","H3","50","38","1",NA,"Within Range","Within Range",1.10574013289804,10610.3645001212,68.9364172629704,661494.04614222,NA,NA,NA
"858","Varian GC","Max Wegner","20240109","2023","November","3","1113","EDT","G","Seawater","H6","10","39","1",NA,"Within Range","Within Range",1.45722545187216,8541.59413998564,90.8494670743245,532518.337904342,NA,NA,NA
"859","Varian GC","Max Wegner","20240109","2023","November","3","1114","EDT","G","Seawater","H6","20","40","1",NA,"Within Range","Within Range",1.21815210428166,14365.7173533438,75.9446449053404,895618.288861836,NA,NA,NA
"860","Varian GC","Max Wegner","20240109","2023","November","3","1115","EDT","G","Seawater","H6","35","41","1",NA,"Within Range","Within Range",1.35431308370407,16978.2181446609,84.4334840214505,1058492.40303372,NA,NA,NA
"861","Varian GC","Max Wegner","20240109","2023","November","3","1117","EDT","G","Seawater","H6","50","42","1",NA,"Within Range","Within Range",1.49205733032906,16688.3892133819,93.0210305691433,1040423.2676672,NA,NA,NA
"862","Varian GC","Max Wegner","20240109","2023","November","3","1040","EDT","G","Freshwater","C3","10","43","1",NA,"Within Range","Within Range",1.99395303354886,1778.20316809329,124.311286380852,110860.546639232,NA,NA,NA
"863","Varian GC","Max Wegner","20240109","2023","November","3","1041","EDT","G","Freshwater","C3","20","44","1",NA,"Within Range","Within Range",1.37172902293251,4191.23389393057,85.51926576886,261298.871192679,NA,NA,NA
"864","Varian GC","Max Wegner","20240109","2023","November","3","1042","EDT","G","Freshwater","C3","35","45","1",NA,"Within Range","Within Range",1.41447723740234,5738.89877546647,88.1843664215922,357786.706699905,NA,NA,NA
"865","Varian GC","Max Wegner","20240109","2023","November","3","1042","EDT","G","Freshwater","C3","50","46","1",NA,"Within Range","Within Range",1.20390269945838,10331.0795618727,75.0562780210963,644082.266949671,NA,NA,NA
"866","Varian GC","Max Wegner","20240109","2023","November","3","1044","EDT","G","Freshwater","C6","10","47","1",NA,"Within Range","Within Range",2.02245184319541,1451.3393841454,126.08802014934,90482.5052459724,NA,NA,NA
"867","Varian GC","Max Wegner","20240109","2023","November","3","1045","EDT","G","Freshwater","C6","20","48","1",NA,"Within Range","Within Range",1.46355852068251,3134.82780925851,91.2442968006552,195438.142721852,NA,NA,NA
"868","Varian GC","Max Wegner","20240109","2023","November","3","1046","EDT","G","Freshwater","C6","35","49","1",NA,"Within Range","Within Range",1.2134023026739,5828.03612202223,75.6485226105924,363343.897881685,NA,NA,NA
"869","Varian GC","Max Wegner","20240110","2023","November","3","1047","EDT","G","Freshwater","C6","50","50","1",NA,"Within Range","Within Range",1.40497763418682,8500.90144123046,87.5921218320962,529981.386610378,NA,NA,NA
"870","Varian GC","Max Wegner","20240110","2023","November","3","1031","EDT","G","Freshwater","F4","10","51","1",NA,"Within Range","Within Range",2.39768617020832,1521.48948927308,149.481681434434,94855.9531965762,NA,NA,NA
"871","Varian GC","Max Wegner","20240110","2023","November","3","1032","EDT","G","Freshwater","F4","20","52","1",NA,"Within Range","Within Range",1.61396890492819,3507.57910456862,100.621502801009,218677.00153171,NA,NA,NA
"872","Varian GC","Max Wegner","20240110","2023","November","3","1033","EDT","G","Freshwater","F4","35","53","1",NA,"Within Range","Within Range",1.47147485669544,4925.65555998461,91.7378339585685,307085.758103779,NA,NA,NA
"873","Varian GC","Max Wegner","20240110","2023","November","3","1034","EDT","G","Freshwater","F4","50","54","1",NA,"Within Range","Within Range",1.25298398273855,9672.51961015643,78.1162084001593,603024.913351399,NA,NA,NA
"874","Varian GC","Max Wegner","20240110","2023","November","3","1035","EDT","G","Freshwater","F4","ATM","55","1",NA,"Within Range","Within Range",2.61301050976003,503.339776513361,162.905892129678,31380.2853187881,NA,NA,NA
"875","Varian GC","Max Wegner","20240110","2023","November","3","1027","EDT","G","Freshwater","H3","10","56","1",NA,"Within Range","Within Range",2.28052439721695,1083.74263157715,142.177331497316,67565.0019686505,NA,NA,NA
"876","Varian GC","Max Wegner","20240110","2023","November","3","1028","EDT","G","Freshwater","H3","20","57","1",NA,"Within Range","Within Range",1.65671711939802,2493.65101600765,103.286603453742,155464.527182522,NA,NA,NA
"877","Varian GC","Max Wegner","20240110","2023","November","3","1029","EDT","G","Freshwater","H3","35","58","1",NA,"Within Range","Within Range",1.6013027673075,3411.01867953303,99.831843348348,212657.024908543,NA,NA,NA
"878","Varian GC","Max Wegner","20240110","2023","November","3","1030","EDT","G","Freshwater","H3","50","59","1",NA,"Within Range","Within Range",1.50155693354458,5647.80834044993,93.6132751586394,352107.751898375,NA,NA,NA
"879","Varian GC","Max Wegner","20240110","2023","November","3","1021","EDT","G","Freshwater","H6","10","60","1",NA,"Within Range","Within Range",2.31060647406608,1323.86512594696,144.052772697387,82535.2322909574,NA,NA,NA
"880","Varian GC","Max Wegner","20240110","2023","November","3","1023","EDT","G","Freshwater","H6","20","61","1",NA,"Within Range","Within Range",1.74221354833767,2242.97781696308,108.616804759206,139836.522254556,NA,NA,NA
"881","Varian GC","Max Wegner","20240110","2023","November","3","1025","EDT","G","Freshwater","H6","35","62","1",NA,"Within Range","Within Range",1.38756169495837,3604.9851967728,86.5063400846867,224749.700546933,NA,NA,NA
"882","Varian GC","Max Wegner","20240110","2023","November","3","1026","EDT","G","Freshwater","H6","50","63","1",NA,"Within Range","Within Range",1.39072822936355,6019.3716747375,86.7037549478521,375272.548300343,NA,NA,NA
