"","Sapflux_Tree_ID","Plot","Tree_ID","spp","Grid_Square","Well_Height_m","Run_Date","Sample_Year","Sample_Month","Sample_Day","Sample_Time","Time_Zone","G_W","Sample_Plot","Sample_Grid","Sample_ID","Sample_Vol_mL","Dilution_Factor","Field_Notes","Lab_Notes","CH4_Flag","CO2_Flag","CH4_Conc_ppm_dilcorr","CO2_Conc_ppm_dilcorr","CH4_Conc_umol","CO2_Conc_umol","CH4_Conc_nmol","CO2_Conc_nmol","Event_Stamp","CH4_Area","CO2_Conc_ppm"
"1","C1","Control",1384,"LITU","F5",0.8,"20240716","2024","April","4","1115","EDT","G","Control","F5","1","2","7","","","Within Range","Within Range","15.7694700071583","3493.0797468479","0.0128908266074118","2.85543428676031","12.8908266074118","2855.43428676031",NA,NA,NA
"2","C1","Control",1384,"LITU","F5",0.8,"20241204","2024","September","5","1414","EDT","G","Control","F5","1","2","7",NA,"","Needs Dilution","Within Range","103497.86963144","52803.20621028","84.6048149398663","43.1642265252508","84604.8149398663","43164.2265252508",NA,NA,NA
"3","C1","Control",1384,"LITU","F5",0.8,"20241001","2024","June","13","905","EDT","G","Control","F5","181","2","7","a little water","","Needs Dilution","Within Range","70867.9961893284","69716.2987934316","57.9313731201278","56.9899127268506","57931.3731201278","56989.9127268506","D4_AM",NA,NA
"4","C1","Control",1384,"LITU","F5",0.8,"20240916","2024","June","11","1407","EDT","G","Control","F5","73","2",NA,NA,"","Needs Dilution","Within Range","75155.315936521",NA,NA,NA,NA,NA,"D2_PM","5836770","11357.7837287352"
"5","C1","Control",1384,"LITU","F5",0.8,"20241007","2024","July","12","1329","EDT","G","Control","F5","1","1.8","7.67","sappy","","Within Range","Within Range","51156.1341881633","71729.6632445387","41.8178198395862","58.6357468623648","41817.8198395862","58635.7468623648",NA,NA,NA
"6","C1","Control",1384,"LITU","F5",0.8,"20241204","2024","October","2","1213","EDT","G","Control","F5","31","2","7",NA,"","Within Range","Within Range","2535.36298930087","15242.3837791301","2.07254426858296","12.4599575186231","2072.54426858296","12459.9575186231",NA,NA,NA
"7","C1","Control",1384,"LITU","F5",0.8,"20240717","2024","June","10","1353","EDT","G","Control","F5","1","2","7","",NA,"Within Range","Within Range","631.294328516827","8148.39053805334","0.516054485246417","6.66093974672831","516.054485246417","6660.93974672831","D1_PM",NA,NA
"8","C1","Control",1384,"LITU","F5",0.8,"20240716","2024","May","22","1311","EDT","G","Control","F5","1","2","7","","","Within Range","Within Range","8409.06216886583","40694.9561324721","6.87402698382313","33.2662811788727","6874.02698382313","33266.2811788727",NA,NA,NA
"9","C1","Control",1384,"LITU","F5",0.8,"20241007","2024","August","6","1240","EDT","G","Control","F5","31","2","7","","","Within Range","Within Range","59610.847333389","47202.6727140322","48.7291644263755","38.5860443684402","48729.1644263755","38586.0443684402",NA,NA,NA
"10","C1","Control",1384,"LITU","F5",0.8,"20241001","2024","June","13","1402","EDT","G","Control","F5","217","1","13","1ml, 1 drop of water ",NA,"Within Range","Within Range","62377.6578257072","151447.011154679","50.9909065328542","123.801063708515","50990.9065328542","123801.063708515","D4_PM",NA,NA
"11","C1","Control",1384,"LITU","F5",0.8,"20241002","2024","June","14","1510","EDT","W","Control","F5","289","2","7","",NA,"Within Range","Within Range","17166.5801724612","34795.0190410317","701.645040527613","1422.16750802635","701645.040527613","1422167.50802635","D5_PM",NA,NA
"12","C1","Control",1384,"LITU","F5",0.8,"20241205","2024","November","5","1322","EST","G","Control","F5","1","2","7",NA,NA,"Needs Dilution","Within Range","92417.4794554513","46698.4696460338","75.5470984512147","38.1738812252564","75547.0984512147","38173.8812252564",NA,NA,NA
"13","C1","Control",1384,"LITU","F5",0.8,"20241001","2024","June","12","1526","EDT","G","Control","F5","145","2","7","","","Within Range","Within Range","63785.7072541681","63771.8601787555","52.1419230875459","52.1306037313416","52141.9230875459","52130.6037313416","D3_PM",NA,NA
"14","C1","Control",1384,"LITU","F5",0.8,"20240717","2024","June","11","8:46","EDT","G","Control","F5","37",NA,NA,"Lost due to vial breakage!!",NA,NA,NA,NA,NA,NA,NA,NA,NA,"D2_AM",NA,NA
"15","C1","Control",1384,"LITU","F5",0.8,"20241001","2024","June","14","1117","EDT","W","Control","F5","253","2","7","",NA,"Within Range","Within Range","5494.04742260778","46823.1163065079","224.55673103023","1913.7887108821","224556.73103023","1913788.7108821","D5_AM",NA,NA
"16","C1","Control",1384,"LITU","F5",0.8,"20240916","2024","June","12","1121","EDT","G","Control","F5","109","2",NA,NA,"","Needs Dilution","Within Range","76695.3415020177",NA,NA,NA,NA,NA,"D3_AM","5957767","16979.9886472138"
"17","C11_H","Control",1395,"ACRU","F2",0.8,"20241001","2024","June","12","1324","EDT","G","Control","F2","150","2","7","","","Within Range","Within Range","400.426699842412","99886.4607475149","0.327330668329597","81.6526519496068","327.330668329597","81652.6519496068","D3_PM",NA,NA
"18","C11_H","Control",1395,"ACRU","F2",0.8,"20240717","2024","June","10","1524","EDT","G","Control","F2","6","2","7","",NA,"Within Range","Within Range","294.61776201485","95621.4256337281","0.240836659943116","78.1661791574716","240.836659943116","78166.1791574716","D1_PM",NA,NA
"19","C11_H","Control",1395,"ACRU","F2",0.8,"20240916","2024","June","12","838","EDT","G","Control","F2","114","2",NA,NA,"","Within Range","Within Range","395.654943295026",NA,NA,NA,NA,NA,"D3_AM","26940","18919.598498744"
"20","C11_H","Control",1395,"ACRU","F2",0.8,"20241001","2024","June","13","817","EDT","G","Control","F2","186","2","7","","","Within Range","Within Range","410.800842525952","92397.3198740385","0.33581105952051","75.5306189076186","335.81105952051","75530.6189076186","D4_AM",NA,NA
"21","C11_H","Control",1395,"ACRU","F2",0.8,"20241001","2024","June","13","1345","EDT","G","Control","F2","222","2","7","",NA,"Within Range","Within Range","403.218331657372","95229.5352976924","0.329612700741723","77.8458265794419","329.612700741723","77845.8265794419","D4_PM",NA,NA
"22","C11_H","Control",1395,"ACRU","F2",0.8,"20240716","2024","April","4","1123","EDT","G","Control","F2","5","2","7","","","Within Range","Within Range","56.5437005113369","37781.5954760774","0.0462219109901725","30.8847409591068","46.2219109901725","30884.7409591068",NA,NA,NA
"23","C11_H","Control",1395,"ACRU","F2",0.8,"20240716","2024","May","22","1313","EDT","G","Control","F2","5","2","7","high","","Within Range","Within Range","890.216499508088","86137.7832494766","0.727711618272947","70.4137315782827","727.711618272946","70413.7315782826",NA,NA,NA
"24","C11_H","Control",1395,"ACRU","F2",0.8,"20240717","2024","June","11","8:18","EDT","G","Control","F2","42","2","7","",NA,"Within Range","Within Range","292.740077240321","98534.1637776726","0.23930173779032","80.5472105015396","239.30173779032","80547.2105015396","D2_AM",NA,NA
"25","C11_H","Control",1395,"ACRU","F2",0.8,"20240916","2024","June","11","1322","EDT","G","Control","F2","78","2",NA,NA,"","Within Range","Within Range","354.354520254559",NA,NA,NA,NA,NA,"D2_PM","24097","18317.1787774151"
"26","C11_H","Control",1395,"ACRU","F2",0.8,"20241002","2024","June","14","1325","EDT","G","Control","F2","294","2","7","",NA,"Within Range","Within Range","515.968561598689","98849.8223490389","0.421780900653297","80.8052470689562","421.780900653297","80805.2470689562","D5_PM",NA,NA
"27","C11_H","Control",1395,"ACRU","F2",0.8,"20241001","2024","June","14","846","EDT","G","Control","F2","258","2","7","",NA,"Within Range","Within Range","524.306885447739","108639.120341083","0.428597102268555","88.8075542464607","428.597102268555","88807.5542464607","D5_AM",NA,NA
"28","C11_L","Control",1395,"ACRU","F2",1.3,"20241007","2024","August","6","1234","EDT","G","Control","F2","35","2","7","","","Within Range","Within Range","198.173584375183","88353.8422343118","0.161997918331444","72.2252593032056","161.997918331444","72225.2593032056",NA,NA,NA
"29","C11_L","Control",1395,"ACRU","F2",1.3,"20241001","2024","June","13","1346","EDT","G","Control","F2","223","2","7","",NA,"Within Range","Within Range","76.9996968612144","125361.550003842","0.0629437603553332","102.477382156937","62.9437603553332","102477.382156937","D4_PM",NA,NA
"30","C11_L","Control",1395,"ACRU","F2",1.3,"20240717","2024","June","10","1521","EDT","G","Control","F2","7","2","7","",NA,"Within Range","Within Range","352.342843065725","137464.509828241","0.288024295950404","112.371002961058","288.024295950404","112371.002961058","D1_PM",NA,NA
"31","C11_L","Control",1395,"ACRU","F2",1.3,"20240916","2024","June","11","1323","EDT","G","Control","F2","79","2",NA,NA,"","Within Range","Within Range","60.2106701935741",NA,NA,NA,NA,NA,"D2_PM","3849","24619.6417833574"
"32","C11_L","Control",1395,"ACRU","F2",1.3,"20241204","2024","October","2","1215","EDT","G","Control","F2","35","2","7",NA,"","Within Range","Within Range","141.609299290816","90309.9977027117","0.115759180386301","73.8243276897041","115.759180386301","73824.3276897041",NA,NA,NA
"33","C11_L","Control",1395,"ACRU","F2",1.3,"20240916","2024","June","12","837","EDT","G","Control","F2","115","2",NA,NA,"","Within Range","Within Range","113.989835193859",NA,NA,NA,NA,NA,"D3_AM","7551","26103.1544604978"
"34","C11_L","Control",1395,"ACRU","F2",1.3,"20241204","2024","September","5","1405","EDT","G","Control","F2","5","2","7",NA,"","Within Range","Within Range","798.081767696712","77728.8495410143","0.652395653198553","63.5398096050139","652.395653198553","63539.8096050139",NA,NA,NA
"35","C11_L","Control",1395,"ACRU","F2",1.3,"20241007","2024","July","12","1331","EDT","G","Control","F2","5","2","7","","","Within Range","Within Range","867.83035555383","119729.953659893","0.709411960770703","97.8738075307867","709.411960770703","97873.8075307867",NA,NA,NA
"36","C11_L","Control",1395,"ACRU","F2",1.3,"20241205","2024","November","5","1323","EST","G","Control","F2","5","2","7",NA,NA,"Within Range","Within Range","654.474617458703","76347.5096186761","0.535003320262672","62.4106268603387","535.003320262672","62410.6268603387",NA,NA,NA
"37","C11_L","Control",1395,"ACRU","F2",1.3,"20241001","2024","June","14","844","EDT","G","Control","F2","259","2","7","",NA,"Within Range","Within Range","123.22619398928","134985.543254839","0.100731825450445","110.344560204975","100.731825450445","110344.560204975","D5_AM",NA,NA
"38","C11_L","Control",1395,"ACRU","F2",1.3,"20240717","2024","June","11","8:19","EDT","G","Control","F2","43","2","7","",NA,"Within Range","Within Range","49.4755831179894","137456.41681382","0.0404440455503629","112.364387288776","40.4440455503629","112364.387288776","D2_AM",NA,NA
"39","C11_L","Control",1395,"ACRU","F2",1.3,"20241001","2024","June","13","818","EDT","G","Control","F2","187","2","7","","","Within Range","Within Range","115.290157694351","132319.982531919","0.0942444756675025","108.165585193443","94.2444756675025","108165.585193443","D4_AM",NA,NA
"40","C11_L","Control",1395,"ACRU","F2",1.3,"20241001","2024","June","12","1323","EDT","G","Control","F2","151","2","7","","","Within Range","Within Range","1209.44713147195","126076.070602128","0.9886681832401","103.061470343524","988.6681832401","103061.470343524","D3_PM",NA,NA
"41","C11_L","Control",1395,"ACRU","F2",1.3,"20241002","2024","June","14","1324","EDT","G","Control","F2","295","2","7","",NA,"Within Range","Within Range","282.836828719702","123759.801061488","0.231206281223203","101.168025033639","231.206281223203","101168.025033639","D5_PM",NA,NA
"42","C13","Control",1407,"FAGR","B8",0.8,"20241205","2024","November","5","1328","EST","G","Control","B8","7","2","7",NA,NA,"Within Range","Within Range","16837.2306137549","61352.9629854375","13.7636724818523","50.1532649694135","13763.6724818523","50153.2649694135",NA,NA,NA
"43","C13","Control",1407,"FAGR","B8",0.8,"20241001","2024","June","14","1000","EDT","G","Control","B8","262","2","7","",NA,"Needs Dilution","Within Range","79853.0067664933","98861.057497403","65.2762118092796","80.8144312932455","65276.2118092796","80814.4312932455","D5_AM",NA,NA
"44","C13","Control",1407,"FAGR","B8",0.8,"20241007","2024","July","12","1320","EDT","G","Control","B8","7","2","7","","","Within Range","Within Range","68068.422371275","94149.5240008807","55.6428484806318","76.9629663213022","55642.8484806318","76962.9663213022",NA,NA,NA
"45","C13","Control",1407,"FAGR","B8",0.8,"20240717","2024","June","10","1458","EDT","G","Control","B8","10","2","7","",NA,"Within Range","Within Range","32193.8556247217","85673.7828263469","26.3170170268215","70.0344322741453","26317.0170268215","70034.4322741453","D1_PM",NA,NA
"46","C13","Control",1407,"FAGR","B8",0.8,"20241007","2024","August","6","1237","EDT","G","Control","B8","37","2","7","","","Needs Dilution","Within Range","80788.0530848546","70280.8432251831","66.0405697714954","57.4514021985059","66040.5697714954","57451.4021985059",NA,NA,NA
"47","C13","Control",1407,"FAGR","B8",0.8,"20241001","2024","June","12","1435","EDT","G","Control","B8","154","2","7","","","Needs Dilution","Within Range","71849.8619667924","86697.2675098243","58.734003866963","70.8710845892871","58734.003866963","70871.0845892871","D3_PM",NA,NA
"48","C13","Control",1407,"FAGR","B8",0.8,"20240916","2024","June","12","1015","EDT","G","Control","B8","118","2",NA,NA,"","Needs Dilution","Within Range","70699.9496943653",NA,NA,NA,NA,NA,"D3_AM","5486720","17261.8450209876"
"49","C13","Control",1407,"FAGR","B8",0.8,"20240716","2024","May","22","1316","EDT","G","Control","B8","7","2","7","","checked","Needs Dilution","Within Range","93571.2856393259","71920.3470590862","76.4902826830332","58.7916222335127","76490.2826830332","58791.6222335127",NA,NA,NA
"50","C13","Control",1407,"FAGR","B8",0.8,"20241001","2024","June","13","1530","EDT","G","Control","B8","226","2","7","",NA,"Needs Dilution","Within Range","78511.3568168184","90884.319894343","64.1794738173718","74.2938100366535","64179.4738173718","74293.8100366535","D4_PM",NA,NA
"51","C13","Control",1407,"FAGR","B8",0.8,"20240716","2024","April","4","1119","EDT","G","Control","B8","7","2","7","","","Within Range","Within Range","5702.27040807059","24360.3000365224","4.66134746859889","19.9134405742737","4661.34746859888","19913.4405742737",NA,NA,NA
"52","C13","Control",1407,"FAGR","B8",0.8,"20241204","2024","September","5","1409","EDT","G","Control","B8","7","2","7",NA,"","Within Range","Within Range","56312.3556332096","66735.9674815574","46.0327970434705","54.5536270332559","46032.7970434705","54553.6270332559",NA,NA,NA
"53","C13","Control",1407,"FAGR","B8",0.8,"20240717","2024","June","11","10:50","EDT","G","Control","B8","46","2","7","",NA,"Within Range","Within Range","60996.4707167585","91571.7642229172","49.8618487061949","74.8557646006227","49861.8487061949","74855.7646006227","D2_AM",NA,NA
"54","C13","Control",1407,"FAGR","B8",0.8,"20241002","2024","June","14","1427","EDT","G","Control","B8","298","2","7","",NA,"Needs Dilution","Within Range","82460.1507999336","94591.0914598409","67.4074338262764","77.3239276945346","67407.4338262765","77323.9276945346","D5_PM",NA,NA
"55","C13","Control",1407,"FAGR","B8",0.8,"20241001","2024","June","13","1032","EDT","G","Control","B8","190","2","7","","","Needs Dilution","Within Range","77712.9727034054","90527.1031422868","63.5268310102611","74.0018015411283","63526.8310102611","74001.8015411283","D4_AM",NA,NA
"56","C13","Control",1407,"FAGR","B8",0.8,"20240916","2024","June","11","1540","EDT","G","Control","B8","82","2",NA,NA,"","Within Range","Within Range","65067.1347132813",NA,NA,NA,NA,NA,"D2_PM","5044160","16604.3697224777"
"57","C13","Control",1407,"FAGR","B8",0.8,"20241204","2024","October","2","1211","EDT","G","Control","B8","37","2","7",NA,"","Within Range","Within Range","5314.70788361747","49697.329848738","4.34453268027764","40.6253134468454","4344.53268027765","40625.3134468454",NA,NA,NA
"58","C14","Control",1412,"FAGR","B7",0.8,"20241007","2024","July","12","1321","EDT","G","Control","B7","8","2","7","","","Within Range","Within Range","5737.42855460613","73125.0340976747","4.69008765901885","59.7763992566842","4690.08765901885","59776.3992566842",NA,NA,NA
"59","C14","Control",1412,"FAGR","B7",0.8,"20240916","2024","June","12","1007","EDT","G","Control","B7","119","2",NA,NA,"","Within Range","Within Range","1907.54212393227",NA,NA,NA,NA,NA,"D3_AM","81826","11862.9267133242"
"60","C14","Control",1412,"FAGR","B7",0.8,"20241205","2024","November","5","1328","EST","G","Control","B7","8","2","7",NA,NA,"Within Range","Within Range","15417.4961292101","61452.9447482652","12.6031039237129","50.2349955264918","12603.1039237129","50234.9955264918",NA,NA,NA
"61","C14","Control",1412,"FAGR","B7",0.8,"20241001","2024","June","12","1423","EDT","G","Control","B7","155","2","7","","","Within Range","Within Range","511.555589035303","69592.3202376467","0.418173495704871","56.8885658797508","418.173495704871","56888.5658797508","D3_PM",NA,NA
"62","C14","Control",1412,"FAGR","B7",0.8,"20241001","2024","June","13","1523","EDT","G","Control","B7","227","1","13","1ml ",NA,"Within Range","Within Range","737.333148370557","143007.33069411","0.602736411764461","116.902007659722","602.736411764461","116902.007659722","D4_PM",NA,NA
"63","C14","Control",1412,"FAGR","B7",0.8,"20241007","2024","August","6","1238","EDT","G","Control","B7","38","2","7","","","Within Range","Within Range","5279.60242073878","57516.8872889467","4.31583555635802","47.0174470482074","4315.83555635802","47017.4470482074",NA,NA,NA
"64","C14","Control",1412,"FAGR","B7",0.8,"20241204","2024","September","5","1410","EDT","G","Control","B7","8","2","7",NA,"","Within Range","Within Range","10366.8008440976","68680.7454187585","8.47438957011047","56.1433948039545","8474.38957011047","56143.3948039545",NA,NA,NA
"65","C14","Control",1412,"FAGR","B7",0.8,"20240717","2024","June","11","11:10","EDT","G","Control","B7","47","2","7","",NA,"Within Range","Within Range","1133.57961456936","62210.4739153967","0.926649928658163","50.8542412677321","926.649928658162","50854.2412677321","D2_AM",NA,NA
"66","C14","Control",1412,"FAGR","B7",0.8,"20241001","2024","June","13","947","EDT","G","Control","B7","191","2","7","","","Within Range","Within Range","816.769937293577","84100.3805426024","0.6676723843616","68.7482472587802","667.6723843616","68748.2472587802","D4_AM",NA,NA
"67","C14","Control",1412,"FAGR","B7",0.8,"20241002","2024","June","14","1530","EDT","G","Control","B7","299","1.5","9","1.5mL only",NA,"Within Range","Within Range","1115.44985897507","134524.007507977","0.911829675618928","109.967275661916","911.829675618928","109967.275661916","D5_PM",NA,NA
"68","C14","Control",1412,"FAGR","B7",0.8,"20241001","2024","June","14","952","EDT","G","Control","B7","263","1.8","7.67","1.8 mL only",NA,"Within Range","Within Range","1163.3126132825","122393.386843641","0.950955306756194","100.051043375526","950.955306756194","100051.043375526","D5_AM",NA,NA
"69","C14","Control",1412,"FAGR","B7",0.8,"20240716","2024","May","22","1317","EDT","G","Control","B7","8","2","7","","","Within Range","Within Range","13677.2098886678","75988.1758059642","11.18049884162","62.1168877637333","11180.49884162","62116.8877637333",NA,NA,NA
"70","C14","Control",1412,"FAGR","B7",0.8,"20240916","2024","June","11","1538","EDT","G","Control","B7","83","2",NA,NA,"","Within Range","Within Range","676.971402028282",NA,NA,NA,NA,NA,"D2_PM","46305","13404.966711566"
"71","C14","Control",1412,"FAGR","B7",0.8,"20240716","2024","April","4","1120","EDT","G","Control","B7","8","2","7","","","Within Range","Within Range","316.782131106268","5321.75488985139","0.258955026552168","4.35029328830199","258.955026552168","4350.29328830199",NA,NA,NA
"72","C14","Control",1412,"FAGR","B7",0.8,"20240717","2024","June","10","1640","EDT","G","Control","B7","11","2","7","",NA,"Within Range","Within Range","1197.06128633671","33538.2934101339","0.97854331652282","27.4160339480202","978.54331652282","27416.0339480202","D1_PM",NA,NA
"73","C14","Control",1412,"FAGR","B7",0.8,"20241204","2024","October","2","1209","EDT","G","Control","B7","38","2","7",NA,"","Within Range","Within Range","6522.63576647988","59782.6852553049","5.33195894667525","48.869634134932","5331.95894667525","48869.634134932",NA,NA,NA
"74","C15","Control",1432,"FAGR","A4",0.7,"20241205","2024","November","5","1327","EST","G","Control","A4","9","2","7",NA,NA,"Within Range","Within Range","17584.7734100547","42942.8943851556","14.3747548178056","35.1038687595813","14374.7548178056","35103.8687595813",NA,NA,NA
"75","C15","Control",1432,"FAGR","A4",0.7,"20241001","2024","June","12","1354","EDT","G","Control","A4","156","1.4","9.57","only 1.4 mL of gas","","Within Range","Within Range","17613.1837923228","63743.8973812308","14.3979790169387","52.1077454124391","14397.9790169387","52107.745412439","D3_PM",NA,NA
"76","C15","Control",1432,"FAGR","A4",0.7,"20240916","2024","June","12","939","EDT","G","Control","A4","120","2",NA,NA,"","Within Range","Within Range","22372.1637752462",NA,NA,NA,NA,NA,"D3_AM","1689694","13629.0172758111"
"77","C15","Control",1432,"FAGR","A4",0.7,"20241204","2024","October","2","1208","EDT","G","Control","A4","39","2","7",NA,"","Within Range","Within Range","115.375922198581","13014.2687747896","0.0943145842604104","10.6385745444782","94.3145842604104","10638.5745444782",NA,NA,NA
"78","C15","Control",1432,"FAGR","A4",0.7,"20240716","2024","May","22","1301","EDT","G","Control","A4","9","2","7","","","Within Range","Within Range","3733.94620107193","26873.5876814113","3.05233169013117","21.9679392498859","3052.33169013117","21967.9392498859",NA,NA,NA
"79","C15","Control",1432,"FAGR","A4",0.7,"20241001","2024","June","13","1014","EDT","G","Control","A4","192","2","7","","","Within Range","Within Range","11900.2819618229","69063.9634349284","9.72794084262398","56.4566581537716","9727.94084262398","56456.6581537716","D4_AM",NA,NA
"80","C15","Control",1432,"FAGR","A4",0.7,"20241001","2024","June","13","1507","EDT","G","Control","A4","228","2","7","",NA,"Within Range","Within Range","2808.33295104289","24264.3318982187","2.29568483350054","19.8349909732314","2295.68483350054","19834.9909732314","D4_PM",NA,NA
"81","C15","Control",1432,"FAGR","A4",0.7,"20241001","2024","June","14","930","EDT","G","Control","A4","264","2","7","",NA,"Within Range","Within Range","8507.4851957404","83799.2959852798","6.95448334494629","68.5021242869331","6954.48334494629","68502.1242869331","D5_AM",NA,NA
"82","C15","Control",1432,"FAGR","A4",0.7,"20241007","2024","August","6","1236","EDT","G","Control","A4","39","2","7","","","Within Range","Within Range","25564.346127456","47785.2456396702","20.8976936518033","39.0622713162808","20897.6936518033","39062.2713162808",NA,NA,NA
"83","C15","Control",1432,"FAGR","A4",0.7,"20241002","2024","June","14","1401","EDT","G","Control","A4","300","1.8","7.67","1.8mL only",NA,"Within Range","Within Range","6837.8037565488","72301.6726423095","5.58959448612843","59.1033386052151","5589.59448612843","59103.3386052151","D5_PM",NA,NA
"84","C15","Control",1432,"FAGR","A4",0.7,"20241007","2024","July","12","1325","EDT","G","Control","A4","9","2","7","","","Within Range","Within Range","18019.0403737733","43336.6929996233","14.7297483672454","35.4257812686915","14729.7483672454","35425.7812686915",NA,NA,NA
"85","C15","Control",1432,"FAGR","A4",0.7,"20240716","2024","April","4","1121","EDT","G","Control","A4","9","2","7","","","Within Range","Within Range","34.2553949898375","1766.18806688105","0.0280022319698728","1.4437786505132","28.0022319698728","1443.7786505132",NA,NA,NA
"86","C15","Control",1432,"FAGR","A4",0.7,"20240717","2024","June","11","11:00","EDT","G","Control","A4","48","2","7","",NA,"Within Range","Within Range","7487.4801130211","17090.3829227347","6.12067544562915","13.9706130143397","6120.67544562915","13970.6130143397","D2_AM",NA,NA
"87","C15","Control",1432,"FAGR","A4",0.7,"20240717","2024","June","10","1613","EDT","G","Control","A4","12","2","7","",NA,"Within Range","Within Range","27521.6023386832","56952.5877055417","22.497661845646","46.5561577289718","22497.661845646","46556.1577289718","D1_PM",NA,NA
"88","C15","Control",1432,"FAGR","A4",0.7,"20240916","2024","June","11","1518","EDT","G","Control","A4","84","2",NA,NA,"","Within Range","Within Range","23625.2792826636",NA,NA,NA,NA,NA,"D2_PM","1788149","11767.5938136449"
"89","C15","Control",1432,"FAGR","A4",0.7,"20241204","2024","September","5","1408","EDT","G","Control","A4","9","2","7",NA,"","Within Range","Within Range","34580.1094357404","49502.0711883045","28.2676713040518","40.4656983466485","28267.6713040518","40465.6983466485",NA,NA,NA
"90","C19_H","Control",1451,"ACRU","A1",1.3,"20240717","2024","June","10","1558","EDT","G","Control","A1","8","2","7","",NA,"Within Range","Within Range","223.276721195459","71146.1578990937","0.182518594289825","58.158757703616","182.518594289825","58158.757703616","D1_PM",NA,NA
"91","C19_H","Control",1451,"ACRU","A1",1.3,"20240717","2024","June","11","10:11","EDT","G","Control","A1","44","2","7","",NA,"Within Range","Within Range","250.058435611111","60880.6463868527","0.204411431311277","49.7671675689685","204.411431311277","49767.1675689685","D2_AM",NA,NA
"92","C19_H","Control",1451,"ACRU","A1",1.3,"20241001","2024","June","12","1334","EDT","G","Control","A1","152","2","7","","","Within Range","Within Range","328.673228825589","52709.3324662896","0.268675459693039","43.0874889965818","268.675459693039","43087.4889965818","D3_PM",NA,NA
"93","C19_H","Control",1451,"ACRU","A1",1.3,"20240716","2024","May","22","1304","EDT","G","Control","A1","6","2","7","high","","Within Range","Within Range","1443.33232290326","42265.3531573035","1.17985872086843","34.5500095313606","1179.85872086843","34550.0095313606",NA,NA,NA
"94","C19_H","Control",1451,"ACRU","A1",1.3,"20240916","2024","June","12","901","EDT","G","Control","A1","116","2",NA,NA,"","Within Range","Within Range","349.560591445781",NA,NA,NA,NA,NA,"D3_AM","23767","10392.8765932929"
"95","C19_H","Control",1451,"ACRU","A1",1.3,"20240916","2024","June","11","1502","EDT","G","Control","A1","80","2",NA,NA,"","Within Range","Within Range","337.691985879808",NA,NA,NA,NA,NA,"D2_PM","22950","11951.1803112199"
"96","C19_H","Control",1451,"ACRU","A1",1.3,"20241001","2024","June","13","957","EDT","G","Control","A1","188","2","7","","","Within Range","Within Range","444.336995901297","68820.8400499802","0.363225344087138","56.2579158118824","363.225344087138","56257.9158118824","D4_AM",NA,NA
"97","C19_H","Control",1451,"ACRU","A1",1.3,"20240716","2024","April","4","1122","EDT","G","Control","A1","6","2","7","","","Within Range","Within Range","41.356094094032","13604.9467906785","0.0338067314807647","11.1214270360443","33.8067314807647","11121.4270360443",NA,NA,NA
"98","C19_H","Control",1451,"ACRU","A1",1.3,"20241001","2024","June","13","1449","EDT","G","Control","A1","224","2","7","",NA,"Within Range","Within Range","498.341052409032","66188.1573775053","0.407371211273674","54.1058171156164","407.371211273674","54105.8171156164","D4_PM",NA,NA
"99","C19_H","Control",1451,"ACRU","A1",1.3,"20241001","2024","June","14","906","EDT","G","Control","A1","260","2","7","",NA,"Within Range","Within Range","655.379484899469","71833.8629775397","0.535743008361023","58.7209254187808","535.743008361023","58720.9254187808","D5_AM",NA,NA
"100","C19_H","Control",1451,"ACRU","A1",1.3,"20241002","2024","June","14","1636","EDT","G","Control","A1","296","2","7","",NA,"Within Range","Within Range","748.307909901379","70397.4623233187","0.611707781625801","57.5467330227186","611.707781625801","57546.7330227186","D5_PM",NA,NA
"101","C19_L","Control",1451,"ACRU","A1",0.8,"20240717","2024","June","10","1554","EDT","G","Control","A1","9","2","7","",NA,"Within Range","Within Range","756.517235936303","103761.794564386","0.618418533377881","84.8205616039227","618.418533377881","84820.5616039227","D1_PM",NA,NA
"102","C19_L","Control",1451,"ACRU","A1",0.8,"20241007","2024","July","12","1326","EDT","G","Control","A1","6","2","7","","","Within Range","Within Range","1383.20594590783","118258.410506719","1.13070813432188","96.6708877354939","1130.70813432188","96670.8877354939",NA,NA,NA
"103","C19_L","Control",1451,"ACRU","A1",0.8,"20240916","2024","June","12","900","EDT","G","Control","A1","117","2",NA,NA,"","Within Range","Within Range","781.522631230619",NA,NA,NA,NA,NA,"D3_AM","53502","17937.595783215"
"104","C19_L","Control",1451,"ACRU","A1",0.8,"20241205","2024","November","5","1326","EST","G","Control","A1","6","2","7",NA,NA,"Within Range","Within Range","61.3286428018659","55166.4061065471","0.0501333843222301","45.0960352726345","50.1333843222301","45096.0352726345",NA,NA,NA
"105","C19_L","Control",1451,"ACRU","A1",0.8,"20241001","2024","June","13","1449","EDT","G","Control","A1","225","2","7","",NA,"Within Range","Within Range","1868.80611632505","102911.023653045","1.52766425234846","84.1250949651745","1527.66425234846","84125.0949651745","D4_PM",NA,NA
"106","C19_L","Control",1451,"ACRU","A1",0.8,"20240717","2024","June","11","10:12","EDT","G","Control","A1","45","2","7","",NA,"Within Range","Within Range","583.528663199857","95745.8505426156","0.477008219956003","78.2678908779914","477.008219956003","78267.8908779914","D2_AM",NA,NA
"107","C19_L","Control",1451,"ACRU","A1",0.8,"20241001","2024","June","13","958","EDT","G","Control","A1","189","2","7","","","Within Range","Within Range","911.964087272775","90990.2264091548","0.745489285047847","74.3803838097995","745.489285047847","74380.3838097995","D4_AM",NA,NA
"108","C19_L","Control",1451,"ACRU","A1",0.8,"20241007","2024","August","6","1235","EDT","G","Control","A1","36","2","7","","","Within Range","Within Range","706.799148635276","108079.97574808","0.577776251655111","88.3504788981073","577.776251655111","88350.4788981072",NA,NA,NA
"109","C19_L","Control",1451,"ACRU","A1",0.8,"20241001","2024","June","14","904","EDT","G","Control","A1","261","2","7","",NA,"Within Range","Within Range","1365.81327866809","106283.571328255","1.11649041758656","86.8819997493318","1116.49041758656","86881.9997493318","D5_AM",NA,NA
"110","C19_L","Control",1451,"ACRU","A1",0.8,"20241204","2024","September","5","1407","EDT","G","Control","A1","6","2","7",NA,"","Within Range","Within Range","184.244340910187","87954.1732068556","0.150611393470546","71.8985479976923","150.611393470546","71898.5479976923",NA,NA,NA
"111","C19_L","Control",1451,"ACRU","A1",0.8,"20241002","2024","June","14","1637","EDT","G","Control","A1","297","2","7","",NA,"Within Range","Within Range","2268.95367219693","108348.966102518","1.85476673314093","88.5703663145231","1854.76673314093","88570.3663145231","D5_PM",NA,NA
"112","C19_L","Control",1451,"ACRU","A1",0.8,"20241001","2024","June","12","1333","EDT","G","Control","A1","153","2","7","","","Within Range","Within Range","1193.07452415199","101446.839957521","0.975284319230908","82.9281911927688","975.284319230908","82928.1911927688","D3_PM",NA,NA
"113","C19_L","Control",1451,"ACRU","A1",0.8,"20241204","2024","October","2","1207","EDT","G","Control","A1","36","2","7",NA,"","Within Range","Within Range","37.5347599063125","72136.6683747306","0.0306829640744723","58.9684550991824","30.6829640744723","58968.4550991825",NA,NA,NA
"114","C19_L","Control",1451,"ACRU","A1",0.8,"20240916","2024","June","11","1503","EDT","G","Control","A1","81","2",NA,NA,"","Within Range","Within Range","1789.17358786014",NA,NA,NA,NA,NA,"D2_PM","72526","19422.0336928426"
"115","C2","Control",1385,"LITU","F5",0.8,"20240716","2024","April","4","1116","EDT","G","Control","F5","2","2","7","","","Within Range","Within Range","772.115674620709","13975.2486553895","0.631169549634975","11.4241320177732","631.169549634975","11424.1320177732",NA,NA,NA
"116","C2","Control",1385,"LITU","F5",0.8,"20241204","2024","October","2","1214","EDT","G","Control","F5","32","2","7",NA,"","Within Range","Within Range","1297.44571572757","25737.1484431788","1.06060303525618","21.038951708563","1060.60303525618","21038.951708563",NA,NA,NA
"117","C2","Control",1385,"LITU","F5",0.8,"20241204","2024","September","5","1415","EDT","G","Control","F5","2","2","7",NA,"","Within Range","Within Range","19011.1996636534","48049.5331551204","15.5407935936842","39.2783143750916","15540.7935936842","39278.3143750916",NA,NA,NA
"118","C2","Control",1385,"LITU","F5",0.8,"20241002","2024","June","14","1458","EDT","G","Control","F5","290","2","7","",NA,"Within Range","Within Range","12350.8902033465","63378.8041743596","10.0962926456151","51.8092982722888","10096.2926456151","51809.2982722888","D5_PM",NA,NA
"119","C2","Control",1385,"LITU","F5",0.8,"20241205","2024","November","5","1322","EST","G","Control","F5","2","2","7",NA,NA,"Within Range","Within Range","17170.7738312131","46518.0248006009","14.0363289364054","38.0263757470368","14036.3289364054","38026.3757470368",NA,NA,NA
"120","C2","Control",1385,"LITU","F5",0.8,"20241001","2024","June","12","1518","EDT","G","Control","F5","146","2","7","","","Within Range","Within Range","9272.3751897623","65265.655893224","7.57974622836626","53.3517139863703","7579.74622836626","53351.7139863703","D3_PM",NA,NA
"121","C2","Control",1385,"LITU","F5",0.8,"20240717","2024","June","11","8:47","EDT","G","Control","F5","38","2","7","",NA,"Within Range","Within Range","4214.04512778191","73396.3064264973","3.44479079090079","59.9981520836754","3444.79079090079","59998.1520836754","D2_AM",NA,NA
"122","C2","Control",1385,"LITU","F5",0.8,"20241007","2024","July","12","1330","EDT","G","Control","F5","2","2","7","sappy","","Within Range","Within Range","13921.0206629004","74369.3920996261","11.3798030930771","60.793605493382","11379.8030930771","60793.605493382",NA,NA,NA
"123","C2","Control",1385,"LITU","F5",0.8,"20241001","2024","June","13","1350","EDT","G","Control","F5","218","2","7","",NA,"Within Range","Within Range","11012.8298316172","64459.8606012517","9.00248897089545","52.693012876874","9002.48897089545","52693.012876874","D4_PM",NA,NA
"124","C2","Control",1385,"LITU","F5",0.8,"20240916","2024","June","11","1357","EDT","G","Control","F5","74","2",NA,NA,"","Within Range","Within Range","6691.6419735795",NA,NA,NA,NA,NA,"D2_PM","457704","13735.410523481"
"125","C2","Control",1385,"LITU","F5",0.8,"20240916","2024","June","12","1109","EDT","G","Control","F5","110","2",NA,NA,"","Within Range","Within Range","8746.087014606",NA,NA,NA,NA,NA,"D3_AM","619118","12509.8679428731"
"126","C2","Control",1385,"LITU","F5",0.8,"20241007","2024","August","6","1241","EDT","G","Control","F5","32","2","7","","","Within Range","Within Range","16680.9283534405","59413.7983848347","13.6359024721345","48.568085846827","13635.9024721345","48568.085846827",NA,NA,NA
"127","C2","Control",1385,"LITU","F5",0.8,"20240717","2024","June","10","1338","EDT","G","Control","F5","2","2","7","",NA,"Within Range","Within Range","1877.48652216756","53064.0810382966","1.53476009048043","43.3774798668453","1534.76009048043","43377.4798668453","D1_PM",NA,NA
"128","C2","Control",1385,"LITU","F5",0.8,"20241001","2024","June","13","854","EDT","G","Control","F5","182","2","7","","","Within Range","Within Range","9298.53520745176","59915.5043705034","7.60113085650713","48.9782077384454","7601.13085650713","48978.2077384454","D4_AM",NA,NA
"129","C2","Control",1385,"LITU","F5",0.8,"20240716","2024","May","22","1312","EDT","G","Control","F5","2","2","7","","","Within Range","Within Range","9249.103751892","48874.1761225786","7.56072288323449","39.9524226045819","7560.72288323449","39952.4226045819",NA,NA,NA
"130","C2","Control",1385,"LITU","F5",0.8,"20241001","2024","June","14","1103","EDT","G","Control","F5","254","2","7","",NA,"Within Range","Within Range","10463.4823722894","66458.0622207632","8.55342233503498","54.326452085172","8553.42233503498","54326.452085172","D5_AM",NA,NA
"131","C3","Control",1425,"LITU","C5",0.8,"20241205","2024","November","5","1332","EST","G","Control","C5","3","2","7",NA,NA,"Within Range","Within Range","463.756888894374","52306.4664887918","0.379100225943954","42.7581643293869","379.100225943954","42758.1643293868",NA,NA,NA
"132","C3","Control",1425,"LITU","C5",0.8,"20241002","2024","June","14","1627","EDT","G","Control","C5","291","2","7","small amount of water, but expelled it then took 2mL of gas sample",NA,"Within Range","Within Range","612.615098843231","110556.411473538","0.500785062065229","90.374852800768","500.785062065229","90374.852800768","D5_PM",NA,NA
"133","C3","Control",1425,"LITU","C5",0.8,"20241001","2024","June","12","1445","EDT","G","Control","C5","147","2","7","","","Within Range","Within Range","3237.70070436356","108998.68863582","2.64667350061227","89.1014850214883","2646.67350061227","89101.4850214883","D3_PM",NA,NA
"134","C3","Control",1425,"LITU","C5",0.8,"20240717","2024","June","11","9:44","EDT","G","Control","C5","39","2","7","",NA,"Within Range","Within Range","511.067599883379","85700.3030120638","0.417774586702799","70.0561113233154","417.774586702799","70056.1113233154","D2_AM",NA,NA
"135","C3","Control",1425,"LITU","C5",0.8,"20241007","2024","August","6","1239","EDT","G","Control","C5","33","2","7","","","Within Range","Within Range","4312.01748215164","104804.015511132","3.52487874768861","85.6725299646234","3524.87874768861","85672.5299646234",NA,NA,NA
"136","C3","Control",1425,"LITU","C5",0.8,"20240717","2024","June","10","1538","EDT","G","Control","C5","3","2","7","",NA,"Within Range","Within Range","59.92912642414","42572.878180315","0.0489893431495522","34.8013972918422","48.9893431495522","34801.3972918422","D1_PM",NA,NA
"137","C3","Control",1425,"LITU","C5",0.8,"20241007","2024","July","12","1323","EDT","G","Control","C5","3","2","7","","","Within Range","Within Range","821.804626986059","140614.091302721","0.671788014869058","114.945642987325","671.788014869058","114945.642987325",NA,NA,NA
"138","C3","Control",1425,"LITU","C5",0.8,"20241001","2024","June","13","928","EDT","G","Control","C5","183","2","7","","","Within Range","Within Range","4619.66238909593","143382.553791472","3.77636450784871","117.208735525972","3776.36450784871","117208.735525972","D4_AM",NA,NA
"139","C3","Control",1425,"LITU","C5",0.8,"20241204","2024","September","5","1412","EDT","G","Control","C5","3","2","7",NA,"","Within Range","Within Range","818.501123143831","77463.1869301299","0.669087550287322","63.3226424680443","669.087550287322","63322.6424680443",NA,NA,NA
"140","C3","Control",1425,"LITU","C5",0.8,"20240916","2024","June","12","1038","EDT","G","Control","C5","111","2",NA,NA,"","Within Range","Within Range","3732.05946558855",NA,NA,NA,NA,NA,"D3_AM","225175","21327.0534307415"
"141","C3","Control",1425,"LITU","C5",0.8,"20240716","2024","April","4","1118","EDT","G","Control","C5","3","2","7","","","Within Range","Within Range","191.402194146093","39083.3089333715","0.156462613892252","31.9488326795575","156.462613892252","31948.8326795575",NA,NA,NA
"142","C3","Control",1425,"LITU","C5",0.8,"20240916","2024","June","11","1443","EDT","G","Control","C5","75","2",NA,NA,"","Within Range","Within Range","806.567277492232",NA,NA,NA,NA,NA,"D2_PM","55226","19057.4581393542"
"143","C3","Control",1425,"LITU","C5",0.8,"20241204","2024","October","2","1205","EDT","G","Control","C5","33","2","7",NA,"","Within Range","Within Range","65.4860749674195","54535.4288695247","0.053531896583828","44.5802399953051","53.531896583828","44580.2399953051",NA,NA,NA
"144","C3","Control",1425,"LITU","C5",0.8,"20241001","2024","June","14","1010","EDT","G","Control","C5","255","2","7","Small amt. of water, but expelled and got 2mL of gas",NA,"Within Range","Within Range","3522.27159767949","118346.636904337","2.87929730100547","96.7430088146032","2879.29730100547","96743.0088146032","D5_AM",NA,NA
"145","C3","Control",1425,"LITU","C5",0.8,"20241001","2024","June","13","1433","EDT","G","Control","C5","219","2","7","a little bit of sap",NA,"Within Range","Within Range","746.174566811344","139127.611498815","0.609963870393827","113.730513157415","609.963870393827","113730.513157415","D4_PM",NA,NA
"146","C3","Control",1425,"LITU","C5",0.8,"20240716","2024","May","22","1310","EDT","G","Control","C5","3","2","7","","","Within Range","Within Range","10.3453248581208","45266.0865551934","0.00845683392548044","37.0029730050671","8.45683392548044","37002.9730050671",NA,NA,NA
"147","C7_H","Control",1439,"ACRU","B3",1.3,"20240717","2024","June","10","1606","EDT","G","Control","B3","4","2","7","",NA,"Within Range","Within Range","218.741728143526","97882.8628786825","0.178811443125471","80.0148015522013","178.811443125471","80014.8015522013","D1_PM",NA,NA
"148","C7_H","Control",1439,"ACRU","B3",1.3,"20241001","2024","June","12","1408","EDT","G","Control","B3","148","2","7","","","Within Range","Within Range","233.855271372506","87494.5711198935","0.191166079337085","71.5228441339135","191.166079337085","71522.8441339135","D3_PM",NA,NA
"149","C7_H","Control",1439,"ACRU","B3",1.3,"20241001","2024","June","13","1439","EDT","G","Control","B3","220","2","7","",NA,"Within Range","Within Range","313.422873364827","101747.18421437","0.256208985686187","83.1737090025503","256.208985686187","83173.7090025503","D4_PM",NA,NA
"150","C7_H","Control",1439,"ACRU","B3",1.3,"20240916","2024","June","11","1451","EDT","G","Control","B3","76","2",NA,NA,"","Within Range","Within Range","321.552425556924",NA,NA,NA,NA,NA,"D2_PM","21839","18447.2800465261"
"151","C7_H","Control",1439,"ACRU","B3",1.3,"20240916","2024","June","12","922","EDT","G","Control","B3","112","2",NA,NA,"","Within Range","Within Range","248.495855922556",NA,NA,NA,NA,NA,"D3_AM","16810","15752.1372295733"
"152","C7_H","Control",1439,"ACRU","B3",1.3,"20241002","2024","June","14","1419","EDT","G","Control","B3","292","2","7","",NA,"Within Range","Within Range","321.529577106959","105210.440471139","0.262835848367687","86.0047639386251","262.835848367687","86004.7639386251","D5_PM",NA,NA
"153","C7_H","Control",1439,"ACRU","B3",1.3,"20241001","2024","June","14","1022","EDT","G","Control","B3","256","2","7","",NA,"Within Range","Within Range","323.870159240025","103388.996476472","0.264749168119338","84.5158160729258","264.749168119338","84515.8160729258","D5_AM",NA,NA
"154","C7_H","Control",1439,"ACRU","B3",1.3,"20240716","2024","April","4","1117","EDT","G","Control","B3","4","2","7","","","Within Range","Within Range","66.8112237530503","75185.0155059538","0.0546151456224345","61.4603406406726","54.6151456224345","61460.3406406726",NA,NA,NA
"155","C7_H","Control",1439,"ACRU","B3",1.3,"20240716","2024","May","22","1304","EDT","G","Control","B3","4","2","7","high","","Within Range","Within Range","309.418443146363","80712.3324006993","0.25293554557791","65.9786715460256","252.93554557791","65978.6715460256",NA,NA,NA
"156","C7_H","Control",1439,"ACRU","B3",1.3,"20241001","2024","June","13","1044","EDT","G","Control","B3","184","2","7","","","Within Range","Within Range","302.683014722995","94448.5618451292","0.247429638284079","77.2074161980267","247.429638284079","77207.4161980267","D4_AM",NA,NA
"157","C7_H","Control",1439,"ACRU","B3",1.3,"20240717","2024","June","11","10:02","EDT","G","Control","B3","40","2","7","",NA,"Within Range","Within Range","240.867662767364","93567.0035473898","0.196898391300225","76.4867822670623","196.898391300225","76486.7822670623","D2_AM",NA,NA
"158","C7_L","Control",1439,"ACRU","B3",0.75,"20241001","2024","June","13","1440","EDT","G","Control","B3","221","2","7","",NA,"Within Range","Within Range","212.607174195761","152216.994813829","0.173796723466626","124.430490432187","173.796723466626","124430.490432187","D4_PM",NA,NA
"159","C7_L","Control",1439,"ACRU","B3",0.75,"20241007","2024","July","12","1327","EDT","G","Control","B3","4","2","7","","","Within Range","Within Range","754.439747468736","158715.352371107","0.616720280766846","129.742603043822","616.720280766846","129742.603043822",NA,NA,NA
"160","C7_L","Control",1439,"ACRU","B3",0.75,"20240717","2024","June","10","1604","EDT","G","Control","B3","5","2","7","",NA,"Within Range","Within Range","98.3063678684637","134056.064175373","0.0803609976759876","109.584753208089","80.3609976759876","109584.753208089","D1_PM",NA,NA
"161","C7_L","Control",1439,"ACRU","B3",0.75,"20240916","2024","June","11","1452","EDT","G","Control","B3","77","2",NA,NA,"","Within Range","Within Range","176.732194360858",NA,NA,NA,NA,NA,"D2_PM","11870","28329.5694063532"
"162","C7_L","Control",1439,"ACRU","B3",0.75,"20240916","2024","June","12","921","EDT","G","Control","B3","113","2",NA,NA,"","Within Range","Within Range","208.488340954759",NA,NA,NA,NA,NA,"D3_AM","14056","30630.1217883941"
"163","C7_L","Control",1439,"ACRU","B3",0.75,"20240717","2024","June","11","10:03","EDT","G","Control","B3","41","2","7","",NA,"Within Range","Within Range","126.032414977739","144750.588457184","0.103025783850308","118.32704182673","103.025783850308","118327.04182673","D2_AM",NA,NA
"164","C7_L","Control",1439,"ACRU","B3",0.75,"20241001","2024","June","13","1046","EDT","G","Control","B3","185","2","7","","","Within Range","Within Range","218.519582188142","148635.116292937","0.178629848880954","121.502467174546","178.629848880954","121502.467174546","D4_AM",NA,NA
"165","C7_L","Control",1439,"ACRU","B3",0.75,"20241007","2024","August","6","1235","EDT","G","Control","B3","34","2","7","","","Within Range","Within Range","424.685858409092","116546.182605451","0.347161430338899","95.2712190733514","347.161430338899","95271.2190733514",NA,NA,NA
"166","C7_L","Control",1439,"ACRU","B3",0.75,"20241001","2024","June","14","1020","EDT","G","Control","B3","257","2","7","",NA,"Within Range","Within Range","368.65817359881","161116.800013298","0.301361338783748","131.705677589017","301.361338783748","131705.677589017","D5_AM",NA,NA
"167","C7_L","Control",1439,"ACRU","B3",0.75,"20241204","2024","October","2","1206","EDT","G","Control","B3","34","2","7",NA,"","Within Range","Within Range","15.6194431142154","53713.8815192724","0.012768186425941","43.9086622924988","12.768186425941","43908.6622924988",NA,NA,NA
"168","C7_L","Control",1439,"ACRU","B3",0.75,"20241002","2024","June","14","1418","EDT","G","Control","B3","293","2","7","",NA,"Within Range","Within Range","247.947526298678","149921.802063144","0.202685858675152","122.554274442287","202.685858675152","122554.274442287","D5_PM",NA,NA
"169","C7_L","Control",1439,"ACRU","B3",0.75,"20241204","2024","September","5","1406","EDT","G","Control","B3","4","2","7",NA,"","Within Range","Within Range","193.634961294089","102209.818665919","0.158287799782867","83.5518916868658","158.287799782867","83551.8916868658",NA,NA,NA
"170","C7_L","Control",1439,"ACRU","B3",0.75,"20241001","2024","June","12","1406","EDT","G","Control","B3","149","2","7","missampled first exetainer; resampled with spare exetainer then labeled it","","Within Range","Within Range","203.183893003779","151382.9374626","0.166093618424822","123.748686370894","166.093618424822","123748.686370894","D3_PM",NA,NA
"171","C7_L","Control",1439,"ACRU","B3",0.75,"20241205","2024","November","5","1325","EST","G","Control","B3","4","2","7",NA,NA,"Within Range","Within Range","86.8835518254591","109045.746285662","0.071023363569585","89.1399525162352","71.023363569585","89139.9525162352",NA,NA,NA
"172","F1","Freshwater",1578,"LITU","H5",0.75,"20240716","2024","May","22","1441","EDT","G","Freshwater","H5","21","2","7","","","Within Range","Within Range","898.782983900946","58806.3839989965","0.734714330786005","48.0715521317983","734.714330786005","48071.5521317983",NA,NA,NA
"173","F1","Freshwater",1578,"LITU","H5",0.75,"20241205","2024","November","5","1144","EST","G","Freshwater","H5","21","2","7",NA,NA,"Within Range","Within Range","282.503507086374","64468.8690931997","0.230933805903628","52.700376910519","230.933805903628","52700.376910519",NA,NA,NA
"174","F1","Freshwater",1578,"LITU","H5",0.75,"20241001","2024","June","14","952","EDT","G","Freshwater","F7","277","1","13","pulled vaccuum; only got 1ml",NA,"Within Range","Within Range","393.415602697646","175292.058304332","0.321599414357215","143.293308413773","321.599414357215","143293.308413772","D5_AM",NA,NA
"175","F1","Freshwater",1578,"LITU","H5",0.75,"20241007","2024","July","12","1250","EDT","G","Freshwater","H5","21","2","7","sappy","","Within Range","Within Range","2003.98342392178","77352.2804432014","1.63816557120668","63.2319814444345","1638.16557120668","63231.9814444345",NA,NA,NA
"176","F1","Freshwater",1578,"LITU","H5",0.75,"20241001","2024","June","13","1043","EDT","W","Freshwater","F7","205","2","7","","","Within Range","Within Range","415.994009133694","152687.9565563","17.0028118859743","6240.77401496001","17002.8118859743","6240774.01496001","D4_AM",NA,NA
"177","F1","Freshwater",1578,"LITU","H5",0.75,"20241007","2024","August","6","1101","EDT","G","Freshwater","H5","51","2","7","","","Within Range","Within Range","8001.40635402235","97194.5104900651","6.54078684181042","79.452104690326","6540.78684181042","79452.104690326",NA,NA,NA
"178","F1","Freshwater",1578,"LITU","H5",0.75,"20240717","2024","June","11","10:11","EDT","G","Freshwater","F7","61","2","7","",NA,"Within Range","Within Range","5522.64495514872","142784.317974073","4.51451180659866","116.719704874407","4514.51180659866","116719.704874407","D2_AM",NA,NA
"179","F1","Freshwater",1578,"LITU","H5",0.75,"20241001","2024","June","12","1610","EDT","W","Freshwater","H5","169","1",NA,"1 mL","","Within Range","Within Range",NA,NA,NA,NA,NA,NA,"D3_PM",NA,NA
"180","F1","Freshwater",1578,"LITU","H5",0.75,"20241001","2024","June","13","1440","EDT","G","Freshwater","H5","241","2","7","",NA,"Within Range","Within Range","164.930003766472","86183.9779990981","0.134822798733772","70.4514936912309","134.822798733772","70451.4936912309","D4_PM",NA,NA
"181","F1","Freshwater",1578,"LITU","H5",0.75,"20241204","2024","October","2","1421","EDT","G","Freshwater","H5","51","2","7",NA,"","Within Range","Within Range","667.646548435021","63001.199541152","0.545770776507139","51.5006236084843","545.770776507139","51500.6236084843",NA,NA,NA
"182","F1","Freshwater",1578,"LITU","H5",0.75,"20240916","2024","June","11","1546","EDT","G","Freshwater","H5","97","2",NA,NA,"","Within Range","Within Range","6257.61128018212",NA,NA,NA,NA,NA,"D2_PM","423603","28756.4241411209"
"183","F1","Freshwater",1578,"LITU","H5",0.75,"20241204","2024","September","5","1301","EDT","G","Freshwater","H5","21","2","7",NA,"","Within Range","Within Range","5868.78586359338","99755.8820459109","4.79746630224542","81.5459097826072","4797.46630224542","81545.9097826072",NA,NA,NA
"184","F1","Freshwater",1578,"LITU","H5",0.75,"20240716","2024","April","4","1130","EDT","G","Freshwater","H5","43","2","7","","","Within Range","Within Range","254.355151481891","27250.5787635714","0.207923801685576","22.2761123635327","207.923801685576","22276.1123635327",NA,NA,NA
"185","F1","Freshwater",1578,"LITU","H5",0.75,"20240717","2024","June","10","14:21","EDT","W","Freshwater","H5","25","2","7","",NA,"Within Range","Within Range","4290.04810490316","167839.087043863","175.345988903428","6860.04211950881","175345.988903428","6860042.11950881","D1_PM",NA,NA
"186","F1","Freshwater",1578,"LITU","H5",0.75,"20240916","2024","June","12","1055","EDT","W","Freshwater","F7","133","1.2",NA,NA,"","Within Range","Within Range","6306.90318036418",NA,NA,NA,NA,NA,"D3_AM","247286","17808.1226535907"
"187","F1","Freshwater",1578,"LITU","H5",0.75,"20241002","2024","June","14","1520","EDT","W","Freshwater","H5","313","0.4","31","0.4mL",NA,"Within Range","Within Range","585.93604984179","257979.917717898","23.9488074682081","10544.3441852713","23948.8074682081","10544344.1852713","D5_PM",NA,NA
"188","F13","Freshwater",1519,"FAGR","D6",0.8,"20240716","2024","April","4","1335","EDT","G","Freshwater","D6","49","2","7","","","Within Range","Within Range","192.815759245539","6525.31853309356","0.157618139257846","5.33415198672221","157.618139257846","5334.15198672221",NA,NA,NA
"189","F13","Freshwater",1519,"FAGR","D6",0.8,"20241002","2024","June","14","1355","EDT","G","Freshwater","D6","322","2","7","",NA,"Within Range","Within Range","385.042248530277","44437.1714271758","0.314754577045307","36.325372478056","314.754577045307","36325.372478056","D5_PM",NA,NA
"190","F13","Freshwater",1519,"FAGR","D6",0.8,"20241204","2024","September","5","1256","EDT","G","Freshwater","D6","27","2","7",NA,"","Within Range","Within Range","23751.1225021232","60361.4502290173","19.4154655652527","49.3427482547587","19415.4655652527","49342.7482547587",NA,NA,NA
"191","F13","Freshwater",1519,"FAGR","D6",0.8,"20241205","2024","November","5","1138","EST","G","Freshwater","D6","27","2","7",NA,NA,"Within Range","Within Range","5356.59770557762","40525.2134711769","4.37877571008515","33.1275242508565","4378.77571008515","33127.5242508565",NA,NA,NA
"192","F13","Freshwater",1519,"FAGR","D6",0.8,"20241204","2024","October","2","1424","EDT","G","Freshwater","D6","57","2","7",NA,"","Within Range","Within Range","48.5156336803188","16160.6578448498","0.0396593304174335","13.2106049249025","39.6593304174335","13210.6049249025",NA,NA,NA
"193","F13","Freshwater",1519,"FAGR","D6",0.8,"20241001","2024","June","13","1507","EDT","W","Freshwater","D6","250","2","7","",NA,"Within Range","Within Range","723.780559631952","81274.6536348641","29.5828892530811","3321.91718272364","29582.8892530811","3321917.18272364","D4_PM",NA,NA
"194","F13","Freshwater",1519,"FAGR","D6",0.8,"20241007","2024","August","6","1158","EDT","G","Freshwater","D6","57","2","7","","","Within Range","Within Range","13643.8613441915","55837.5809852109","11.1532379188206","45.6446902990988","11153.2379188206","45644.6902990988",NA,NA,NA
"195","F13","Freshwater",1519,"FAGR","D6",0.8,"20241001","2024","June","14","1048","EDT",NA,"Freshwater","D6","286",NA,NA,"no sample; pulled strong vaccuum",NA,NA,NA,NA,NA,NA,NA,NA,NA,"D5_AM",NA,NA
"196","F13","Freshwater",1519,"FAGR","D6",0.8,"20241007","2024","July","12","1256","EDT","G","Freshwater","D6","27","2","7","","","Within Range","Within Range","7006.56386492067","70731.4684781732","5.72754822168722","57.8197679075995","5727.54822168722","57819.7679075995",NA,NA,NA
"197","F13","Freshwater",1519,"FAGR","D6",0.8,"20240716","2024","May","22","1415","EDT","G","Freshwater","D6","27","2","7","","","Within Range","Within Range","7342.07165418749","74043.8019759715","6.0018106246032","60.5274503323517","6001.8106246032","60527.4503323517",NA,NA,NA
"198","F13","Freshwater",1519,"FAGR","D6",0.8,"20240916","2024","June","12","913","EDT",NA,"Freshwater","D6","142",NA,NA,NA,"no sample",NA,NA,NA,NA,NA,NA,NA,NA,"D3_AM",NA,NA
"199","F13","Freshwater",1519,"FAGR","D6",0.8,"20241001","2024","June","13","907","EDT","G","Freshwater","D6","214","2","7","","","Within Range","Within Range","974.626755509182","71594.7459245663","0.796713174666624","58.5254580715994","796.713174666624","58525.4580715994","D4_AM",NA,NA
"200","F13","Freshwater",1519,"FAGR","D6",0.8,"20240916","2024","June","11","1352","EDT",NA,"Freshwater","D6","106",NA,NA,NA,"",NA,NA,NA,NA,NA,NA,NA,NA,"D2_PM",NA,NA
"201","F13","Freshwater",1519,"FAGR","D6",0.8,"20240717","2024","June","10","13:36","EDT","G","Freshwater","D6","34","1","13","",NA,"Within Range","Within Range","117.557466980793","22319.2450141545","0.0960978981898593","18.2449706524825","96.0978981898593","18244.9706524825","D1_PM",NA,NA
"202","F13","Freshwater",1519,"FAGR","D6",0.8,"20241001","2024","June","12","1415","EDT","G","Freshwater","D6","178","0.4","31","0.4 mL","","Within Range","Within Range","395.093272273261","35235.990782953","0.322970833155308","28.803824562095","322.970833155308","28803.824562095","D3_PM",NA,NA
"203","F13","Freshwater",1519,"FAGR","D6",0.8,"20240717","2024","June","11","8:53","EDT","G","Freshwater","D6","70","2","7","",NA,"Within Range","Within Range","583.133361142062","63879.170483656","0.476685078450152","52.2183250392254","476.685078450152","52218.3250392254","D2_AM",NA,NA
"204","F14","Freshwater",1543,"FAGR","D7",0.75,"20241007","2024","August","6","1159","EDT","G","Freshwater","D7","58","2","7","","","Needs Dilution","Within Range","112497.597014579","71424.6945510713","91.9616839505158","58.3864487853595","91961.6839505158","58386.4487853595",NA,NA,NA
"205","F14","Freshwater",1543,"FAGR","D7",0.75,"20240716","2024","April","4","1336","EDT","G","Freshwater","D7","50","2","7","","","Within Range","Within Range","3106.6828231789","19910.4426486647","2.53957232422172","16.2758839545175","2539.57232422172","16275.8839545175",NA,NA,NA
"206","F14","Freshwater",1543,"FAGR","D7",0.75,"20241007","2024","July","12","1253","EDT","G","Freshwater","D7","28","2","7","","","Needs Dilution","Within Range","117997.359825338","93868.0791796519","96.4574906417487","76.7328979430772","96457.4906417487","76732.8979430772",NA,NA,NA
"207","F14","Freshwater",1543,"FAGR","D7",0.75,"20241001","2024","June","13","948","EDT","G","Freshwater","D7","215","2","7","","","Within Range","Within Range","62295.2835020165","69034.1772276376","50.9235692587975","56.4323092800743","50923.5692587975","56432.3092800743","D4_AM",NA,NA
"208","F14","Freshwater",1543,"FAGR","D7",0.75,"20241204","2024","September","5","1256","EDT","G","Freshwater","D7","28","2","7",NA,"","Needs Dilution","Within Range","116330.80718831","57171.5257405805","95.0951594368133","46.7351296440819","95095.1594368133","46735.1296440819",NA,NA,NA
"209","F14","Freshwater",1543,"FAGR","D7",0.75,"20241002","2024","June","14","1400","EDT","G","Freshwater","D7","323","2","7","",NA,"Needs Dilution","Within Range","75868.8205778071","69928.8085764421","62.0193202773077","57.1636298374398","62019.3202773077","57163.6298374398","D5_PM",NA,NA
"210","F14","Freshwater",1543,"FAGR","D7",0.75,"20241001","2024","June","13","1424","EDT","W","Freshwater","D7","251","2","7","",NA,"Needs Dilution","Within Range","79579.3853771264","90050.0012605937","3252.626936591","3680.58961943741","3252626.936591","3680589.61943741","D4_PM",NA,NA
"211","F14","Freshwater",1543,"FAGR","D7",0.75,"20241001","2024","June","14","910","EDT","G","Freshwater","D7","287","2","7","",NA,"Needs Dilution","Within Range","98810.884936297","91954.5330966512","80.773417499797","75.1686607968664","80773.417499797","75168.6607968664","D5_AM",NA,NA
"212","F14","Freshwater",1543,"FAGR","D7",0.75,"20241001","2024","June","12","1433","EDT","G","Freshwater","D7","179","2","7","","","Within Range","Within Range","62892.3413588579","69605.8633816049","51.4116369810254","56.899636785774","51411.6369810254","56899.636785774","D3_PM",NA,NA
"213","F14","Freshwater",1543,"FAGR","D7",0.75,"20241204","2024","October","2","1426","EDT","G","Freshwater","D7","58","2","7",NA,"","Within Range","Within Range","5186.41036716359","60024.8379006243","4.23965527868978","49.0675829411964","4239.65527868978","49067.5829411964",NA,NA,NA
"214","F14","Freshwater",1543,"FAGR","D7",0.75,"20240916","2024","June","12","917","EDT","G","Freshwater","D7","143","2",NA,NA,"","Within Range","Within Range","60668.4326348453",NA,NA,NA,NA,NA,"D3_AM","4698562","13543.8364683779"
"215","F14","Freshwater",1543,"FAGR","D7",0.75,"20240717","2024","June","11","10:56","EDT","G","Freshwater","D7","71","2","7","",NA,"Within Range","Within Range","59504.9655848403","92852.4526280046","48.6426108985264","75.9026692943511","48642.6108985264","75902.6692943511","D2_AM",NA,NA
"216","F14","Freshwater",1543,"FAGR","D7",0.75,"20240916","2024","June","11","1419","EDT","G","Freshwater","D7","107","2",NA,NA,"","Within Range","Within Range","56869.222644316",NA,NA,NA,NA,NA,"D2_PM","4400065","14952.2864768454"
"217","F14","Freshwater",1543,"FAGR","D7",0.75,"20240717","2024","June","10","14:43","EDT","G","Freshwater","D7","35","2","7","",NA,"Within Range","Within Range","12134.2195564299","89217.3195660825","9.91917421747204","72.9311128644372","9919.17421747204","72931.1128644371","D1_PM",NA,NA
"218","F14","Freshwater",1543,"FAGR","D7",0.75,"20241205","2024","November","5","1141","EST","G","Freshwater","D7","28","2","7",NA,NA,"Needs Dilution","Within Range","87926.8256955625","56098.0730686463","71.8761926473816","45.8576307643551","71876.1926473816","45857.6307643551",NA,NA,NA
"219","F14","Freshwater",1543,"FAGR","D7",0.75,"20240716","2024","May","22","1416","EDT","G","Freshwater","D7","28","2","7","","checked","Needs Dilution","Within Range","77111.1461511582","66316.971284457","63.0348650957926","54.2111166430187","63034.8650957926","54211.1166430187",NA,NA,NA
"220","F15","Freshwater",1516,"FAGR","A6",0.85,"20241002","2024","June","14","1330","EDT","G","Freshwater","A6","324","2","7","",NA,"Within Range","Within Range","6237.94225929351","62436.9242365046","5.09923491500332","51.0393541360321","5099.23491500332","51039.3541360321","D5_PM",NA,NA
"221","F15","Freshwater",1516,"FAGR","A6",0.85,"20241001","2024","June","14","840","EDT","G","Freshwater","A6","288","2","7","",NA,"Within Range","Within Range","10827.6695879514","84059.0543573407","8.85112886845712","68.7144649764135","8851.12886845712","68714.4649764135","D5_AM",NA,NA
"222","F15","Freshwater",1516,"FAGR","A6",0.85,"20240716","2024","April","4","1337","EDT","G","Freshwater","A6","51","2","7","","","Within Range","Within Range","577.897191220235","10659.9981629965","0.472404746992051","8.71406508222143","472.404746992051","8714.06508222143",NA,NA,NA
"223","F15","Freshwater",1516,"FAGR","A6",0.85,"20240717","2024","June","11","8:33","EDT","G","Freshwater","A6","72","2","7","",NA,"Within Range","Within Range","4340.95237227829","51403.6849976482","3.54853170821029","42.0201814002567","3548.53170821029","42020.1814002567","D2_AM",NA,NA
"224","F15","Freshwater",1516,"FAGR","A6",0.85,"20241001","2024","June","13","845","EDT","G","Freshwater","A6","216","2","7","","","Within Range","Within Range","1463.22254493132","83273.5520077624","1.19611807538258","68.0723524270678","1196.11807538258","68072.3524270678","D4_AM",NA,NA
"225","F15","Freshwater",1516,"FAGR","A6",0.85,"20241204","2024","September","5","1253","EDT","G","Freshwater","A6","29","2","7",NA,"","Within Range","Within Range","13267.6655049576","45313.5609124948","10.8457148802027","37.0417811392651","10845.7148802027","37041.7811392651",NA,NA,NA
"226","F15","Freshwater",1516,"FAGR","A6",0.85,"20240717","2024","June","10","15:23","EDT","G","Freshwater","A6","36","2","7","",NA,"Within Range","Within Range","114.678461428832","23128.1867069108","0.093744441710012","18.9062438019348","93.744441710012","18906.2438019348","D1_PM",NA,NA
"227","F15","Freshwater",1516,"FAGR","A6",0.85,"20241001","2024","June","12","1350","EDT","G","Freshwater","A6","180","2","7","","","Within Range","Within Range","2090.08164601129","55542.2881904171","1.70854696333073","45.4033018304707","1708.54696333073","45403.3018304707","D3_PM",NA,NA
"228","F15","Freshwater",1516,"FAGR","A6",0.85,"20241007","2024","August","6","1157","EDT","G","Freshwater","A6","59","2","7","","","Within Range","Within Range","22874.8096592297","58622.1123489476","18.6991195557507","47.9209184143453","18699.1195557507","47920.9184143453",NA,NA,NA
"229","F15","Freshwater",1516,"FAGR","A6",0.85,"20241001","2024","June","13","1343","EDT","W","Freshwater","A6","252","2","7","",NA,"Within Range","Within Range","5487.81085373117","82962.9741855431","224.301825418383","3390.9234570837","224301.825418383","3390923.4570837","D4_PM",NA,NA
"230","F15","Freshwater",1516,"FAGR","A6",0.85,"20241204","2024","October","2","1428","EDT","G","Freshwater","A6","59","2","7",NA,"","Within Range","Within Range","1339.55141072485","32170.8184483637","1.095022531482","26.2981851798526","1095.022531482","26298.1851798526",NA,NA,NA
"231","F15","Freshwater",1516,"FAGR","A6",0.85,"20240916","2024","June","12","843","EDT","G","Freshwater","A6","144","2",NA,NA,"","Within Range","Within Range","3488.89485465758",NA,NA,NA,NA,NA,"D3_AM","206070","10402.892871596"
"232","F15","Freshwater",1516,"FAGR","A6",0.85,"20240916","2024","June","11","1335","EDT","G","Freshwater","A6","108","2",NA,NA,"","Within Range","Within Range","5401.13219100302",NA,NA,NA,NA,NA,"D2_PM","356311","9959.77441714291"
"233","F15","Freshwater",1516,"FAGR","A6",0.85,"20240716","2024","May","22","1410","EDT","G","Freshwater","A6","29","2","7","","","Within Range","Within Range","4627.6626989922","82965.4012285265","3.78290439838603","67.8204531392499","3782.90439838603","67820.4531392499",NA,NA,NA
"234","F15","Freshwater",1516,"FAGR","A6",0.85,"20241205","2024","November","5","1134","EST","G","Freshwater","A6","29","2","7",NA,NA,"Within Range","Within Range","16168.1750096973","42936.6352303163","13.2167498662725","35.0987521843441","13216.7498662725","35098.7521843441",NA,NA,NA
"235","F15","Freshwater",1516,"FAGR","A6",0.85,"20241007","2024","July","12","1258","EDT","G","Freshwater","A6","29","2","7","","","Within Range","Within Range","9137.97261121856","91150.0006701927","7.46987821537597","74.5109920226585","7469.87821537597","74510.9920226585",NA,NA,NA
"236","F2","Freshwater",1576,"LITU","G6",0.75,"20241001","2024","June","14","1012","EDT","W","Freshwater","C5","278","2","7","",NA,"Within Range","Within Range","234.379464246057","158697.802895174","9.57972916198993","6486.41285715456","9579.72916198993","6486412.85715456","D5_AM",NA,NA
"237","F2","Freshwater",1576,"LITU","G6",0.75,"20241001","2024","June","12","1618","EDT",NA,"Freshwater","G6","170",NA,NA,"NO SAMPLE","",NA,NA,NA,NA,NA,NA,NA,NA,"D3_PM",NA,NA
"238","F2","Freshwater",1576,"LITU","G6",0.75,"20241007","2024","July","12","1249","EDT","G","Freshwater","G6","22","2","7","sappy","","Within Range","Within Range","70.6484297188826","75151.0187584896","0.0577518874875712","61.4325498413256","57.7518874875712","61432.5498413256",NA,NA,NA
"239","F2","Freshwater",1576,"LITU","G6",0.75,"20241204","2024","October","2","1422","EDT","G","Freshwater","G6","52","2","7",NA,"","Within Range","Within Range","60.2974379938668","44865.5701222376","0.0492904211553886","36.6755689839865","49.2904211553886","36675.5689839865",NA,NA,NA
"240","F2","Freshwater",1576,"LITU","G6",0.75,"20240716","2024","May","22","1442","EDT","G","Freshwater","G6","22","2","7","","","Within Range","Within Range","1644.07856330838","122690.021004693","1.34395966883799","100.293528350241","1343.95966883799","100293.528350241",NA,NA,NA
"241","F2","Freshwater",1576,"LITU","G6",0.75,"20241204","2024","September","5","1302","EDT","G","Freshwater","G6","22","2","7",NA,"","Within Range","Within Range","3149.40744988202","217560.163266019","2.57449776904938","177.845567420426","2574.49776904938","177845.567420426",NA,NA,NA
"242","F2","Freshwater",1576,"LITU","G6",0.75,"20241001","2024","June","13","1050","EDT","W","Freshwater","C5","206","2","7","","","Within Range","Within Range","1759.80173856866","201839.727483142","71.9279058364449","8249.74120338652","71927.9058364449","8249741.20338652","D4_AM",NA,NA
"243","F2","Freshwater",1576,"LITU","G6",0.75,"20241205","2024","November","5","1143","EST","G","Freshwater","G6","22","2","7",NA,NA,"Within Range","Within Range","3815.95380470421","99316.054802577","3.11936918717027","81.186370956733","3119.36918717027","81186.370956733",NA,NA,NA
"244","F2","Freshwater",1576,"LITU","G6",0.75,"20240916","2024","June","11","1556","EDT","W","Freshwater","G6","98","1.4",NA,NA,"","Within Range","Within Range","4950.28054988864",NA,NA,NA,NA,NA,"D2_PM","216441","40299.0474436231"
"245","F2","Freshwater",1576,"LITU","G6",0.75,"20240717","2024","June","11","10:33","EDT","W","Freshwater","C5","62","1","13","",NA,"Within Range","Within Range","3346.34158544136","295704.894730696","136.774124709057","12086.2670819185","136774.124709057","12086267.0819185","D2_AM",NA,NA
"246","F2","Freshwater",1576,"LITU","G6",0.75,"20240717","2024","June","10","14:18","EDT","W","Freshwater","G6","26","2","7","",NA,"Within Range","Within Range","3048.5651669871","292330.06813119","124.603188791973","11948.3286968473","124603.188791973","11948328.6968473","D1_PM",NA,NA
"247","F2","Freshwater",1576,"LITU","G6",0.75,"20241007","2024","August","6","1100","EDT","G","Freshwater","G6","52","2","7","","","Within Range","Within Range","10192.0560485726","126534.360142374","8.33154362420121","103.436101259885","8331.54362420121","103436.101259885",NA,NA,NA
"248","F2","Freshwater",1576,"LITU","G6",0.75,"20241001","2024","June","13","1428","EDT","G","Freshwater","G6","242","2","7","",NA,"Within Range","Within Range","105.196397245501","85573.1430142032","0.0859932842385066","69.9521637915927","85.9932842385065","69952.1637915927","D4_PM",NA,NA
"249","F2","Freshwater",1576,"LITU","G6",0.75,"20240716","2024","April","4","1331","EDT","G","Freshwater","G6","44","2","7","","","Within Range","Within Range","1431.46047937885","110774.047239971","1.17015402715874","90.5527601703487","1170.15402715874","90552.7601703487",NA,NA,NA
"250","F2","Freshwater",1576,"LITU","G6",0.75,"20241002","2024","June","14","1550","EDT","W","Freshwater","G6","314","2","7","",NA,"Within Range","Within Range","62.553916508694","22702.9075581324","2.55674950065554","927.929869181194","2556.74950065554","927929.869181194","D5_PM",NA,NA
"251","F2","Freshwater",1576,"LITU","G6",0.75,"20240916","2024","June","12","1116","EDT","W","Freshwater","C5","134","0.8",NA,NA,"","Within Range","Within Range","4411.73478441735",NA,NA,NA,NA,NA,"D3_AM","83601","24935.5959452188"
"252","F3","Freshwater",1552,"LITU","D5",0.85,"20240716","2024","May","22","1419","EDT","G","Freshwater","D5","23","2","7","","","Within Range","Within Range","306.426944912651","65916.2376094994","0.250490131432117","53.8835350364533","250.490131432117","53883.5350364533",NA,NA,NA
"253","F3","Freshwater",1552,"LITU","D5",0.85,"20240717","2024","June","11","11:01","EDT","G","Freshwater","D5","63","2","7","",NA,"Within Range","Within Range","626.671490563161","116008.01947778","0.51227552485854","94.8312951214268","512.27552485854","94831.2951214268","D2_AM",NA,NA
"254","F3","Freshwater",1552,"LITU","D5",0.85,"20241007","2024","July","12","1255","EDT","G","Freshwater","D5","23","1","13","sappy","","Within Range","Within Range","6379.93013901927","108500.370366432","5.2153035677271","88.6941324343007","5215.3035677271","88694.1324343007",NA,NA,NA
"255","F3","Freshwater",1552,"LITU","D5",0.85,"20241001","2024","June","13","1438","EDT","W","Freshwater","D5","243","2","7","",NA,"Within Range","Within Range","105.001348734412","56500.4111916047","4.29169204629345","2309.32619672008","4291.69204629345","2309326.19672008","D4_PM",NA,NA
"256","F3","Freshwater",1552,"LITU","D5",0.85,"20241001","2024","June","12","1535","EDT","W","Freshwater","D5","171","1.8","7.67","1.8 mL","","Within Range","Within Range","625.822802105227","132005.034246723","25.5790880265507","5395.40646263803","25579.0880265507","5395406.46263803","D3_PM",NA,NA
"257","F3","Freshwater",1552,"LITU","D5",0.85,"20241001","2024","June","13","926","EDT","G","Freshwater","D5","207","2","7","","","Within Range","Within Range","298.379756947097","51986.6685627941","0.243911920199012","42.496744027273","243.911920199012","42496.744027273","D4_AM",NA,NA
"258","F3","Freshwater",1552,"LITU","D5",0.85,"20240916","2024","June","11","1405","EDT","G","Freshwater","D5","99","2",NA,NA,"","Within Range","Within Range","662.691305000924",NA,NA,NA,NA,NA,"D2_PM","45322","21617.9329433595"
"259","F3","Freshwater",1552,"LITU","D5",0.85,"20241205","2024","November","5","1139","EST","G","Freshwater","D5","23","2","7",NA,NA,"Within Range","Within Range","1510.98054837247","87772.9379194071","1.23515807743697","71.7503963689703","1235.15807743697","71750.3963689703",NA,NA,NA
"260","F3","Freshwater",1552,"LITU","D5",0.85,"20241002","2024","June","14","1415","EDT","W","Freshwater","D5","315","0.6","21","0.6mL ",NA,"Within Range","Within Range","811.609745967477","188275.166491184","33.1727080979991","7695.32052953501","33172.7080979991","7695320.52953501","D5_PM",NA,NA
"261","F3","Freshwater",1552,"LITU","D5",0.85,"20241204","2024","October","2","1427","EDT","G","Freshwater","D5","53","2","7",NA,"","Within Range","Within Range","14.191697369815","33060.5027166731","0.0116010690261691","27.0254617232566","11.6010690261691","27025.4617232566",NA,NA,NA
"262","F3","Freshwater",1552,"LITU","D5",0.85,"20241001","2024","June","14","1036","EDT","G","Freshwater","D5","279","1","13","pulled vaccuum; only got 1ml",NA,"Within Range","Within Range","418.092722359517","171394.861549785","0.341771840607883","140.107526799359","341.771840607883","140107.526799359","D5_AM",NA,NA
"263","F3","Freshwater",1552,"LITU","D5",0.85,"20240717","2024","June","10","14:51","EDT","W","Freshwater","D5","27","2","7","",NA,"Within Range","Within Range","488.348712172848","118847.339455006","19.9601463134634","4857.61552218068","19960.1463134634","4857615.52218068","D1_PM",NA,NA
"264","F3","Freshwater",1552,"LITU","D5",0.85,"20240916","2024","June","12","936","EDT","W","Freshwater","D5","135","2",NA,NA,"","Within Range","Within Range","767.765508255127",NA,NA,NA,NA,NA,"D3_AM","52555","20864.2759080258"
"265","F3","Freshwater",1552,"LITU","D5",0.85,"20240716","2024","April","4","1334","EDT","G","Freshwater","D5","45","2","7","","","Within Range","Within Range","306.832386065205","81367.5866704471","0.25082156118814","66.5143121966785","250.82156118814","66514.3121966785",NA,NA,NA
"266","F3","Freshwater",1552,"LITU","D5",0.85,"20241007","2024","August","6","1103","EDT","G","Freshwater","D5","53","2","7","","","Within Range","Within Range","585.881262292111","94026.3728397427","0.478931363026838","76.862295831805","478.931363026838","76862.295831805",NA,NA,NA
"267","F3","Freshwater",1552,"LITU","D5",0.85,"20241204","2024","September","5","1258","EDT","G","Freshwater","D5","23","2","7",NA,"","Within Range","Within Range","2239.23313205151","106369.445269749","1.83047153935704","86.9521978022399","1830.47153935704","86952.1978022399",NA,NA,NA
"268","F7_H","Freshwater",1520,"ACRU","B5",1.3,"20241204","2024","October","2","1423","EDT","G","Freshwater","B5","54","2","7",NA,"","Within Range","Within Range","99.751972833029","67069.5990821734","0.0815427141783537","54.8263557370324","81.5427141783536","54826.3557370324",NA,NA,NA
"269","F7_H","Freshwater",1520,"ACRU","B5",1.3,"20240717","2024","June","11","8:23","EDT","G","Freshwater","B5","64","2","7","",NA,"Within Range","Within Range","1371.01318437152","85007.7899934855","1.12074110469066","69.4900133351259","1120.74110469066","69490.0133351259","D2_AM",NA,NA
"270","F7_H","Freshwater",1520,"ACRU","B5",1.3,"20241002","2024","June","14","1315","EDT","G","Freshwater","B5","316","2","7","",NA,"Within Range","Within Range","4134.64326546845","78022.3394659844","3.37988336922309","63.7797243093188","3379.88336922309","63779.7243093188","D5_PM",NA,NA
"271","F7_H","Freshwater",1520,"ACRU","B5",1.3,"20241001","2024","June","14","830","EDT","G","Freshwater","B5","280","2","7","",NA,"Within Range","Within Range","8.11100085100939","-289.475192254066","0.00663037537313996","-0.236632842372031","6.63037537313996","-236.632842372031","D5_AM",NA,NA
"272","F7_H","Freshwater",1520,"ACRU","B5",1.3,"20241001","2024","June","13","1348","EDT","W","Freshwater","B5","244","2","7","",NA,"Within Range","Within Range","3460.06085472399","98103.773659995","141.422141990483","4009.76930489644","141422.141990483","4009769.30489644","D4_PM",NA,NA
"273","F7_H","Freshwater",1520,"ACRU","B5",1.3,"20240716","2024","May","22","1414","EDT","G","Freshwater","B5","24","2","7","","","Within Range","Within Range","1419.55432416795","72808.1135723875","1.16042128520134","59.5173310991651","1160.42128520134","59517.3310991651",NA,NA,NA
"274","F7_H","Freshwater",1520,"ACRU","B5",1.3,"20240716","2024","April","4","1338","EDT","G","Freshwater","B5","46","2","7","","","Within Range","Within Range","74.4050269617027","41646.1463371423","0.0608227353771384","34.0438360360433","60.8227353771384","34043.8360360433",NA,NA,NA
"275","F7_H","Freshwater",1520,"ACRU","B5",1.3,"20241007","2024","August","6","1056","EDT","G","Freshwater","B5","54","2","7","","","Within Range","Within Range","2339.33780666152","70394.1091976442","1.91230257124354","57.5439919945392","1912.30257124354","57543.9919945392",NA,NA,NA
"276","F7_H","Freshwater",1520,"ACRU","B5",1.3,"20241007","2024","July","12","1257","EDT","G","Freshwater","B5","24","2","7","lower well","","Within Range","Within Range","5397.50327045372","106935.819592585","4.41221415436113","87.4151831268737","4412.21415436113","87415.1831268737",NA,NA,NA
"277","F7_H","Freshwater",1520,"ACRU","B5",1.3,"20240916","2024","June","12","832","EDT","G","Freshwater","B5","136","2",NA,NA,"","Within Range","Within Range","2662.74611187202",NA,NA,NA,NA,NA,"D3_AM","141161","13087.4676661019"
"278","F7_H","Freshwater",1520,"ACRU","B5",1.3,"20240916","2024","June","11","1324","EDT","G","Freshwater","B5","100","2",NA,NA,"","Within Range","Within Range","2451.47736668264",NA,NA,NA,NA,NA,"D2_PM","124562","14572.4488315019"
"279","F7_H","Freshwater",1520,"ACRU","B5",1.3,"20241001","2024","June","13","840","EDT","G","Freshwater","B5","208","2","7","","","Within Range","Within Range","2484.36708538217","84370.8514979871","2.03085742972244","68.9693449993271","2030.85742972244","68969.3449993271","D4_AM",NA,NA
"280","F7_H","Freshwater",1520,"ACRU","B5",1.3,"20240717","2024","June","10","15:33","EDT","G","Freshwater","B5","28","2","7","",NA,"Within Range","Within Range","666.11385144099","72187.0025588638","0.544517866220187","59.0096010121264","544.517866220187","59009.6010121264","D1_PM",NA,NA
"281","F7_H","Freshwater",1520,"ACRU","B5",1.3,"20241001","2024","June","12","1333","EDT","G","Freshwater","B5","172","2","7","","","Within Range","Within Range","2001.8141825734","70746.1873934719","1.63639231477644","57.8317999533739","1636.39231477644","57831.7999533739","D3_PM",NA,NA
"282","F7_L","Freshwater",1520,"ACRU","B5",0.75,"20241001","2024","June","14","920","EDT","G","Freshwater","B5","281","2","7","I think I forgot to do F7  low so sampmled it later",NA,"Within Range","Within Range","2535.30552061659","109772.781648688","2.07249729053968","89.7342709554704","2072.49729053968","89734.2709554704","D5_AM",NA,NA
"283","F7_L","Freshwater",1520,"ACRU","B5",0.75,"20241204","2024","September","5","1254","EDT","G","Freshwater","B5","24","2","7",NA,"","Within Range","Within Range","1897.1474242296","48259.9053648457","1.5508319863217","39.4502841164562","1550.8319863217","39450.2841164562",NA,NA,NA
"284","F7_L","Freshwater",1520,"ACRU","B5",0.75,"20241001","2024","June","13","838","EDT","G","Freshwater","B5","209","2","7","","","Within Range","Within Range","903.816520065445","125107.84467683","0.738829018336648","102.269989557286","738.829018336648","102269.989557286","D4_AM",NA,NA
"285","F7_L","Freshwater",1520,"ACRU","B5",0.75,"20240717","2024","June","10","15:32","EDT","G","Freshwater","B5","29","2","7","",NA,"Within Range","Within Range","170.141536260099","100939.366160848","0.139082990211593","82.5133543772167","139.082990211593","82513.3543772167","D1_PM",NA,NA
"286","F7_L","Freshwater",1520,"ACRU","B5",0.75,"20241002","2024","June","14","1316","EDT","G","Freshwater","B5","317","2","7","",NA,"Within Range","Within Range","1610.35650424594","86491.5075252496","1.31639341480272","70.7028851328253","1316.39341480272","70702.8851328253","D5_PM",NA,NA
"287","F7_L","Freshwater",1520,"ACRU","B5",0.75,"20241205","2024","November","5","1137","EST","G","Freshwater","B5","24","2","7",NA,NA,"Within Range","Within Range","672.359535430699","43275.2884500424","0.549623429648728","35.3755858340197","549.623429648728","35375.5858340197",NA,NA,NA
"288","F7_L","Freshwater",1520,"ACRU","B5",0.75,"20240916","2024","June","11","1326","EDT","G","Freshwater","B5","101","2",NA,NA,"","Within Range","Within Range","430.69420477009",NA,NA,NA,NA,NA,"D2_PM","29352","17628.4153417653"
"289","F7_L","Freshwater",1520,"ACRU","B5",0.75,"20241001","2024","June","12","1332","EDT","G","Freshwater","B5","173","2","7","","","Within Range","Within Range","528.914906522214","85570.3560006555","0.432363950529618","69.9498855344047","432.363950529618","69949.8855344047","D3_PM",NA,NA
"290","F7_L","Freshwater",1520,"ACRU","B5",0.75,"20240717","2024","June","11","8:25","EDT","G","Freshwater","B5","65","2","7","",NA,"Within Range","Within Range","329.118847170233","105992.395349266","0.269039732481616","86.6439765909319","269.039732481616","86643.9765909319","D2_AM",NA,NA
"291","F7_L","Freshwater",1520,"ACRU","B5",0.75,"20241001","2024","June","13","1349","EDT","W","Freshwater","B5","245","2","7","",NA,"Within Range","Within Range","974.975383583029","109727.797508145","39.8499081153599","4484.87492302723","39849.9081153599","4484874.92302722","D4_PM",NA,NA
"292","F7_L","Freshwater",1520,"ACRU","B5",0.75,"20240916","2024","June","12","833","EDT","G","Freshwater","B5","137","2",NA,NA,"","Within Range","Within Range","507.338957482543",NA,NA,NA,NA,NA,"D3_AM","34628","15083.6100714442"
"293","F8_H","Freshwater",1521,"ACRU","B4",1.3,"20241204","2024","October","2","1425","EDT","G","Freshwater","B4","55","2","7",NA,"","Within Range","Within Range","602.446159440736","89760.5782038741","0.492472415250889","73.3752021648113","492.472415250889","73375.2021648113",NA,NA,NA
"294","F8_H","Freshwater",1521,"ACRU","B4",1.3,"20240716","2024","April","4","1339","EDT","G","Freshwater","B4","47","2","7","","","Within Range","Within Range","858.226570473612","71878.3949298995","0.701561301985865","58.757328270373","701.561301985865","58757.328270373",NA,NA,NA
"295","F8_H","Freshwater",1521,"ACRU","B4",1.3,"20240916","2024","June","12","853","EDT","G","Freshwater","B4","138","2",NA,NA,"","Within Range","Within Range","4468.50267695085",NA,NA,NA,NA,NA,"D3_AM","283036","12229.8280805882"
"296","F8_H","Freshwater",1521,"ACRU","B4",1.3,"20241001","2024","June","13","1336","EDT","W","Freshwater","B4","246","2","7","",NA,"Within Range","Within Range","7082.59060932124","108349.662855905","289.4848318764","4428.546793941","289484.8318764","4428546.793941","D4_PM",NA,NA
"297","F8_H","Freshwater",1521,"ACRU","B4",1.3,"20240916","2024","June","11","1341","EDT","G","Freshwater","B4","102","2",NA,NA,"","Within Range","Within Range","3983.78988563528",NA,NA,NA,NA,NA,"D2_PM","244953","14693.0685897108"
"298","F8_H","Freshwater",1521,"ACRU","B4",1.3,"20241001","2024","June","14","1053","EDT","G","Freshwater","B4","282","2","7","",NA,"Within Range","Within Range","18368.3527916179","236348.050212532","15.015295428003","193.203812994768","15015.295428003","193203.812994768","D5_AM",NA,NA
"299","F8_H","Freshwater",1521,"ACRU","B4",1.3,"20241001","2024","June","13","902","EDT","G","Freshwater","B4","210","2","7","","","Within Range","Within Range","5970.72529676467","87073.1659620673","4.88079716605204","71.178364527526","4880.79716605204","71178.364527526","D4_AM",NA,NA
"300","F8_H","Freshwater",1521,"ACRU","B4",1.3,"20241002","2024","June","14","1340","EDT","G","Freshwater","B4","318","2","7","",NA,"Within Range","Within Range","8223.23710619656","83980.3212246188","6.72212342199806","68.650104210851","6722.12342199806","68650.104210851","D5_PM",NA,NA
"301","F8_H","Freshwater",1521,"ACRU","B4",1.3,"20240716","2024","May","22","1413","EDT","G","Freshwater","B4","25","2","7","","checked","Within Range","Within Range","14193.7494542681","96161.1626822372","11.6027465121504","78.6073897183065","11602.7465121504","78607.3897183065",NA,NA,NA
"302","F8_H","Freshwater",1521,"ACRU","B4",1.3,"20241007","2024","August","6","1157","EDT","G","Freshwater","B4","55","2","7","","","Within Range","Within Range","15107.3890860534","106611.916361841","12.3496054788536","87.1504069242995","12349.6054788536","87150.4069242995",NA,NA,NA
"303","F8_H","Freshwater",1521,"ACRU","B4",1.3,"20241001","2024","June","12","1400","EDT","G","Freshwater","B4","174","2","7","","","Within Range","Within Range","4404.92040775662","70404.7346867947","3.60082267635275","57.5526778500687","3600.82267635275","57552.6778500687","D3_PM",NA,NA
"304","F8_H","Freshwater",1521,"ACRU","B4",1.3,"20240717","2024","June","11","8:45","EDT","G","Freshwater","B4","66","2","7","",NA,"Within Range","Within Range","2583.76219485807","77916.2342291044","2.1121084242896","63.6929880898937","2112.1084242896","63692.9880898937","D2_AM",NA,NA
"305","F8_H","Freshwater",1521,"ACRU","B4",1.3,"20240717","2024","June","10","15:40","EDT","G","Freshwater","B4","30","2","7","",NA,"Within Range","Within Range","1370.23901764265","83156.7308336145","1.12010825849719","67.9768564148789","1120.10825849719","67976.8564148789","D1_PM",NA,NA
"306","F8_H","Freshwater",1521,"ACRU","B4",1.3,"20241007","2024","July","12","1258","EDT","G","Freshwater","B4","25","2","7","lower well","","Within Range","Within Range","29150.076252036","133465.662835448","23.8288654207944","109.102126886576","23828.8654207944","109102.126886576",NA,NA,NA
"307","F8_L","Freshwater",1521,"ACRU","B4",0.8,"20241001","2024","June","13","1338","EDT","W","Freshwater","B4","247","2","7","",NA,"Within Range","Within Range","6264.9286546395","144484.295084538","256.064753470167","5905.46795353122","256064.753470167","5905467.95353122","D4_PM",NA,NA
"308","F8_L","Freshwater",1521,"ACRU","B4",0.8,"20240916","2024","June","11","1342","EDT","G","Freshwater","B4","103","2",NA,NA,"","Within Range","Within Range","3281.45717714107",NA,NA,NA,NA,NA,"D2_PM","189772","23412.4425734384"
"309","F8_L","Freshwater",1521,"ACRU","B4",0.8,"20241001","2024","June","12","1402","EDT","G","Freshwater","B4","175","2","7","","","Within Range","Within Range","3774.76870820142","115207.545160832","3.08570223846584","94.176943667714","3085.70223846584","94176.943667714","D3_PM",NA,NA
"310","F8_L","Freshwater",1521,"ACRU","B4",0.8,"20240717","2024","June","10","15:42","EDT","G","Freshwater","B4","31","2","7","",NA,"Within Range","Within Range","1118.30945633758","130204.453353358","0.914167266784038","106.436236026263","914.167266784038","106436.236026263","D1_PM",NA,NA
"311","F8_L","Freshwater",1521,"ACRU","B4",0.8,"20241001","2024","June","14","1053","EDT","G","Freshwater","B4","283","2","7","",NA,"Within Range","Within Range","9880.69244217392","136854.148744384","8.07701799587498","111.872060454028","8077.01799587498","111872.060454028","D5_AM",NA,NA
"312","F8_L","Freshwater",1521,"ACRU","B4",0.8,"20240717","2024","June","11","8:43","EDT","G","Freshwater","B4","67","2","7","",NA,"Within Range","Within Range","2172.35428740576","133380.193714654","1.77580111672133","109.032259756233","1775.80111672133","109032.259756233","D2_AM",NA,NA
"313","F8_L","Freshwater",1521,"ACRU","B4",0.8,"20241204","2024","September","5","1253","EDT","G","Freshwater","B4","25","2","7",NA,"","Within Range","Within Range","11359.8088604708","73929.6810877933","9.28612859196894","60.434161681489","9286.12859196894","60434.1616814889",NA,NA,NA
"314","F8_L","Freshwater",1521,"ACRU","B4",0.8,"20241002","2024","June","14","1341","EDT","G","Freshwater","B4","319","2","7","",NA,"Within Range","Within Range","8639.56358712515","114494.200333887","7.06245144033274","93.5938166208777","7062.45144033274","93593.8166208777","D5_PM",NA,NA
"315","F8_L","Freshwater",1521,"ACRU","B4",0.8,"20240916","2024","June","12","852","EDT","G","Freshwater","B4","139","2",NA,NA,"","Within Range","Within Range","4365.7511509605",NA,NA,NA,NA,NA,"D3_AM","274963","22632.3018192017"
"316","F8_L","Freshwater",1521,"ACRU","B4",0.8,"20241001","2024","June","13","903","EDT","G","Freshwater","B4","211","2","7","","","Within Range","Within Range","5426.86550156223","129260.581957043","4.43621644675616","105.664663963025","4436.21644675616","105664.663963025","D4_AM",NA,NA
"317","F8_L","Freshwater",1521,"ACRU","B4",0.8,"20241205","2024","November","5","1136","EST","G","Freshwater","B4","25","2","7",NA,NA,"Within Range","Within Range","4088.72019682388","96066.9769398786","3.34234334315318","78.5303971451203","3342.34334315318","78530.3971451203",NA,NA,NA
"318","F9_H","Freshwater",1592,"ACRU","G3",1.3,"20241001","2024","June","14","921","EDT","G","Freshwater","G3","284","2","7","",NA,"Within Range","Within Range","6483.90582146852","85466.2349163978","5.30029897297738","69.8647712697697","5300.29897297738","69864.7712697697","D5_AM",NA,NA
"319","F9_H","Freshwater",1592,"ACRU","G3",1.3,"20240717","2024","June","10","13:15","EDT","G","Freshwater","G3","32","2","7","",NA,"Within Range","Within Range","9.22065689913656","35872.2772664077","0.00753746887113196","29.3239599076159","7.53746887113196","29323.9599076159","D1_PM",NA,NA
"320","F9_H","Freshwater",1592,"ACRU","G3",1.3,"20240716","2024","April","4","1332","EDT","G","Freshwater","G3","48","2","7","","","Within Range","Within Range","10.3562827271088","15080.9515248398","0.00846579148645404","12.327993971468","8.46579148645404","12327.993971468",NA,NA,NA
"321","F9_H","Freshwater",1592,"ACRU","G3",1.3,"20241001","2024","June","12","1525","EDT","G","Freshwater","G3","176","2","7","","","Within Range","Within Range","56.7512233037997","77161.3700151854","0.0463915514621421","63.0759208270528","46.3915514621421","63075.9208270528","D3_PM",NA,NA
"322","F9_H","Freshwater",1592,"ACRU","G3",1.3,"20241002","2024","June","14","1301","EDT","G","Freshwater","G3","320","2","7","",NA,"Within Range","Within Range","107.061548632789","97462.6734498558","0.0875179609156036","79.6713157491392","87.5179609156036","79671.3157491392","D5_PM",NA,NA
"323","F9_H","Freshwater",1592,"ACRU","G3",1.3,"20240716","2024","May","22","1422","EDT","G","Freshwater","G3","26","2","7","","","Within Range","Within Range","294.307541811973","72892.1004136924","0.240583068995317","59.5859865332458","240.583068995317","59585.9865332458",NA,NA,NA
"324","F9_H","Freshwater",1592,"ACRU","G3",1.3,"20241204","2024","October","2","1422","EDT","G","Freshwater","G3","56","2","7",NA,"","Within Range","Within Range","9.31646799869167","23065.5767133686","0.00761579010011872","18.8550629714899","7.61579010011872","18855.0629714899",NA,NA,NA
"325","F9_H","Freshwater",1592,"ACRU","G3",1.3,"20241001","2024","June","13","1502","EDT","W","Freshwater","G3","248","2","7","",NA,"Within Range","Within Range","105.623065863508","82303.1051810438","4.31710332424506","3363.95280773167","4317.10332424506","3363952.80773167","D4_PM",NA,NA
"326","F9_H","Freshwater",1592,"ACRU","G3",1.3,"20240916","2024","June","12","1032","EDT","G","Freshwater","G3","140","4",NA,NA,"","Within Range","Within Range","11.8019965672356",NA,NA,NA,NA,NA,"D3_AM","1126","1884.90550035997"
"327","F9_H","Freshwater",1592,"ACRU","G3",1.3,"20241007","2024","August","6","1102","EDT","G","Freshwater","G3","56","2","7","","","Within Range","Within Range","1034.62952066364","46783.4884576268","0.845762714138797","38.2433802482494","845.762714138797","38243.3802482494",NA,NA,NA
"328","F9_H","Freshwater",1592,"ACRU","G3",1.3,"20240717","2024","June","11","9:42","EDT","G","Freshwater","G3","68","2","7","",NA,"Within Range","Within Range","21.9142451994622","62472.9781010917","0.0179139016701475","51.0688265353396","17.9139016701475","51068.8265353396","D2_AM",NA,NA
"329","F9_H","Freshwater",1592,"ACRU","G3",1.3,"20241007","2024","July","12","1251","EDT","G","Freshwater","G3","26","2","7","lower well","","Within Range","Within Range","656.976444584009","57976.7009772268","0.537048450483244","47.3933238864678","537.048450483244","47393.3238864678",NA,NA,NA
"330","F9_H","Freshwater",1592,"ACRU","G3",1.3,"20241001","2024","June","13","1010","EDT","G","Freshwater","G3","212","2","7","","","Within Range","Within Range","3357.75788327601","87934.3531482997","2.74481479994781","71.8823459986348","2744.81479994781","71882.3459986348","D4_AM",NA,NA
"331","F9_H","Freshwater",1592,"ACRU","G3",1.3,"20240916","2024","June","11","1505","EDT",NA,"Freshwater","G3","104",NA,NA,NA,"",NA,NA,NA,NA,NA,NA,NA,NA,"D2_PM",NA,NA
"332","F9_L","Freshwater",1592,"ACRU","G3",0.9,"20241001","2024","June","13","1503","EDT","W","Freshwater","G3","249","2","7","",NA,"Within Range","Within Range","74.4396851531728","66777.3059132323","3.04255334384823","2729.3709663255","3042.55334384823","2729370.9663255","D4_PM",NA,NA
"333","F9_L","Freshwater",1592,"ACRU","G3",0.9,"20240717","2024","June","11","9:40","EDT","G","Freshwater","G3","69","2","7","",NA,"Within Range","Within Range","32.8070130142746","57592.3508711526","0.0268182453869498","47.0791351044927","26.8182453869498","47079.1351044926","D2_AM",NA,NA
"334","F9_L","Freshwater",1592,"ACRU","G3",0.9,"20241001","2024","June","13","1011","EDT","G","Freshwater","G3","213","2","7","","","Within Range","Within Range","275.412794766381","71606.1988083638","0.225137470135934","58.5348202847316","225.137470135934","58534.8202847316","D4_AM",NA,NA
"335","F9_L","Freshwater",1592,"ACRU","G3",0.9,"20241204","2024","September","5","1259","EDT","G","Freshwater","G3","26","2","7",NA,"","Within Range","Within Range","1066.96531632235","49728.060732298","0.872195760706626","40.650434550553","872.195760706626","40650.434550553",NA,NA,NA
"336","F9_L","Freshwater",1592,"ACRU","G3",0.9,"20240916","2024","June","12","1033","EDT","G","Freshwater","G3","141","2",NA,NA,"","Within Range","Within Range","78.660032578869",NA,NA,NA,NA,NA,"D3_AM","5119","10092.1420814293"
"337","F9_L","Freshwater",1592,"ACRU","G3",0.9,"20241002","2024","June","14","1303","EDT","G","Freshwater","G3","321","2","7","",NA,"Within Range","Within Range","79.8766623997754","53248.6631348519","0.0652955492167378","43.528367360239","65.2955492167378","43528.367360239","D5_PM",NA,NA
"338","F9_L","Freshwater",1592,"ACRU","G3",0.9,"20241001","2024","June","12","1521","EDT","G","Freshwater","G3","177","2","7","","","Within Range","Within Range","77.9017962250005","65955.5723875342","0.0636811856762821","53.9156894337195","63.6811856762821","53915.6894337195","D3_PM",NA,NA
"339","F9_L","Freshwater",1592,"ACRU","G3",0.9,"20240717","2024","June","10","13:15","EDT","G","Freshwater","G3","33","2","7","",NA,"Within Range","Within Range","12.4379764250842","38863.247883085","0.0101674816826471","31.7689427504096","10.1674816826471","31768.9427504096","D1_PM",NA,NA
"340","F9_L","Freshwater",1592,"ACRU","G3",0.9,"20241205","2024","November","5","1145","EST","G","Freshwater","G3","26","2","7",NA,NA,"Within Range","Within Range","445.590503360852","36957.9481779309","0.364250029590511","30.2114466441267","364.250029590511","30211.4466441267",NA,NA,NA
"341","F9_L","Freshwater",1592,"ACRU","G3",0.9,"20240916","2024","June","11","1500","EDT","G","Freshwater","G3","105","2",NA,NA,"","Within Range","Within Range","43.1994864509125",NA,NA,NA,NA,NA,"D2_PM","2678","8538.16743293831"
"342","F9_L","Freshwater",1592,"ACRU","G3",0.9,"20241001","2024","June","14","921","EDT","G","Freshwater","G3","285","2","7","",NA,"Within Range","Within Range","602.948007012388","75699.8426919487","0.492882652882628","61.8811885185295","492.882652882628","61881.1885185295","D5_AM",NA,NA
"343","S1","Seawater",1771,"LITU","C5",0.8,"20241002","2024","June","14","1526","EDT","G","Saltwater","F7","301","2","7","",NA,"Within Range","Within Range","29441.4260245656","125094.737003738","24.0670306475321","102.259274628949","24067.0306475321","102259.274628949","D5_PM",NA,NA
"344","S1","Seawater",1771,"LITU","C5",0.8,"20241001","2024","June","12","1456","EDT","W","Saltwater","F7","157","2","7","","","Within Range","Within Range","823.096823372023","61962.0868033191","33.6422163407641","2532.55980338086","33642.2163407641","2532559.80338086","D3_PM",NA,NA
"345","S1","Seawater",1771,"LITU","C5",0.8,"20241001","2024","June","14","1011","EDT","W","Saltwater","F7","265","2","7","",NA,"Within Range","Within Range","1433.13723337335","58051.2535896272","58.5762348755399","2372.71336331241","58576.2348755399","2372713.36331241","D5_AM",NA,NA
"346","S1","Seawater",1771,"LITU","C5",0.8,"20240716","2024","May","22","1328","EDT","G","Saltwater","F7","11","2","7","","","Within Range","Within Range","2340.51430115869","51546.6836593414","1.9132643021426","42.1370763214013","1913.2643021426","42137.0763214013",NA,NA,NA
"347","S1","Seawater",1771,"LITU","C5",0.8,"20240916","2024","June","11","1556","EDT","G","Saltwater","F7","85","2",NA,NA,"","Within Range","Within Range","3758.92785049697",NA,NA,NA,NA,NA,"D2_PM","227286","14425.8122148194"
"348","S1","Seawater",1771,"LITU","C5",0.8,"20241001","2024","June","13","1520","EDT","W","Saltwater","F7","229","2","7","",NA,"Within Range","Within Range","6113.77901640019","92189.0341584362","249.886854728384","3768.017739029","249886.854728384","3768017.739029","D4_PM",NA,NA
"349","S1","Seawater",1771,"LITU","C5",0.8,"20241007","2024","July","12","1316","EDT","G","Saltwater","F7","11","2","7","sappy","","Within Range","Within Range","7567.71303015578","69575.2497796672","6.18626221693602","56.8746115544739","6186.26221693602","56874.6115544739",NA,NA,NA
"350","S1","Seawater",1771,"LITU","C5",0.8,"20240717","2024","June","10","13:26","EDT","G","Saltwater","F7","13","2","7","",NA,"Within Range","Within Range","160.676248098438","8124.85854227641","0.131345546377033","6.64170340732381","131.345546377033","6641.70340732381","D1_PM",NA,NA
"351","S1","Seawater",1771,"LITU","C5",0.8,"20241001","2024","June","13","927","EDT","W","Saltwater","F7","193","1.8","7.67","1.8 mL gas","","Within Range","Within Range","6324.17374142678","107799.321913429","258.4862620585","4406.05285577697","258486.2620585","4406052.85577697","D4_AM",NA,NA
"352","S1","Seawater",1771,"LITU","C5",0.8,"20240717","2024","June","11","10:25","EDT","G","Saltwater","F7","49","2","7","",NA,"Within Range","Within Range","6.16804656393713","6132.44139719157","0.00504209835372165","5.01299274455174","5.04209835372165","5012.99274455174","D2_AM",NA,NA
"353","S1","Seawater",1771,"LITU","C5",0.8,"20241204","2024","September","5","1332","EDT","G","Saltwater","F7","11","2","7",NA,"","Within Range","Within Range","12296.8973648786","58526.4134525071","10.0521559486674","47.8426889063165","10052.1559486674","47842.6889063165",NA,NA,NA
"354","S1","Seawater",1771,"LITU","C5",0.8,"20240916","2024","June","12","1058","EDT","W","Saltwater","F7","121","1.8",NA,NA,"","Within Range","Within Range","409.011817606287",NA,NA,NA,NA,NA,"D3_AM","25400","5508.96475783562"
"355","S1","Seawater",1771,"LITU","C5",0.8,"20241007","2024","August","6","1202","EDT","G","Saltwater","F7","41","2","7","","","Within Range","Within Range","35760.2065658485","58636.178057946","29.2323471921585","47.9324164935912","29232.3471921585","47932.4164935912",NA,NA,NA
"356","S1","Seawater",1771,"LITU","C5",0.8,"20241205","2024","November","5","1216","EST","G","Saltwater","F7","11","2","7",NA,NA,"Within Range","Within Range","13495.9517085745","70023.4984052227","11.0323284991991","57.2410344784165","11032.3284991991","57241.0344784165",NA,NA,NA
"357","S1","Seawater",1771,"LITU","C5",0.8,"20241204","2024","October","2","1337","EDT","G","Saltwater","F7","41","2","7",NA,"","Within Range","Within Range","339.67129633719","9789.1213200867","0.277665881136772","8.00216275619117","277.665881136772","8002.16275619117",NA,NA,NA
"358","S1","Seawater",1771,"LITU","C5",0.8,"20240716","2024","April","4","1413","EDT","G","Saltwater","F7","22","2","7","","checked","Within Range","Within Range","21402.6462223623","6719.71875377368","17.4956927066674","5.49306535134972","17495.6927066674","5493.06535134972",NA,NA,NA
"359","S13","Seawater",1848,"FAGR","I2",0.8,"20241204","2024","September","5","1325","EDT","G","Saltwater","A2","17","2","7",NA,"","Within Range","Within Range","50665.0507622625","65533.2228325014","41.4163814088598","53.5704378254426","41416.3814088598","53570.4378254426",NA,NA,NA
"360","S13","Seawater",1848,"FAGR","I2",0.8,"20241001","2024","June","13","1206","EDT","G","Saltwater","A2","202","2","7","","","Within Range","Within Range","34280.9001756073","82708.2237284507","28.0230813026151","67.6102221955783","28023.081302615","67610.2221955783","D4_AM",NA,NA
"361","S13","Seawater",1848,"FAGR","I2",0.8,"20241007","2024","August","6","1156","EDT","G","Saltwater","A2","47","2","7","","","Within Range","Within Range","53143.2542531767","69015.9745454043","43.4422003796151","56.4174294128148","43442.2003796151","56417.4294128148",NA,NA,NA
"362","S13","Seawater",1848,"FAGR","I2",0.8,"20240716","2024","April","4","1418","EDT","G","Saltwater","A2","28","2","7","","","Within Range","Within Range","49924.1898655545","33039.1467620218","40.8107612228079","27.0080041987919","40810.7612228079","27008.0041987919",NA,NA,NA
"363","S13","Seawater",1848,"FAGR","I2",0.8,"20240717","2024","June","11","8:48","EDT","G","Saltwater","A2","58","2","7","",NA,"Within Range","Within Range","19509.324508915","68255.7896770606","15.9479880654196","55.7960127562659","15947.9880654196","55796.0127562659","D2_AM",NA,NA
"364","S13","Seawater",1848,"FAGR","I2",0.8,"20241001","2024","June","14","910","EDT","G","Saltwater","A2","274","2","7","",NA,"Within Range","Within Range","38754.2761126562","80238.1458776481","31.6798632698016","65.5910455671279","31679.8632698016","65591.0455671279","D5_AM",NA,NA
"365","S13","Seawater",1848,"FAGR","I2",0.8,"20240916","2024","June","12","940","EDT","G","Saltwater","A2","130","2",NA,NA,"","Within Range","Within Range","29563.1796196238",NA,NA,NA,NA,NA,"D3_AM","2254679","14297.1709455967"
"366","S13","Seawater",1848,"FAGR","I2",0.8,"20241001","2024","June","13","1345","EDT","G","Saltwater","A2","238","2","7","",NA,"Within Range","Within Range","35977.3114707994","84154.0741004818","29.4098206065517","68.7921393074188","29409.8206065517","68792.1393074188","D4_PM",NA,NA
"367","S13","Seawater",1848,"FAGR","I2",0.8,"20240717","2024","June","10","15:18","EDT","G","Saltwater","A2","22","2","7","",NA,"Within Range","Within Range","10961.4691602683","54520.4086076308","8.96050395120246","44.5679616123548","8960.50395120246","44567.9616123548","D1_PM",NA,NA
"368","S13","Seawater",1848,"FAGR","I2",0.8,"20241204","2024","October","2","1345","EDT","G","Saltwater","A2","47","2","7",NA,"","Within Range","Within Range","3556.6874853363","38413.008180438","2.90743072845248","31.4008922112373","2907.43072845248","31400.8922112373",NA,NA,NA
"369","S13","Seawater",1848,"FAGR","I2",0.8,"20240916","2024","June","11","1425","EDT","G","Saltwater","A2","94","2",NA,NA,"","Within Range","Within Range","23613.544251453",NA,NA,NA,NA,NA,"D2_PM","1787227","13953.7653904877"
"370","S13","Seawater",1848,"FAGR","I2",0.8,"20241007","2024","July","12","1306","EDT","G","Saltwater","A2","17","2","7","","","Within Range","Within Range","59447.4440639615","90006.3670797379","48.5955896637286","73.5761234246477","48595.5896637286","73576.1234246477",NA,NA,NA
"371","S13","Seawater",1848,"FAGR","I2",0.8,"20241001","2024","June","12","1402","EDT","G","Saltwater","A2","166","2","7","","","Within Range","Within Range","28272.3469714454","69252.3916790034","23.1113615377085","56.6106896983452","23111.3615377085","56610.6896983452","D3_PM",NA,NA
"372","S13","Seawater",1848,"FAGR","I2",0.8,"20241205","2024","November","5","1211","EST","G","Saltwater","A2","17","2","7",NA,NA,"Within Range","Within Range","36654.7057411843","47250.4282740991","29.9635597037072","38.6250823731469","29963.5597037072","38625.0823731469",NA,NA,NA
"373","S13","Seawater",1848,"FAGR","I2",0.8,"20241002","2024","June","14","1345","EDT","G","Saltwater","A2","310","2","7","",NA,"Within Range","Within Range","38875.3404393376","82191.8423745701","31.7788278667655","67.1881038559541","31778.8278667655","67188.1038559541","D5_PM",NA,NA
"374","S13","Seawater",1848,"FAGR","I2",0.8,"20240716","2024","May","22","1321","EDT","G","Saltwater","A2","17","2","7","","","Needs Dilution","Within Range","75016.8065569225","70405.1567239424","61.3228374528804","57.5530228462981","61322.8374528804","57553.0228462981",NA,NA,NA
"375","S14","Seawater",1851,"FAGR","E4",0.85,"20240916","2024","June","12","824","EDT","G","Saltwater","I2","131","2",NA,NA,"","Within Range","Within Range","7076.42881041096",NA,NA,NA,NA,NA,"D3_AM","487936","15253.9462211963"
"376","S14","Seawater",1851,"FAGR","E4",0.85,"20240916","2024","June","11","1359","EDT","G","Saltwater","I2","95","2",NA,NA,"","Within Range","Within Range","6929.01543570264",NA,NA,NA,NA,NA,"D2_PM","476354","16696.196924751"
"377","S14","Seawater",1851,"FAGR","E4",0.85,"20240717","2024","June","10","14:54","EDT","G","Saltwater","I2","23","2","7","",NA,"Within Range","Within Range","789.030540991491","30694.1176242555","0.644996685827524","25.0910492224641","644.996685827524","25091.0492224641","D1_PM",NA,NA
"378","S14","Seawater",1851,"FAGR","E4",0.85,"20241204","2024","September","5","1330","EDT","G","Saltwater","I2","18","2","7",NA,"","Within Range","Within Range","4987.98589564704","61318.3897916751","4.07745227149765","50.1250029513588","4077.45227149765","50125.0029513588",NA,NA,NA
"379","S14","Seawater",1851,"FAGR","E4",0.85,"20241001","2024","June","14","840","EDT","G","Saltwater","I2","275","2","7","",NA,"Within Range","Within Range","7792.41027982608","86605.3396098376","6.36994202883504","70.7959376998499","6369.94202883504","70795.9376998499","D5_AM",NA,NA
"380","S14","Seawater",1851,"FAGR","E4",0.85,"20240716","2024","May","22","1325","EDT","G","Saltwater","I2","18","2","7","","","Within Range","Within Range","1869.4262829245","72328.7609466705","1.52817121041982","59.1254820656135","1528.17121041982","59125.4820656135",NA,NA,NA
"381","S14","Seawater",1851,"FAGR","E4",0.85,"20241007","2024","July","12","1309","EDT","G","Saltwater","I2","18","2","7","","","Within Range","Within Range","3238.23010254978","67188.3904115147","2.64710625962203","54.923462261748","2647.10625962203","54923.462261748",NA,NA,NA
"382","S14","Seawater",1851,"FAGR","E4",0.85,"20241001","2024","June","13","1404","EDT","G","Saltwater","I2","239","2","7","",NA,"Within Range","Within Range","5753.34923664518","75270.5119643463","4.70310209460507","61.5302301182634","4703.10209460507","61530.2301182634","D4_PM",NA,NA
"383","S14","Seawater",1851,"FAGR","E4",0.85,"20241205","2024","November","5","1214","EST","G","Saltwater","I2","18","2","7",NA,NA,"Within Range","Within Range","10786.6059225349","40035.0228184994","8.81756118415902","32.7268156217541","8817.56118415902","32726.8156217541",NA,NA,NA
"384","S14","Seawater",1851,"FAGR","E4",0.85,"20241007","2024","August","6","1203","EDT","G","Saltwater","I2","48","2","7","","","Within Range","Within Range","20591.8509980151","64755.9807906924","16.8329043791946","52.9350777031049","16832.9043791946","52935.0777031048",NA,NA,NA
"385","S14","Seawater",1851,"FAGR","E4",0.85,"20240716","2024","April","4","1416","EDT","G","Saltwater","I2","29","2","7","","","Within Range","Within Range","52.7413199725167","5403.63586640379","0.0431136373323338","4.41722727344564","43.1136373323338","4417.22727344564",NA,NA,NA
"386","S14","Seawater",1851,"FAGR","E4",0.85,"20241204","2024","October","2","1342","EDT","G","Saltwater","I2","48","2","7",NA,"","Within Range","Within Range","8810.56304024685","54534.7991383042","7.20223573867336","44.5797252185898","7202.23573867336","44579.7252185898",NA,NA,NA
"387","S14","Seawater",1851,"FAGR","E4",0.85,"20241002","2024","June","14","1540","EDT","G","Saltwater","I2","311","2","7","",NA,"Within Range","Within Range","6167.04163879359","74010.2592757558","5.04127687298875","60.50003069604","5041.27687298875","60500.03069604","D5_PM",NA,NA
"388","S14","Seawater",1851,"FAGR","E4",0.85,"20241001","2024","June","13","1112","EDT","G","Saltwater","I2","203","2","7","","","Within Range","Within Range","5311.39213621334","60093.699049208","4.34182220713928","49.1238738074066","4341.82220713928","49123.8738074066","D4_AM",NA,NA
"389","S14","Seawater",1851,"FAGR","E4",0.85,"20241001","2024","June","12","1435","EDT","G","Saltwater","I2","167","2","7","","","Within Range","Within Range","45.1580274259542","90306.27586572","0.0369146395672446","73.8212852567435","36.9146395672446","73821.2852567435","D3_PM",NA,NA
"390","S14","Seawater",1851,"FAGR","E4",0.85,"20240717","2024","June","11","11:11","EDT","G","Saltwater","I2","59","2","7","",NA,"Within Range","Within Range","21041.5463228486","169454.07919848","17.2005099141911","138.521025238937","17200.5099141911","138521.025238937","D2_AM",NA,NA
"391","S15","Seawater",1829,"FAGR","B5",0.75,"20241001","2024","June","14","948","EDT","G","Saltwater","E4","276","2","7","",NA,"Within Range","Within Range","127.310022190203","78386.0011868696","0.104070169808795","64.0770012745914","104.070169808795","64077.0012745914","D5_AM",NA,NA
"392","S15","Seawater",1829,"FAGR","B5",0.75,"20241007","2024","August","6","1204","EDT","G","Saltwater","E4","49","2","7","","","Within Range","Within Range","3157.76157824537","53538.556090897","2.58132689013836","43.7653417055652","2581.32689013836","43765.3417055652",NA,NA,NA
"393","S15","Seawater",1829,"FAGR","B5",0.75,"20241007","2024","July","12","1307","EDT","G","Saltwater","E4","19","2","7","","","Within Range","Within Range","4112.95085198459","61351.4260067709","3.36215080492069","50.1520085590534","3362.15080492069","50152.0085590534",NA,NA,NA
"394","S15","Seawater",1829,"FAGR","B5",0.75,"20241204","2024","September","5","1327","EDT","G","Saltwater","E4","19","2","7",NA,"","Within Range","Within Range","8134.54706596534","65444.6826229004","6.64962333607849","53.4980602192686","6649.62333607849","53498.0602192686",NA,NA,NA
"395","S15","Seawater",1829,"FAGR","B5",0.75,"20240716","2024","April","4","1419","EDT","G","Saltwater","E4","30","2","7","","","Within Range","Within Range","2802.78421596579","9012.34480577501","2.2911489942024","7.36718318147138","2291.1489942024","7367.18318147138",NA,NA,NA
"396","S15","Seawater",1829,"FAGR","B5",0.75,"20241001","2024","June","12","1550","EDT","G","Saltwater","E4","168","2","7","","","Within Range","Within Range","97.9674118032694","73871.6053517589","0.0800839164638754","60.3866874009343","80.0839164638754","60386.6874009343","D3_PM",NA,NA
"397","S15","Seawater",1829,"FAGR","B5",0.75,"20241001","2024","June","13","1134","EDT","G","Saltwater","E4","204","2","7","","","Within Range","Within Range","200.465404380478","57866.9187717003","0.163871377254935","47.3035819119196","163.871377254935","47303.5819119196","D4_AM",NA,NA
"398","S15","Seawater",1829,"FAGR","B5",0.75,"20241204","2024","October","2","1341","EDT","G","Saltwater","E4","49","2","7",NA,"","Within Range","Within Range","145.671990433419","16641.4366406539","0.119080246158009","13.6036197878254","119.080246158009","13603.6197878254",NA,NA,NA
"399","S15","Seawater",1829,"FAGR","B5",0.75,"20240717","2024","June","11","9:25","EDT","G","Saltwater","E4","60","2","7","",NA,"Within Range","Within Range","230.370197010347","72920.8522049444","0.188317189089275","59.6094898187408","188.317189089275","59609.4898187408","D2_AM",NA,NA
"400","S15","Seawater",1829,"FAGR","B5",0.75,"20241001","2024","June","13","1353","EDT","G","Saltwater","E4","240","2","7","",NA,"Within Range","Within Range","1875.75285350024","60913.4294089187","1.53334289496434","49.7939662028432","1533.34289496434","49793.9662028432","D4_PM",NA,NA
"401","S15","Seawater",1829,"FAGR","B5",0.75,"20241205","2024","November","5","1212","EST","G","Saltwater","E4","19","2","7",NA,NA,"Within Range","Within Range","25.2421558511563","41182.9600517564","0.0206343177118073","33.6652022525914","20.6343177118073","33665.2022525914",NA,NA,NA
"402","S15","Seawater",1829,"FAGR","B5",0.75,"20240717","2024","June","10","15:56","EDT","G","Saltwater","E4","24","2","7","",NA,"Within Range","Within Range","84.382950943885","37499.9692282691","0.0689792357476557","30.6545242728805","68.9792357476557","30654.5242728805","D1_PM",NA,NA
"403","S15","Seawater",1829,"FAGR","B5",0.75,"20240916","2024","June","11","1333","EDT","G","Saltwater","E4","96","2",NA,NA,"","Within Range","Within Range","124.754384428114",NA,NA,NA,NA,NA,"D2_PM","8292","15314.0354026433"
"404","S15","Seawater",1829,"FAGR","B5",0.75,"20241002","2024","June","14","1414","EDT","G","Saltwater","E4","312","2","7","",NA,"Within Range","Within Range","297.623943966628","84090.5824480988","0.243294077362541","68.7402377608534","243.294077362541","68740.2377608534","D5_PM",NA,NA
"405","S15","Seawater",1829,"FAGR","B5",0.75,"20240716","2024","May","22","1335","EDT","G","Saltwater","E4","19","2","7","","","Within Range","Within Range","92.5731737437312","60863.4835304457","0.075674371471365","49.7531377121673","75.674371471365","49753.1377121673",NA,NA,NA
"406","S15","Seawater",1829,"FAGR","B5",0.75,"20240916","2024","June","12","924","EDT","G","Saltwater","E4","132","2",NA,NA,"","Within Range","Within Range","101.452985006056",NA,NA,NA,NA,NA,"D3_AM","6688","12388.017370805"
"407","S2","Seawater",1790,"LITU","E5",0.8,"20240716","2024","May","22","1355","EDT","G","Saltwater","C5","12","2","7","","","Within Range","Within Range","93.4059717868158","10061.4370757027","0.0763551461053585","8.2247685372681","76.3551461053585","8224.7685372681",NA,NA,NA
"408","S2","Seawater",1790,"LITU","E5",0.8,"20241002","2024","June","14","1543","EDT","G","Saltwater","C5","302","2","7","",NA,"Within Range","Within Range","809.187426424996","183018.807260242","0.661474025582813","149.609575287955","661.474025582813","149609.575287955","D5_PM",NA,NA
"409","S2","Seawater",1790,"LITU","E5",0.8,"20241001","2024","June","14","916","EDT","G","Saltwater","C5","266","2","7","",NA,"Within Range","Within Range","108.74384204093","92096.3224108893","0.0888931594871029","75.2845671313087","88.8931594871029","75284.5671313087","D5_AM",NA,NA
"410","S2","Seawater",1790,"LITU","E5",0.8,"20241204","2024","September","5","1335","EDT","G","Saltwater","C5","12","2","7",NA,"","Within Range","Within Range","87.1228072240239","109955.512677956","0.0712189440080136","89.8836452853006","71.2189440080136","89883.6452853006",NA,NA,NA
"411","S2","Seawater",1790,"LITU","E5",0.8,"20240916","2024","June","11","1521","EDT","G","Saltwater","C5","86","2",NA,NA,"","Within Range","Within Range","112.871251805144",NA,NA,NA,NA,NA,"D2_PM","7474","13484.6470543039"
"412","S2","Seawater",1790,"LITU","E5",0.8,"20241001","2024","June","13","824","EDT","G","Saltwater","C5","194","2","7","","","Within Range","Within Range","471.375595750994","111438.196431772","0.385328173301525","91.0956720164073","385.328173301525","91095.6720164073","D4_AM",NA,NA
"413","S2","Seawater",1790,"LITU","E5",0.8,"20240916","2024","June","12","909","EDT","G","Saltwater","C5","122","2",NA,NA,"","Within Range","Within Range","44.405232181605",NA,NA,NA,NA,NA,"D3_AM","2761","20041.141552429"
"414","S2","Seawater",1790,"LITU","E5",0.8,"20241001","2024","June","12","1346","EDT","G","Saltwater","C5","158","2","7","","","Within Range","Within Range","82.4001025119879","96784.5146689498","0.0673583470739868","79.1169516993021","67.3583470739868","79116.9516993021","D3_PM",NA,NA
"415","S2","Seawater",1790,"LITU","E5",0.8,"20240717","2024","June","11","8:40","EDT","G","Saltwater","C5","50","2","7","",NA,"Within Range","Within Range","132.467054029634","62966.6934833886","0.108285809473338","51.4724164710643","108.285809473338","51472.4164710643","D2_AM",NA,NA
"416","S2","Seawater",1790,"LITU","E5",0.8,"20240716","2024","April","4","1415","EDT","G","Saltwater","C5","23","2","7","","","Within Range","Within Range","37.7838288039588","3485.56470008414","0.0308865666033716","2.84929107682782","30.8865666033716","2849.29107682782",NA,NA,NA
"417","S2","Seawater",1790,"LITU","E5",0.8,"20241001","2024","June","13","1456","EDT","G","Saltwater","C5","230","2","7","",NA,"Within Range","Within Range","109.328987574197","91266.1407503748","0.0893714894250158","74.6059312714169","89.3714894250158","74605.9312714169","D4_PM",NA,NA
"418","S2","Seawater",1790,"LITU","E5",0.8,"20240717","2024","June","10","15:33","EDT","G","Saltwater","C5","14","2","7","",NA,"Within Range","Within Range","14.8866530608736","21756.0679901893","0.0121691637883396","17.7845989746824","12.1691637883396","17784.5989746824","D1_PM",NA,NA
"419","S2","Seawater",1790,"LITU","E5",0.8,"20241007","2024","July","12","1306","EDT","G","Saltwater","C5","12","2","7","","","Within Range","Within Range","351.640191006305","129495.126565914","0.287449909756117","105.856393544507","287.449909756117","105856.393544507",NA,NA,NA
"420","S2","Seawater",1790,"LITU","E5",0.8,"20241204","2024","October","2","1338","EDT","G","Saltwater","C5","42","2","7",NA,"","Within Range","Within Range","23.5010639308647","28289.910882723","0.0192110540230558","23.1257192386792","19.2110540230558","23125.7192386792",NA,NA,NA
"421","S2","Seawater",1790,"LITU","E5",0.8,"20241205","2024","November","5","1221","EST","G","Saltwater","C5","12","2","7",NA,NA,"Within Range","Within Range","67.8375801621661","88236.115377515","0.0554541454430571","72.1290229365227","55.4541454430571","72129.0229365227",NA,NA,NA
"422","S2","Seawater",1790,"LITU","E5",0.8,"20241007","2024","August","6","1158","EDT","G","Saltwater","C5","42","2","7","","","Within Range","Within Range","456.771338483213","112065.492215432","0.373389855267785","91.6084578725624","373.389855267785","91608.4578725624",NA,NA,NA
"423","S3","Seawater",1783,"LITU","D7",0.75,"20240916","2024","June","11","1508","EDT","G","Saltwater","E5","87","2",NA,NA,"","Within Range","Within Range","26.6531685321322",NA,NA,NA,NA,NA,"D2_PM","1539","21917.3517576494"
"424","S3","Seawater",1783,"LITU","D7",0.75,"20241001","2024","June","13","1041","EDT","G","Saltwater","E5","195","2","7","","","Within Range","Within Range","196.064622349035","99446.9400016288","0.16027393751355","81.2933636714969","160.27393751355","81293.3636714969","D4_AM",NA,NA
"425","S3","Seawater",1783,"LITU","D7",0.75,"20241002","2024","June","14","1528","EDT","G","Saltwater","E5","303","2","7","",NA,"Within Range","Within Range","2142.95690387819","111245.848949895","1.75177008881783","90.938436672663","1751.77008881783","90938.436672663","D5_PM",NA,NA
"426","S3","Seawater",1783,"LITU","D7",0.75,"20240716","2024","April","4","1414","EDT","G","Saltwater","E5","24","2","7","","","Within Range","Within Range","1319.29557625367","19563.8420852855","1.07846430537561","15.9925537118066","1078.46430537561","15992.5537118066",NA,NA,NA
"427","S3","Seawater",1783,"LITU","D7",0.75,"20241007","2024","August","6","1159","EDT","G","Saltwater","E5","43","2","7","","","Within Range","Within Range","42.683349441514","111039.000288153","0.034891702538155","90.7693472719871","34.891702538155","90769.3472719871",NA,NA,NA
"428","S3","Seawater",1783,"LITU","D7",0.75,"20241001","2024","June","12","1526","EDT","G","Saltwater","E5","159","2","7","","","Within Range","Within Range","23.6295480145187","98470.6578652947","0.0193160839348692","80.4952972980751","19.3160839348692","80495.2972980751","D3_PM",NA,NA
"429","S3","Seawater",1783,"LITU","D7",0.75,"20241204","2024","September","5","1334","EDT","G","Saltwater","E5","13","2","7",NA,"","Within Range","Within Range","497.605512583627","113742.800202151","0.40676994082211","92.9795810881299","406.76994082211","92979.5810881299",NA,NA,NA
"430","S3","Seawater",1783,"LITU","D7",0.75,"20241001","2024","June","13","1444","EDT","G","Saltwater","E5","231","2","7","",NA,"Within Range","Within Range","196.905769053105","114826.595246534","0.160961536799299","93.8655343883218","160.961536799299","93865.5343883218","D4_PM",NA,NA
"431","S3","Seawater",1783,"LITU","D7",0.75,"20241001","2024","June","14","939","EDT","G","Saltwater","E5","267","2","7","",NA,"Within Range","Within Range","33.4307356967351","108065.431021128","0.0273281103949087","88.3385892434071","27.3281103949087","88338.5892434071","D5_AM",NA,NA
"432","S3","Seawater",1783,"LITU","D7",0.75,"20240916","2024","June","12","1041","EDT","G","Saltwater","E5","123","2",NA,NA,"","Within Range","Within Range","425.740478334353",NA,NA,NA,NA,NA,"D3_AM","29011","20598.734184166"
"433","S3","Seawater",1783,"LITU","D7",0.75,"20241204","2024","October","2","1339","EDT","G","Saltwater","E5","43","2","7",NA,"","Within Range","Within Range","6.61187646661612","26652.273852796","0.00540490917209552","21.7870252312659","5.40490917209552","21787.0252312659",NA,NA,NA
"434","S3","Seawater",1783,"LITU","D7",0.75,"20240716","2024","May","22","1330","EDT","G","Saltwater","E5","13","2","7","","","Within Range","Within Range","17.292613796484","93251.6834236215","0.014135927582742","76.229022365209","14.135927582742","76229.022365209",NA,NA,NA
"435","S3","Seawater",1783,"LITU","D7",0.75,"20240717","2024","June","10","13:56","EDT","G","Saltwater","E5","15","2","7","",NA,"Within Range","Within Range","6.80492210149672","60199.2145726351","0.00556271522426049","49.2101279628266","5.56271522426049","49210.1279628266","D1_PM",NA,NA
"436","S3","Seawater",1783,"LITU","D7",0.75,"20241205","2024","November","5","1218","EST","G","Saltwater","E5","13","2","7",NA,NA,"Within Range","Within Range","8365.828503203","65767.3554718019","6.83868542273012","53.7618306404826","6838.68542273012","53761.8306404826",NA,NA,NA
"437","S3","Seawater",1783,"LITU","D7",0.75,"20240717","2024","June","11","10:15","EDT","G","Saltwater","E5","51","2","7","",NA,"Within Range","Within Range","16.0286367833943","114050.796569766","0.0131026836941334","93.2313541514502","13.1026836941334","93231.3541514502","D2_AM",NA,NA
"438","S3","Seawater",1783,"LITU","D7",0.75,"20241007","2024","July","12","1312","EDT","G","Saltwater","E5","13","2","7","","","Within Range","Within Range","133.831956779738","156507.994094259","0.109401555575115","127.938187753115","109.401555575115","127938.187753115",NA,NA,NA
"439","S7_H","Seawater",1733,"ACRU","D7",1.2,"20240916","2024","June","11","1539","EDT","G","Saltwater","D7","88","2",NA,NA,"","Needs Dilution","Within Range","470901.780972702",NA,NA,NA,NA,NA,"D2_PM","36929848","14274.1504822425"
"440","S7_H","Seawater",1733,"ACRU","D7",1.2,"20241001","2024","June","14","927","EDT","G","Saltwater","D7","268","2","7","",NA,"Needs Dilution","Within Range","373169.571030809","86370.5772655325","305.049201598834","70.6040301295248","305049.201598834","70604.0301295249","D5_AM",NA,NA
"441","S7_H","Seawater",1733,"ACRU","D7",1.2,"20240916","2024","June","12","958","EDT","W","Saltwater","D7","124","2",NA,NA,"","Within Range","Within Range","32516.1309440348",NA,NA,NA,NA,NA,"D3_AM","2486687","7665.75808111331"
"442","S7_H","Seawater",1733,"ACRU","D7",1.2,"20241001","2024","June","12","1338","EDT","W","Saltwater","D7","160","2","7","","","Within Range","Within Range","23741.2537199483","32649.1927976667","970.369914168011","1334.46172583996","970369.914168011","1334461.72583996","D3_PM",NA,NA
"443","S7_H","Seawater",1733,"ACRU","D7",1.2,"20240716","2024","April","4","1411","EDT","G","Saltwater","D7","25","2","7","","checked","Needs Dilution","Within Range","374585.885108531","22183.0423397845","306.206974129507","18.1336311427861","306206.974129507","18133.6311427861",NA,NA,NA
"444","S7_H","Seawater",1733,"ACRU","D7",1.2,"20240717","2024","June","10","15:46","EDT","G","Saltwater","D7","16","2","7","",NA,"Needs Dilution","Within Range","265976.298056231","74409.2198108567","217.423562007333","60.8261628411819","217423.562007333","60826.1628411819","D1_PM",NA,NA
"445","S7_H","Seawater",1733,"ACRU","D7",1.2,"20241001","2024","June","13","1627","EDT","G","Saltwater","D7","232","2","7","",NA,"Needs Dilution","Within Range","361729.172929534","67994.6647214405","295.697194957118","55.5825549466985","295697.194957117","55582.5549466985","D4_PM",NA,NA
"446","S7_H","Seawater",1733,"ACRU","D7",1.2,"20241001","2024","June","13","853","EDT","W","Saltwater","D7","196","2","7","","","Needs Dilution","Within Range","413405.744181343","86253.3485081833","16897.022424757","3525.41004682762","16897022.424757","3525410.04682762","D4_AM",NA,NA
"447","S7_H","Seawater",1733,"ACRU","D7",1.2,"20241002","2024","June","14","1431","EDT","G","Saltwater","D7","304","2","7","",NA,"Needs Dilution","Within Range","346981.172433705","68370.8680032903","283.641373353002","55.8900840693173","283641.373353002","55890.0840693173","D5_PM",NA,NA
"448","S7_H","Seawater",1733,"ACRU","D7",1.2,"20240717","2024","June","11","10:41","EDT","G","Saltwater","D7","52","2","7","",NA,"Needs Dilution","Within Range","416718.901955676","75734.5650544908","340.64880472858","61.909572475297","340648.80472858","61909.572475297","D2_AM",NA,NA
"449","S7_H","Seawater",1733,"ACRU","D7",1.2,"20240716","2024","May","22","1356","EDT","G","Saltwater","D7","14","2","7","","checked","Needs Dilution","Within Range","406855.820379197","52521.3687080148","332.586182816782","42.9338371480861","332586.182816782","42933.8371480861",NA,NA,NA
"450","S7_L","Seawater",1733,"ACRU","C6",0.75,"20240916","2024","June","11","1543","EDT","G","Saltwater","D7","89","2",NA,NA,"","Needs Dilution","Within Range","458768.267812933",NA,NA,NA,NA,NA,"D2_PM","35976540","16687.3944835643"
"451","S7_L","Seawater",1733,"ACRU","C6",0.75,"20241001","2024","June","12","1326","EDT","G","Saltwater","D7","161","2","7","","","Needs Dilution","Within Range","385269.056961768","94875.2797475306","314.939982652605","77.556238732179","314939.982652605","77556.238732179","D3_PM",NA,NA
"452","S7_L","Seawater",1733,"ACRU","C6",0.75,"20241001","2024","June","13","850","EDT","G","Saltwater","D7","197","2","7","First 2 times got water but not enough gas; third was only gas","","Needs Dilution","Within Range","321885.245098531","76908.6227240804","263.126590821751","62.8693113783111","263126.590821751","62869.3113783111","D4_AM",NA,NA
"453","S7_L","Seawater",1733,"ACRU","C6",0.75,"20240717","2024","June","10","15:45","EDT","G","Saltwater","D7","17","2","7","",NA,"Within Range","Within Range","38283.3164763221","32533.4315375571","31.2948751244602","26.5946049362711","31294.8751244602","26594.6049362711","D1_PM",NA,NA
"454","S7_L","Seawater",1733,"ACRU","C6",0.75,"20241007","2024","August","6","1200","EDT","G","Saltwater","D7","44","2","7","","","Needs Dilution","Within Range","413010.529067108","77752.91364068","337.617378061707","63.5594809152173","337617.378061707","63559.4809152173",NA,NA,NA
"455","S7_L","Seawater",1733,"ACRU","C6",0.75,"20240916","2024","June","12","949","EDT","G","Saltwater","D7","125","2",NA,NA,"","Within Range","Within Range","36.7930543155463",NA,NA,NA,NA,NA,"D3_AM","2237","18257.3442471115"
"456","S7_L","Seawater",1733,"ACRU","C6",0.75,"20241204","2024","October","2","1336","EDT","G","Saltwater","D7","44","2","7",NA,"","Within Range","Within Range","5675.54003583782","8927.0192792348","4.63949660148364","7.29743343291822","4639.49660148364","7297.43343291822",NA,NA,NA
"457","S7_L","Seawater",1733,"ACRU","C6",0.75,"20241002","2024","June","14","1431","EDT","W","Saltwater","D7","305","2","7","",NA,"Needs Dilution","Within Range","242661.142247648","100435.415322234","9918.22397217843","4105.06987100582","9918223.97217843","4105069.87100582","D5_PM",NA,NA
"458","S7_L","Seawater",1733,"ACRU","C6",0.75,"20241204","2024","September","5","1336","EDT","G","Saltwater","D7","14","2","7",NA,"","Needs Dilution","Within Range","365537.981986329","53783.907630991","298.810723636876","43.9659054632423","298810.723636876","43965.9054632423",NA,NA,NA
"459","S7_L","Seawater",1733,"ACRU","C6",0.75,"20241001","2024","June","14","929","EDT","W","Saltwater","D7","269","2","7","",NA,"Within Range","Within Range","7461.61388634812","51552.3734673099","304.976548916062","2107.08637406953","304976.548916062","2107086.37406953","D5_AM",NA,NA
"460","S7_L","Seawater",1733,"ACRU","C6",0.75,"20241001","2024","June","13","1625","EDT","W","Saltwater","D7","233","2","7","",NA,"Needs Dilution","Within Range","196166.617421965","67939.1421859204","8017.86569301679","2776.85838958901","8017865.69301679","2776858.38958901","D4_PM",NA,NA
"461","S7_L","Seawater",1733,"ACRU","C6",0.75,"20241205","2024","November","5","1217","EST","G","Saltwater","D7","14","2","7",NA,NA,"Needs Dilution","Within Range","176214.37826661","36286.8597146677","144.047263157013","29.6628622583335","144047.263157013","29662.8622583335",NA,NA,NA
"462","S7_L","Seawater",1733,"ACRU","C6",0.75,"20241007","2024","July","12","1304","EDT","G","Saltwater","D7","14","2","7","low","","Needs Dilution","Within Range","464594.468548481","87558.1063193632","379.784909328119","71.5747812782475","379784.909328119","71574.7812782475",NA,NA,NA
"463","S7_L","Seawater",1733,"ACRU","C6",0.75,"20240717","2024","June","11","10:43","EDT","G","Saltwater","D7","53","2","7","",NA,"Needs Dilution","Within Range","399632.211983745","80619.1765376831","326.681210534052","65.9025208524982","326681.210534052","65902.5208524982","D2_AM",NA,NA
"464","S8_H","Seawater",1788,"ACRU","C6",1.2,"20240916","2024","June","11","1529","EDT","G","Saltwater","C6","90","2",NA,NA,"","Within Range","Within Range","10213.2331997211",NA,NA,NA,NA,NA,"D2_PM","734389","24618.3430625266"
"465","S8_H","Seawater",1788,"ACRU","C6",1.2,"20240916","2024","June","12","843","EDT","G","Saltwater","C6","126","2",NA,NA,"","Within Range","Within Range","10881.2517605539",NA,NA,NA,NA,NA,"D3_AM","786874","23490.8581488313"
"466","S8_H","Seawater",1788,"ACRU","C6",1.2,"20241001","2024","June","13","814","EDT","G","Saltwater","C6","198","2","7","","","Within Range","Within Range","11602.7989176237","132440.695056203","9.48476194443173","108.264262207901","9484.76194443173","108264.262207901","D4_AM",NA,NA
"467","S8_H","Seawater",1788,"ACRU","C6",1.2,"20240717","2024","June","10","15:49","EDT","G","Saltwater","C6","18","2","7","",NA,"Within Range","Within Range","1869.6663162252","102713.728445594","1.52836742675797","83.9638150801453","1528.36742675797","83963.8150801453","D1_PM",NA,NA
"468","S8_H","Seawater",1788,"ACRU","C6",1.2,"20241002","2024","June","14","1322","EDT","G","Saltwater","C6","306","2","7","",NA,"Within Range","Within Range","13058.0499707694","147452.812889508","10.6743636867756","120.535987758051","10674.3636867756","120535.987758051","D5_PM",NA,NA
"469","S8_H","Seawater",1788,"ACRU","C6",1.2,"20240716","2024","May","22","1336","EDT","G","Saltwater","C6","15","2","7","","","Within Range","Within Range","1869.02597991549","57643.2859921745","1.52784398086313","47.1207722560915","1527.84398086313","47120.7722560915",NA,NA,NA
"470","S8_H","Seawater",1788,"ACRU","C6",1.2,"20240716","2024","April","4","1412","EDT","G","Saltwater","C6","26","2","7","","","Within Range","Within Range","133.687098186536","7304.44720004623","0.109283140244307","5.97105433955916","109.283140244307","5971.05433955916",NA,NA,NA
"471","S8_H","Seawater",1788,"ACRU","C6",1.2,"20241001","2024","June","12","1352","EDT","G","Saltwater","C6","162","2","7","","","Within Range","Within Range","10616.7496032735","112495.563243508","8.67871134590968","91.9600214348941","8678.71134590968","91960.0214348941","D3_PM",NA,NA
"472","S8_H","Seawater",1788,"ACRU","C6",1.2,"20241001","2024","June","13","1602","EDT","G","Saltwater","C6","234","2","7","",NA,"Within Range","Within Range","12660.2911628109","133236.039047371","10.3492138990759","108.914419852942","10349.2138990759","108914.419852942","D4_PM",NA,NA
"473","S8_H","Seawater",1788,"ACRU","C6",1.2,"20240717","2024","June","11","8:27","EDT","G","Saltwater","C6","54","2","7","",NA,"Within Range","Within Range","9161.80079102921","128081.55191423","7.48935667179651","104.700860370391","7489.3566717965","104700.860370391","D2_AM",NA,NA
"474","S8_H","Seawater",1788,"ACRU","C6",1.2,"20241001","2024","June","14","822","EDT","G","Saltwater","C6","270","2","7","",NA,"Within Range","Within Range","12163.3153874655","144195.447258573","9.94295873988838","117.873239071744","9942.95873988838","117873.239071744","D5_AM",NA,NA
"475","S8_L","Seawater",1788,"ACRU","F2",0.8,"20240916","2024","June","12","849","EDT","G","Saltwater","C6","127","2",NA,NA,"","Within Range","Within Range","577.649913344612",NA,NA,NA,NA,NA,"D3_AM","39468","10129.6946366943"
"476","S8_L","Seawater",1788,"ACRU","F2",0.8,"20240717","2024","June","10","15:48","EDT","G","Saltwater","C6","19","2","7","",NA,"Within Range","Within Range","4676.86219395427","26348.5839067537","3.82312275438915","21.5387724722912","3823.12275438915","21538.7724722912","D1_PM",NA,NA
"477","S8_L","Seawater",1788,"ACRU","F2",0.8,"20241001","2024","June","13","813","EDT","G","Saltwater","C6","199","2","7","","","Within Range","Within Range","377.350022874209","49547.8575202295","0.308466531403161","40.503126596651","308.466531403161","40503.126596651","D4_AM",NA,NA
"478","S8_L","Seawater",1788,"ACRU","F2",0.8,"20241204","2024","September","5","1338","EDT","G","Saltwater","C6","15","2","7",NA,"","Within Range","Within Range","31660.5598345646","54629.972516761","25.8810719025874","44.6575251394985","25881.0719025874","44657.5251394985",NA,NA,NA
"479","S8_L","Seawater",1788,"ACRU","F2",0.8,"20241205","2024","November","5","1221","EST","G","Saltwater","C6","15","2","7",NA,NA,"Within Range","Within Range","1455.29682099724","45545.5909747458","1.18963915548698","37.2314551929161","1189.63915548698","37231.4551929161",NA,NA,NA
"480","S8_L","Seawater",1788,"ACRU","F2",0.8,"20241007","2024","July","12","1305","EDT","G","Saltwater","C6","15","2","7","low","","Within Range","Within Range","3267.32117848974","52260.4490967668","2.67088689496328","42.7205471982308","2670.88689496328","42720.5471982308",NA,NA,NA
"481","S8_L","Seawater",1788,"ACRU","F2",0.8,"20241002","2024","June","14","1322","EDT","G","Saltwater","C6","307","2","7","",NA,"Within Range","Within Range","476.617524486507","59695.4609414969","0.389613212328661","48.7983322138948","389.613212328661","48798.3322138948","D5_PM",NA,NA
"482","S8_L","Seawater",1788,"ACRU","F2",0.8,"20241204","2024","October","2","1340","EDT","G","Saltwater","C6","45","2","7",NA,"","Within Range","Within Range","23.7680407773786","12870.6480744364","0.0194292954880538","10.5211711349376","19.4292954880538","10521.1711349376",NA,NA,NA
"483","S8_L","Seawater",1788,"ACRU","F2",0.8,"20241001","2024","June","13","1601","EDT","G","Saltwater","C6","235","2","7","",NA,"Within Range","Within Range","452.772844005891","49410.2487263129","0.370121267358714","40.3906376479908","370.121267358714","40390.6376479908","D4_PM",NA,NA
"484","S8_L","Seawater",1788,"ACRU","F2",0.8,"20240717","2024","June","11","8:25","EDT","G","Saltwater","C6","55","2","7","",NA,"Within Range","Within Range","238.528792258739","41937.2652785095","0.194986470723936","34.2818125687736","194.986470723936","34281.8125687736","D2_AM",NA,NA
"485","S8_L","Seawater",1788,"ACRU","F2",0.8,"20241007","2024","August","6","1157","EDT","G","Saltwater","C6","45","2","7","","","Within Range","Within Range","7839.2555632305","60403.9720418206","6.40823592364999","49.3775079084205","6408.23592364999","49377.5079084205",NA,NA,NA
"486","S8_L","Seawater",1788,"ACRU","F2",0.8,"20241001","2024","June","14","823","EDT","G","Saltwater","C6","271","2","7","",NA,"Within Range","Within Range","503.741458059805","70549.7464854473","0.411785797992327","57.6712184193846","411.785797992327","57671.2184193846","D5_AM",NA,NA
"487","S8_L","Seawater",1788,"ACRU","F2",0.8,"20241001","2024","June","12","1353","EDT","G","Saltwater","C6","163","2","7","","","Within Range","Within Range","770.592202293284","54437.8469779765","0.629924180094647","44.500471224167","629.924180094647","44500.471224167","D3_PM",NA,NA
"488","S8_L","Seawater",1788,"ACRU","F2",0.8,"20240916","2024","June","11","1531","EDT","G","Saltwater","C6","91","2",NA,NA,"","Within Range","Within Range","352.320732275078",NA,NA,NA,NA,NA,"D2_PM","23957","8314.19326403618"
"489","S9_H","Seawater",1865,"ACRU","F2",1.3,"20240717","2024","June","10","16:08","EDT","G","Saltwater","F2","20","2","7","",NA,"Within Range","Within Range","1047.22075497351","132784.962879676","0.856055477192227","108.545685541525","856.055477192227","108545.685541525","D1_PM",NA,NA
"490","S9_H","Seawater",1865,"ACRU","F2",1.3,"20240716","2024","April","4","1417","EDT","G","Saltwater","F2","27","2","7","","checked","Within Range","Within Range","68.5425670531471","49302.9467027703","0.0560304402562631","40.3029231097416","56.0304402562631","40302.9231097416",NA,NA,NA
"491","S9_H","Seawater",1865,"ACRU","F2",1.3,"20241001","2024","June","13","1319","EDT","G","Saltwater","F2","236","2","7","",NA,"Within Range","Within Range","3229.87594092832","116360.759110357","2.64027711134604","95.1196437748087","2640.27711134604","95119.6437748087","D4_PM",NA,NA
"492","S9_H","Seawater",1865,"ACRU","F2",1.3,"20241001","2024","June","14","830","EDT","G","Saltwater","F2","272","2","7","",NA,"Within Range","Within Range","3623.82566437624","105626.837713997","2.96231314519498","86.3451498016279","2962.31314519498","86345.1498016279","D5_AM",NA,NA
"493","S9_H","Seawater",1865,"ACRU","F2",1.3,"20240717","2024","June","11","8:15","EDT","G","Saltwater","F2","56","2","7","",NA,"Within Range","Within Range","2228.84601899795","131796.702062321","1.82198054547682","107.737827139585","1821.98054547682","107737.827139585","D2_AM",NA,NA
"494","S9_H","Seawater",1865,"ACRU","F2",1.3,"20241002","2024","June","14","1409","EDT","G","Saltwater","F2","308","2","7","",NA,"Within Range","Within Range","7149.28186863322","120456.841630796","5.84421371766009","98.4680054836462","5844.21371766009","98468.0054836462","D5_PM",NA,NA
"495","S9_H","Seawater",1865,"ACRU","F2",1.3,"20240716","2024","May","22","1323","EDT","G","Saltwater","F2","16","2","7","","","Within Range","Within Range","4331.35841172149","103994.979561471","3.54068908052782","85.0111797644258","3540.68908052782","85011.1797644258",NA,NA,NA
"496","S9_H","Seawater",1865,"ACRU","F2",1.3,"20241001","2024","June","13","1126","EDT","G","Saltwater","F2","200","2","7","","","Within Range","Within Range","3015.37929045579","113967.977338416","2.46493582670827","93.1636531855581","2464.93582670827","93163.6531855581","D4_AM",NA,NA
"497","S9_H","Seawater",1865,"ACRU","F2",1.3,"20241001","2024","June","12","1424","EDT","G","Saltwater","F2","164","2","7","","","Within Range","Within Range","2344.06365388479","104401.248506406","1.91616573703799","85.3432862031809","1916.16573703799","85343.2862031809","D3_PM",NA,NA
"498","S9_H","Seawater",1865,"ACRU","F2",1.3,"20240916","2024","June","12","831","EDT","G","Saltwater","F2","128","2",NA,NA,"","Within Range","Within Range","3849.26977189911",NA,NA,NA,NA,NA,"D3_AM","234384","41498.2675843855"
"499","S9_H","Seawater",1865,"ACRU","F2",1.3,"20240916","2024","June","11","1351","EDT","G","Saltwater","F2","92","2",NA,NA,"","Within Range","Within Range","3621.78581004781",NA,NA,NA,NA,NA,"D2_PM","216511","23819.1628911427"
"500","S9_L","Seawater",1865,"ACRU","A2",0.8,"20241204","2024","September","5","1328","EDT","G","Saltwater","F2","16","2","7",NA,"","Within Range","Within Range","1472.19111541538","80240.9733257962","1.20344947504115","65.5933568777681","1203.44947504115","65593.3568777681",NA,NA,NA
"501","S9_L","Seawater",1865,"ACRU","A2",0.8,"20241001","2024","June","13","1317","EDT","G","Saltwater","F2","237","2","7","",NA,"Within Range","Within Range","1558.39800909175","111668.125049455","1.27391970125936","91.2836282344218","1273.91970125936","91283.6282344218","D4_PM",NA,NA
"502","S9_L","Seawater",1865,"ACRU","A2",0.8,"20241001","2024","June","14","831","EDT","G","Saltwater","F2","273","2","7","",NA,"Within Range","Within Range","1063.63021154742","114853.55089319","0.869469463795458","93.8875694070625","869.469463795458","93887.5694070625","D5_AM",NA,NA
"503","S9_L","Seawater",1865,"ACRU","A2",0.8,"20241007","2024","July","12","1309","EDT","G","Saltwater","F2","16","2","7","low","","Within Range","Within Range","5746.89316120356","124663.490204322","4.69782454570555","101.906749926866","4697.82454570555","101906.749926866",NA,NA,NA
"504","S9_L","Seawater",1865,"ACRU","A2",0.8,"20240717","2024","June","10","16:11","EDT","G","Saltwater","F2","21","2","7","",NA,"Within Range","Within Range","258.941751298796","109683.722983114","0.21167313904","89.6614695350499","211.67313904","89661.4695350499","D1_PM",NA,NA
"505","S9_L","Seawater",1865,"ACRU","A2",0.8,"20241205","2024","November","5","1213","EST","G","Saltwater","F2","16","2","7",NA,NA,"Within Range","Within Range","807.065219251255","59683.2510747547","0.65973921745741","48.7883512015334","659.739217457411","48788.3512015334",NA,NA,NA
"506","S9_L","Seawater",1865,"ACRU","A2",0.8,"20241001","2024","June","13","1124","EDT","G","Saltwater","F2","201","2","7","","","Within Range","Within Range","1012.12364167414","109693.700139272","0.827365178675058","89.6696254077594","827.365178675058","89669.6254077594","D4_AM",NA,NA
"507","S9_L","Seawater",1865,"ACRU","A2",0.8,"20241007","2024","August","6","1204","EDT","G","Saltwater","F2","46","2","7","","","Within Range","Within Range","2497.57621573574","91449.0820615278","2.04165529477087","74.7554774971516","2041.65529477087","74755.4774971516",NA,NA,NA
"508","S9_L","Seawater",1865,"ACRU","A2",0.8,"20241001","2024","June","12","1425","EDT","G","Saltwater","F2","165","2","7","","","Within Range","Within Range","580.468666109395","103825.86085007","0.474506811101144","84.8729328871534","474.506811101144","84872.9328871534","D3_PM",NA,NA
"509","S9_L","Seawater",1865,"ACRU","A2",0.8,"20240717","2024","June","11","8:12","EDT","G","Saltwater","F2","57","2","7","",NA,"Within Range","Within Range","454.27587091341","116737.677357417","0.371349923695439","95.4277573490643","371.349923695439","95427.7573490643","D2_AM",NA,NA
"510","S9_L","Seawater",1865,"ACRU","A2",0.8,"20240916","2024","June","12","832","EDT","G","Saltwater","F2","129","2",NA,NA,"these readings seem very low ??","Within Range","Within Range","21.4815362414512",NA,NA,NA,NA,NA,"D3_AM","1183","-30.7331902144127"
"511","S9_L","Seawater",1865,"ACRU","A2",0.8,"20241204","2024","October","2","1344","EDT","G","Saltwater","F2","46","2","7",NA,"","Within Range","Within Range","120.773497573754","57695.5040981102","0.0987268573571091","47.1634581896757","98.7268573571091","47163.4581896757",NA,NA,NA
"512","S9_L","Seawater",1865,"ACRU","A2",0.8,"20241002","2024","June","14","1409","EDT","G","Saltwater","F2","309","2","7","",NA,"Within Range","Within Range","1721.60759625601","118217.911716104","1.40733613743932","96.63778181073","1407.33613743932","96637.78181073","D5_PM",NA,NA
"513","S9_L","Seawater",1865,"ACRU","A2",0.8,"20240916","2024","June","11","1355","EDT","G","Saltwater","F2","93","2",NA,NA,"","Within Range","Within Range","675.809237468579",NA,NA,NA,NA,NA,"D2_PM","46225","22029.3473304719"
