"","IDs","H2S_mean","H2S_sd","H2S_cv","abs_mean","Conc_mean","QAQC_flag","Dilution","H2S_cv_flag","H2S_flag"
"1","91",54.6152577387428,15.7151948708381,28.7743673132757,0.1035,54.6152577387428,"MC 10 out of range",50,"High CV","Within_Range"
"2","19",2070.3902618947,338.603193257749,16.3545588235079,0.557,2070.3902618947,"MC 10 out of range",50,"High CV","Within_Range"
"3","36",2504.51159685809,347.311732384892,13.8674435694606,0.654666666666667,2504.51159685809,"MC 10 out of range",50,"High CV","Within_Range"
"4","98",74.6174352882507,24.7483136309219,33.1669314756237,0.108,74.6174352882507,"MC 10 out of range",50,"High CV","Within_Range"
