"","Project","Site","Year","Month","Day","Plot","Sample_Grid","Sapflux_ID","Tree_ID","Tree_Species","Well_Height_m","Event_Stamp","Time","Time_Zone","Sample_Matrix","CH4_ppm","CH4_Flag","CO2_ppm","CO2_Flag","Field_Notes","Lab_Notes"
"1","COMPASS","TEMPEST","2022","June","20","Freshwater","D5","F3",1552,"LITU",0.85,"Pre",NA,"EDT","G","79.1153571754805","","76559.3545771206","","","moisture in vial; cap was a little loose"
"2","COMPASS","TEMPEST","2022","June","20","Control",NA,"C",NA,NA,NA,"Pre",NA,"EDT","G","8.49955908800116","","1704.14856635107","","","No sample location designation on vials"
"3","COMPASS","TEMPEST","2022","June","20","Control",NA,"C",NA,NA,NA,"Pre",NA,"EDT","G","7.85855085317506","","1336.381614875","","","No sample location designation on vials"
"4","COMPASS","TEMPEST","2022","June","20","Control",NA,"C",NA,NA,NA,"Pre",NA,"EDT","G","8.94243750479011","","2771.81491765242","","","No sample location designation on vials"
"5","COMPASS","TEMPEST","2022","June","20","Control",NA,"C",NA,NA,NA,"Pre",NA,"EDT","G","8.32473866032132","","1352.00415862995","","","No sample location designation on vials"
"6","COMPASS","TEMPEST","2022","June","20","Control",NA,"C",NA,NA,NA,"Pre",NA,"EDT","G","7.99840719531893","","1530.64865443808","","","No sample location designation on vials"
"7","COMPASS","TEMPEST","2022","June","20","Control",NA,"C",NA,NA,NA,"Pre",NA,"EDT","G","10.3759650117648","","1588.93820591048","","","No sample location designation on vials"
"8","COMPASS","TEMPEST","2022","June","21","Control","F5","C1",1384,"LITU",0.8,"Pre","913","EDT","G","19269.1950055121","","29137.3825980624","","","checked"
"9","COMPASS","TEMPEST","2022","June","21","Control","F5","C2",1385,"LITU",0.8,"Pre","856","EDT","G","27859.3894424713","","54298.5512708022","","","checked"
"10","COMPASS","TEMPEST","2022","June","21","Control","C5","C3",1425,"LITU",0.8,"Pre","1008","EDT","G","33.3332799343082","","18945.4847449489","","",""
"11","COMPASS","TEMPEST","2022","June","21","Control","B3","C7_H",1439,"ACRU",1.3,"Pre","1328","EDT","G","25.0841903272293","","62175.7115805493","","",""
"12","COMPASS","TEMPEST","2022","June","21","Control","F2","C11_H",1395,"ACRU",0.8,"Pre","1211","EDT","G","30.8066456599496","","31151.463593999","","",""
"13","COMPASS","TEMPEST","2022","June","21","Control","B8","C13",1407,"FAGR",0.8,"Pre","1057","EDT","G","5288.51436066855","","57181.8309549297","","",""
"14","COMPASS","TEMPEST","2022","June","21","Control","B7","C14",1412,"FAGR",0.8,"Pre","1043","EDT","G","32.3450654235322","","41745.0113983948","","",""
"15","COMPASS","TEMPEST","2022","June","21","Control","A4","C15",1432,"FAGR",0.7,"Pre","1112","EDT","G","172.993926839558","","47740.1035668355","","",""
"16","COMPASS","TEMPEST","2022","June","22","Control","F5","C1",1384,"LITU",0.8,"0","825","EDT","G","49461.0913312757","","36197.0732466744","","",""
"17","COMPASS","TEMPEST","2022","June","22","Control","F5","C2",1385,"LITU",0.8,"0","819","EDT","G","17158.6782701622","","58337.7575987439","","",""
"18","COMPASS","TEMPEST","2022","June","22","Control","C5","C3",1425,"LITU",0.8,"0","804","EDT","G","18.13799200075","","2657.17093342046","","well has sap",""
"19","COMPASS","TEMPEST","2022","June","22","Control","B3","C7_H",1439,"ACRU",1.3,"0","708","EDT","G","31.9954245681725","","98847.9103176622","","",""
"20","COMPASS","TEMPEST","2022","June","22","Control","F2","C11_H",1395,"ACRU",0.8,"0","635","EDT","G","42.496304924142","","38094.9055257879","","",""
"21","COMPASS","TEMPEST","2022","June","22","Control","B8","C13",1407,"FAGR",0.8,"0","750","EDT","G","5507.34964784899","","60688.9740328727","","",""
"22","COMPASS","TEMPEST","2022","June","22","Control","B7","C14",1412,"FAGR",0.8,"0","750","EDT","G","34.151543176224","","74316.221602807","","",""
"23","COMPASS","TEMPEST","2022","June","22","Control","A4","C15",1432,"FAGR",0.7,"0","734","EDT","G","74.2320398956234","","56778.9014805006","","",""
"24","COMPASS","TEMPEST","2022","June","22","Control","F5","C1",1384,"LITU",0.8,"1","1214","EDT","G","67170.0555482041","","42722.6239325226","","",""
"25","COMPASS","TEMPEST","2022","June","22","Control","F5","C2",1385,"LITU",0.8,"1","1204","EDT","G","14338.3645592326","","51831.8884861459","","",""
"26","COMPASS","TEMPEST","2022","June","22","Control","C5","C3",1425,"LITU",0.8,"1","1147","EDT","G","14.0705033833989","","1447.3441537508","","well has sap",""
"27","COMPASS","TEMPEST","2022","June","22","Control","B3","C7_H",1439,"ACRU",1.3,"1","1033","EDT","G","151.083099903684","","100518.625737112","","",""
"28","COMPASS","TEMPEST","2022","June","22","Control","F2","C11_H",1395,"ACRU",0.8,"1","1000","EDT","G","2275.34340275052","","34465.3307907441","","",""
"29","COMPASS","TEMPEST","2022","June","22","Control","B8","C13",1407,"FAGR",0.8,"1","1126","EDT","G","4063.08819412184","","64335.4456581409","","",""
"30","COMPASS","TEMPEST","2022","June","22","Control","B7","C14",1412,"FAGR",0.8,"1","1126","EDT","G","40.3168769257332","","83815.2473840084","","",""
"31","COMPASS","TEMPEST","2022","June","22","Control","A4","C15",1432,"FAGR",0.7,"1","1134","EDT","G","94.7093393245228","","58555.9068351046","","",""
"32","COMPASS","TEMPEST","2022","June","22","Control","F5","C1",1384,"LITU",0.8,"2","1554","EDT","G","69390.8289161839","","43828.1902917854","","",""
"33","COMPASS","TEMPEST","2022","June","22","Control","F5","C2",1385,"LITU",0.8,"2","1546","EDT","G","15120.4738164215","","57063.552723359","","",""
"34","COMPASS","TEMPEST","2022","June","22","Control","C5","C3",1425,"LITU",0.8,"2","1505","EDT","G","50.2934217092057","","135700.428840707","","lot of sap/water",""
"35","COMPASS","TEMPEST","2022","June","22","Control","B3","C7_H",1439,"ACRU",1.3,"2","1436","EDT","G","21.4129613459525","","3238.65050762287","","",""
"36","COMPASS","TEMPEST","2022","June","22","Control","F2","C11_H",1395,"ACRU",0.8,"2","1407","EDT","G","31.0747036490587","","32070.4561905327","","",""
"37","COMPASS","TEMPEST","2022","June","22","Control","B8","C13",1407,"FAGR",0.8,"2","1531","EDT","G","6105.73867737199","","62520.1155134191","","",""
"38","COMPASS","TEMPEST","2022","June","22","Control","B7","C14",1412,"FAGR",0.8,"2","1523","EDT","G","25.7251985620554","","69228.4169225881","","",""
"39","COMPASS","TEMPEST","2022","June","22","Control","A4","C15",1432,"FAGR",0.7,"2","1452","EDT","G","66.9711647993205","","57323.7553932111","","",""
"40","COMPASS","TEMPEST","2022","June","22","Control","F5","C1",1384,"LITU",0.8,"3","1839","EDT","G","97156.9813399684","adl","67629.9616677575","","",""
"41","COMPASS","TEMPEST","2022","June","22","Control","F5","C2",1385,"LITU",0.8,"3","1727","EDT","G","16487.0706059067","","73230.7615989509","","",""
"42","COMPASS","TEMPEST","2022","June","22","Control","C5","C3",1425,"LITU",0.8,"3","1812","EDT","G","441.483139670266","","182193.473280065","","","moisture in vial"
"43","COMPASS","TEMPEST","2022","June","22","Control","B3","C7_H",1439,"ACRU",1.3,"3","1904","EDT","G","22.2171353132798","","3332.05538403087","","",""
"44","COMPASS","TEMPEST","2022","June","22","Control","F2","C11_H",1395,"ACRU",0.8,"3","1704","EDT","G","41.8552966893159","","34346.0142027909","","",""
"45","COMPASS","TEMPEST","2022","June","22","Control","B8","C13",1407,"FAGR",0.8,"3","1804","EDT","G","3595.88765516746","","65590.7241285538","","",""
"46","COMPASS","TEMPEST","2022","June","22","Control","B7","C14",1412,"FAGR",0.8,"3","1758","EDT","G","29.8159965697638","","75888.6707500575","","",""
"47","COMPASS","TEMPEST","2022","June","22","Control","A4","C15",1432,"FAGR",0.7,"3","1741","EDT","G","74.1038382486582","","60761.7533756828","","",""
"48","COMPASS","TEMPEST","2022","June","23","Control","F5","C1",1384,"LITU",0.8,"Post","1109","EDT","G","60956.1842719819","","91389.6324122208","","a little less than 2mL",""
"49","COMPASS","TEMPEST","2022","June","23","Control","F5","C2",1385,"LITU",0.8,"Post","1100","EDT","G","16019.845570922","","66079.4124005742","","",""
"50","COMPASS","TEMPEST","2022","June","23","Control","C5","C3",1425,"LITU",0.8,"Post","1045","EDT","G","210.45211714376","","75215.107843934","","",""
"51","COMPASS","TEMPEST","2022","June","23","Control","B3","C7_H",1439,"ACRU",1.3,"Post","957","EDT","G","34.4778746412264","","125237.643382974","","",""
"52","COMPASS","TEMPEST","2022","June","23","Control","F2","C11_H",1395,"ACRU",0.8,"Post","925","EDT","G","43.0324209023602","","44519.1220683072","","",""
"53","COMPASS","TEMPEST","2022","June","23","Control","B8","C13",1407,"FAGR",0.8,"Post","1021","EDT","G","3028.2656397709","","63769.9190138151","","a little less than 2mL",""
"54","COMPASS","TEMPEST","2022","June","23","Control","B7","C14",1412,"FAGR",0.8,"Post","1028","EDT","G","47.076600129354","","78328.4778628209","","",""
"55","COMPASS","TEMPEST","2022","June","23","Control","A4","C15",1432,"FAGR",0.7,"Post","1013","EDT","G","128.810977417272","","61401.0033231664","","",""
"56","COMPASS","TEMPEST","2022","June","24","Control","F5","C1",1384,"LITU",0.8,"Post","956","EDT","G","44958.3883023736","","65715.0936060228","","sap",""
"57","COMPASS","TEMPEST","2022","June","24","Control","F5","C2",1385,"LITU",0.8,"Post","948","EDT","G","17797.4735017565","","67345.4520189513","","",""
"58","COMPASS","TEMPEST","2022","June","24","Control","C5","C3",1425,"LITU",0.8,"Post","933","EDT","G","234.705537810544","","85377.2657694166","","a little less than 2mL",""
"59","COMPASS","TEMPEST","2022","June","24","Control","B3","C7_H",1439,"ACRU",1.3,"Post","839","EDT","G","32.3217560331749","","124938.266358691","","",""
"60","COMPASS","TEMPEST","2022","June","24","Control","F2","C11_H",1395,"ACRU",0.8,"Post","810","EDT","G","47.2048017763192","","49873.7371408123","","",""
"61","COMPASS","TEMPEST","2022","June","24","Control","B8","C13",1407,"FAGR",0.8,"Post","903","EDT","G","5192.52666572071","","65989.1697913311","","",""
"62","COMPASS","TEMPEST","2022","June","24","Control","B7","C14",1412,"FAGR",0.8,"Post","910","EDT","G","30.1772921203021","","70262.7614736145","","",""
"63","COMPASS","TEMPEST","2022","June","24","Control","A4","C15",1432,"FAGR",0.7,"Post","855","EDT","G","105.956120171926","","58214.2875852607","","",""
"64","COMPASS","TEMPEST","2022","June","20","Freshwater","H5","F1",1578,"LITU",0.75,"Pre","1156","EDT","G","5755.56770810288","","97054.8207501559","","",""
"65","COMPASS","TEMPEST","2022","June","20","Freshwater","G6","F2",1576,"LITU",0.75,"Pre","1008","EDT","G","257.764726704396","","54662.2545511085","","pipe with water",""
"66","COMPASS","TEMPEST","2022","June","20","Freshwater","D5","F3",1552,"LITU",0.85,"Pre","1221","EDT","G","167.406913907437","","35729.6600325666","","pipe with water; exetainer with water",""
"67","COMPASS","TEMPEST","2022","June","20","Freshwater","B5","F7_H",1520,"ACRU",1.3,"Pre","1302","EDT","G","5384.48433511218","","41196.4708323682","","",""
"68","COMPASS","TEMPEST","2022","June","20","Freshwater","B4","F8_H",1521,"ACRU",1.3,"Pre","1421","EDT","G","24932.0955789994","","16379.3642444856","","",""
"69","COMPASS","TEMPEST","2022","June","20","Freshwater","G3","F9_H",1592,"ACRU",1.3,"Pre","1057","EDT","G","23.6205197417174","","29591.4842599001","","",""
"70","COMPASS","TEMPEST","2022","June","20","Freshwater","D6","F13",1519,"FAGR",0.8,"Pre","1248","EDT","G","24.9306969240769","","34424.6046019141","","",""
"71","COMPASS","TEMPEST","2022","June","20","Freshwater","D7","F14",1543,"FAGR",0.75,"Pre","1320","EDT","G","2091.42716742809","","30157.3264959649","","",""
"72","COMPASS","TEMPEST","2022","June","21","Freshwater","G6","F2",1576,"LITU",0.75,"Pre","926","EDT","G","1290.54398595074","","159508.426954416","","",""
"73","COMPASS","TEMPEST","2022","June","21","Freshwater","D5","F3",1552,"LITU",0.85,"Pre","1220","EDT","G","368.818897704051","","60338.8748958485","","",""
"74","COMPASS","TEMPEST","2022","June","21","Freshwater","B5","F7_H",1520,"ACRU",1.3,"Pre","1233","EDT","G","5414.1425091079","","44654.6418469799","","",""
"75","COMPASS","TEMPEST","2022","June","21","Freshwater","B4","F8_H",1521,"ACRU",1.3,"Pre","1300","EDT","G","79842.2862619075","adl","52344.8456915578","","",""
"76","COMPASS","TEMPEST","2022","June","21","Freshwater","G3","F9_H",1592,"ACRU",1.3,"Pre","1011","EDT","G","273.431336910406","","26747.7402632402","","",""
"77","COMPASS","TEMPEST","2022","June","21","Freshwater","D6","F13",1519,"FAGR",0.8,"Pre","1208","EDT","G","110.425309671261","","49176.2655479305","","",""
"78","COMPASS","TEMPEST","2022","June","21","Freshwater","D7","F14",1543,"FAGR",0.75,"Pre","1144","EDT","G","1790.04612750698","","39632.2539467552","","",""
"79","COMPASS","TEMPEST","2022","June","21","Freshwater","A6","F15",1516,"FAGR",0.85,"Pre","1246","EDT","G","1929.07584833647","","49627.9335465608","","",""
"80","COMPASS","TEMPEST","2022","June","22","Freshwater","H5","F1",1578,"LITU",0.75,"0","627","EDT","G","5025.79915369492","","90942.0880606356","","",""
"81","COMPASS","TEMPEST","2022","June","22","Freshwater","G6","F2",1576,"LITU",0.75,"0","607","EDT","G","189.802061168615","","52095.7847570423","","",""
"82","COMPASS","TEMPEST","2022","June","22","Freshwater","D5","F3",1552,"LITU",0.85,"0","820","EDT","G","350.98716418821","","57972.7107814918","","",""
"83","COMPASS","TEMPEST","2022","June","22","Freshwater","B5","F7_H",1520,"ACRU",1.3,"0","828","EDT","G","6353.96792417582","","48914.8879450244","","",""
"84","COMPASS","TEMPEST","2022","June","22","Freshwater","B4","F8_H",1521,"ACRU",1.3,"0","847","EDT","G","84166.7179911065","adl","58497.5542805607","","",""
"85","COMPASS","TEMPEST","2022","June","22","Freshwater","G3","F9_H",1592,"ACRU",1.3,"0","650","EDT","G","254.18949744406","","27716.4952431293","","",""
"86","COMPASS","TEMPEST","2022","June","22","Freshwater","D6","F13",1519,"FAGR",0.8,"0","811","EDT","G","25.9521909984588","","57345.413058163","","",""
"87","COMPASS","TEMPEST","2022","June","22","Freshwater","D7","F14",1543,"FAGR",0.75,"0","750","EDT","G","3023.92865078025","","54975.0297390636","","",""
"88","COMPASS","TEMPEST","2022","June","22","Freshwater","A6","F15",1516,"FAGR",0.85,"0","838","EDT","G","1736.15398832891","","59545.4513130499","","",""
"89","COMPASS","TEMPEST","2022","June","22","Freshwater","H5","F1",1578,"LITU",0.75,"1","958","EDT","G","450.288631002896","","99024.1651303325","","too much water in pipe",""
"90","COMPASS","TEMPEST","2022","June","22","Freshwater","D5","F3",1552,"LITU",0.85,"1","1144","EDT","G","166.363213440134","","29713.9264339013","","",""
"91","COMPASS","TEMPEST","2022","June","22","Freshwater","B5","F7_H",1520,"ACRU",1.3,"1","1154","EDT","G","6904.10018071591","","51549.8452342594","","",""
"92","COMPASS","TEMPEST","2022","June","22","Freshwater","B4","F8_H",1521,"ACRU",1.3,"1","1214","EDT","G","81130.4983605535","adl","58306.1558108637","","",""
"93","COMPASS","TEMPEST","2022","June","22","Freshwater","G3","F9_H",1592,"ACRU",1.3,"1","1026","EDT","G","68.1443375490174","","43231.9601022851","","",""
"94","COMPASS","TEMPEST","2022","June","22","Freshwater","D6","F13",1519,"FAGR",0.8,"1","1135","EDT","G","79.169811634466","","64801.8132944672","","",""
"95","COMPASS","TEMPEST","2022","June","22","Freshwater","D7","F14",1543,"FAGR",0.75,"1","1115","EDT","G","2877.41252193414","","58400.7682808542","","",""
"96","COMPASS","TEMPEST","2022","June","22","Freshwater","A6","F15",1516,"FAGR",0.85,"1","1203","EDT","G","3859.45677887207","","120330.596441788","","",""
"97","COMPASS","TEMPEST","2022","June","22","Freshwater","H5","F1",1578,"LITU",0.75,"2","1325","EDT","G","431.300030648144","","139768.070397196","","",""
"98","COMPASS","TEMPEST","2022","June","22","Freshwater","G6","F2",1576,"LITU",0.75,"2","1305","EDT","G","203.078555263629","","150704.164062579","","",""
"99","COMPASS","TEMPEST","2022","June","22","Freshwater","D5","F3",1552,"LITU",0.85,"2","1519","EDT","G","234.425807744061","","53310.787868285","","well with liquid",""
"100","COMPASS","TEMPEST","2022","June","22","Freshwater","B5","F7_H",1520,"ACRU",1.3,"2","1530","EDT","G","6292.1644389635","","48071.3027058389","","",""
"101","COMPASS","TEMPEST","2022","June","22","Freshwater","B4","F8_H",1521,"ACRU",1.3,"2","1552","EDT","G","112776.269941067","adl","79917.5191587984","","","checked"
"102","COMPASS","TEMPEST","2022","June","22","Freshwater","G3","F9_H",1592,"ACRU",1.3,"2","1339","EDT","G","59.4838443096922","","36042.3499840622","","",""
"103","COMPASS","TEMPEST","2022","June","22","Freshwater","D6","F13",1519,"FAGR",0.8,"2","1502","EDT","G","63.7918845364335","","62321.5601791355","","",""
"104","COMPASS","TEMPEST","2022","June","22","Freshwater","D7","F14",1543,"FAGR",0.75,"2","1437","EDT","G","2905.80838005393","","63180.8289268599","","",""
"105","COMPASS","TEMPEST","2022","June","22","Freshwater","A6","F15",1516,"FAGR",0.85,"2","1542","EDT","G","3324.7972654448","","97746.1310545324","","",""
"106","COMPASS","TEMPEST","2022","June","22","Freshwater","H5","F1",1578,"LITU",0.75,"3","1702","EDT","G","4060.31938985809","","177043.362251695","","liquid in well",""
"107","COMPASS","TEMPEST","2022","June","22","Freshwater","G6","F2",1576,"LITU",0.75,"3","1620","EDT","G","180.619991813677","","115994.18501317","","liquid in well",""
"108","COMPASS","TEMPEST","2022","June","22","Freshwater","D5","F3",1552,"LITU",0.85,"3","1814","EDT","G","166.951682852549","","40603.693875117","","liquid in well",""
"109","COMPASS","TEMPEST","2022","June","22","Freshwater","B5","F7_H",1520,"ACRU",1.3,"3","1824","EDT","G","10148.6394253274","","76456.7910504031","","",""
"110","COMPASS","TEMPEST","2022","June","22","Freshwater","B4","F8_H",1521,"ACRU",1.3,"3","1856","EDT","G","130459.078189081","adl","90174.278033902","","","checked"
"111","COMPASS","TEMPEST","2022","June","22","Freshwater","G3","F9_H",1592,"ACRU",1.3,"3","1705","EDT","G","69.5877530889049","","52755.3444802733","","",""
"112","COMPASS","TEMPEST","2022","June","22","Freshwater","D6","F13",1519,"FAGR",0.8,"3","1824","EDT","G","33.4801581987953","","93662.4949004701","","",""
"113","COMPASS","TEMPEST","2022","June","22","Freshwater","D7","F14",1543,"FAGR",0.75,"3","1917","EDT","G","3796.32848689888","","54762.2795362741","","",""
"114","COMPASS","TEMPEST","2022","June","22","Freshwater","A6","F15",1516,"FAGR",0.85,"3","1844","EDT","G","1544.15699341857","","63914.5443698132","","",""
"115","COMPASS","TEMPEST","2022","June","23","Freshwater","H5","F1",1578,"LITU",0.75,"Post","1157","EDT","W","125.440277745976","","58252.3711392147","","1mL ATM; 1mL water",""
"116","COMPASS","TEMPEST","2022","June","23","Freshwater","G6","F2",1576,"LITU",0.75,"Post","915","EDT","G","47.594318248292","","48768.1770347506","","liquid in well",""
"117","COMPASS","TEMPEST","2022","June","23","Freshwater","D5","F3",1552,"LITU",0.85,"Post","1107","EDT","W","31.4326856553012","","51913.3965330375","","1mL ATM; 1mL water",""
"118","COMPASS","TEMPEST","2022","June","23","Freshwater","B5","F7_H",1520,"ACRU",1.3,"Post","1126","EDT","G","6702.84203665645","","50248.7106807416","","",""
"119","COMPASS","TEMPEST","2022","June","23","Freshwater","B4","F8_H",1521,"ACRU",1.3,"Post","1147","EDT","G","89659.6292833935","adl","63037.7595296716","","",""
"120","COMPASS","TEMPEST","2022","June","23","Freshwater","D7","F14",1543,"FAGR",0.75,"Post","1047","EDT","G","3916.6734331293","","81641.1282235845","","",""
"121","COMPASS","TEMPEST","2022","June","23","Freshwater","A6","F15",1516,"FAGR",0.85,"Post","1137","EDT","G","3725.23885618348","","59424.202449481","","",""
"122","COMPASS","TEMPEST","2022","June","24","Freshwater","H5","F1",1578,"LITU",0.75,"Post","931","EDT","W","179.588980713757","","198264.878387375","","1mL ATM; 1mL water",""
"123","COMPASS","TEMPEST","2022","June","24","Freshwater","G6","F2",1576,"LITU",0.75,"Post","811","EDT","W","566.36248473762","","177556.242204848","","1mL ATM; 1mL water",""
"124","COMPASS","TEMPEST","2022","June","24","Freshwater","D5","F3",1552,"LITU",0.85,"Post","1020","EDT","G","25.0750384780656","","18585.8804702908","","",""
"125","COMPASS","TEMPEST","2022","June","24","Freshwater","B5","F7_H",1520,"ACRU",1.3,"Post","1032","EDT","G","10049.6038708638","","70891.191194098","","",""
"126","COMPASS","TEMPEST","2022","June","24","Freshwater","B4","F8_H",1521,"ACRU",1.3,"Post","1049","EDT","G","82241.2863386587","adl","54700.9092854695","","","checked"
"127","COMPASS","TEMPEST","2022","June","20","Saltwater","F7","S1",1771,"LITU",0.8,"Pre","1523","EDT","G","11394.0253576421","","44295.6934851072","","",""
"128","COMPASS","TEMPEST","2022","June","20","Saltwater","C5","S2",1790,"LITU",0.8,"Pre","1543","EDT","G","739.089905059115","","33849.949567821","","",""
"129","COMPASS","TEMPEST","2022","June","20","Saltwater","E5","S3",1783,"LITU",0.75,"Pre","1418","EDT","G","111.364330119478","","47721.3828308258","","",""
"130","COMPASS","TEMPEST","2022","June","20","Saltwater","D7","S7_H",1733,"ACRU",1.2,"Pre","1034","EDT","G","254658.086605322","adl","37051.3897096556","","","checked"
"131","COMPASS","TEMPEST","2022","June","20","Saltwater","C6","S8_H",1788,"ACRU",1.2,"Pre","1557","EDT","G","2806.92847674416","","24800.5119846921","","",""
"132","COMPASS","TEMPEST","2022","June","20","Saltwater","F2","S9_H",1865,"ACRU",1.3,"Pre","1635","EDT","G","3285.61879904994","","47018.2761119359","","",""
"133","COMPASS","TEMPEST","2022","June","20","Saltwater","A2","S13",1848,"FAGR",0.8,"Pre","1642","EDT","G","9298.47828798115","","40621.1359956015","","",""
"134","COMPASS","TEMPEST","2022","June","20","Saltwater","I2","S14",1851,"FAGR",0.85,"Pre","1451","EDT","G","29.1969216741454","","28708.1627877533","","",""
"135","COMPASS","TEMPEST","2022","June","20","Saltwater","E4","S15",1829,"FAGR",0.75,"Pre","1655","EDT","G","32.4936914752398","","32862.4707071837","","",""
"136","COMPASS","TEMPEST","2022","June","21","Saltwater","F7","S1",1771,"LITU",0.8,"Pre","1412","EDT","G","15304.2609286755","","59432.302148485","","",""
"137","COMPASS","TEMPEST","2022","June","21","Saltwater","C5","S2",1790,"LITU",0.8,"Pre","1141","EDT","G","140.19961876169","","78807.6204509955","","",""
"138","COMPASS","TEMPEST","2022","June","21","Saltwater","E5","S3",1783,"LITU",0.75,"Pre","1218","EDT","G","284.410403324841","","52671.8306997297","","",""
"139","COMPASS","TEMPEST","2022","June","21","Saltwater","D7","S7_H",1733,"ACRU",1.2,"Pre","1348","EDT","G","284755.269856045","adl","43791.6217535857","","","checked"
"140","COMPASS","TEMPEST","2022","June","21","Saltwater","C6","S8_H",1788,"ACRU",1.2,"Pre","1153","EDT","G","4630.40457749241","","37167.8088071593","","",""
"141","COMPASS","TEMPEST","2022","June","21","Saltwater","F2","S9_H",1865,"ACRU",1.3,"Pre","1102","EDT","G","3277.95118782979","","48490.0550166078","","",""
"142","COMPASS","TEMPEST","2022","June","21","Saltwater","A2","S13",1848,"FAGR",0.8,"Pre","1050","EDT","G","6549.46120590629","","47916.2934016646","","",""
"143","COMPASS","TEMPEST","2022","June","21","Saltwater","I2","S14",1851,"FAGR",0.85,"Pre","1112","EDT","G","30.7537296357733","","1747.3196515492","","",""
"144","COMPASS","TEMPEST","2022","June","21","Saltwater","E4","S15",1829,"FAGR",0.75,"Pre","1123","EDT","G","37.0725384212043","","41144.3841379975","","",""
"145","COMPASS","TEMPEST","2022","June","22","Saltwater","F7","S1",1771,"LITU",0.8,"0","944","EDT","G","21146.9806784296","","61900.7867012882","","",""
"146","COMPASS","TEMPEST","2022","June","22","Saltwater","C5","S2",1790,"LITU",0.8,"0","930","EDT","G","169.218061281739","","81959.5675944757","","",""
"147","COMPASS","TEMPEST","2022","June","22","Saltwater","E5","S3",1783,"LITU",0.75,"0","909","EDT","G","17.5552033140306","","53016.2407398245","","",""
"148","COMPASS","TEMPEST","2022","June","22","Saltwater","D7","S7_H",1733,"ACRU",1.2,"0","934","EDT","G","320419.212697971","adl","53972.382538789","","","checked"
"149","COMPASS","TEMPEST","2022","June","22","Saltwater","C6","S8_H",1788,"ACRU",1.2,"0","913","EDT","G","4561.30992357601","","37485.4313996912","","",""
"150","COMPASS","TEMPEST","2022","June","22","Saltwater","F2","S9_H",1865,"ACRU",1.3,"0","727","EDT","G","2833.43896561768","","47932.1107516542","","",""
"151","COMPASS","TEMPEST","2022","June","22","Saltwater","A2","S13",1848,"FAGR",0.8,"0","719","EDT","G","5983.68257381916","","53586.8133729149","","",""
"152","COMPASS","TEMPEST","2022","June","22","Saltwater","I2","S14",1851,"FAGR",0.85,"0","736","EDT","G","208.596145017034","","56357.1031682605","","",""
"153","COMPASS","TEMPEST","2022","June","22","Saltwater","E4","S15",1829,"FAGR",0.75,"0","746","EDT","G","31.7038403770609","","46085.6052194075","","",""
"154","COMPASS","TEMPEST","2022","June","22","Saltwater","F7","S1",1771,"LITU",0.8,"1","1328","EDT","G","10.6525915429892","","1812.07724303864","","",""
"155","COMPASS","TEMPEST","2022","June","22","Saltwater","C5","S2",1790,"LITU",0.8,"1","1104","EDT","G","459.574193242713","","82668.2018819104","","",""
"156","COMPASS","TEMPEST","2022","June","22","Saltwater","E5","S3",1783,"LITU",0.75,"1","1236","EDT","G","30.9025421615171","","117260.193552181","","",""
"157","COMPASS","TEMPEST","2022","June","22","Saltwater","D7","S7_H",1733,"ACRU",1.2,"1","1318","EDT","G","305644.550483407","adl","49697.7437041157","","",""
"158","COMPASS","TEMPEST","2022","June","22","Saltwater","C6","S8_H",1788,"ACRU",1.2,"1","1306","EDT","G","4239.38102038908","","39604.4035414351","","",""
"159","COMPASS","TEMPEST","2022","June","22","Saltwater","F2","S9_H",1865,"ACRU",1.3,"1","1119","EDT","G","2866.44784730699","","49064.7945859858","","",""
"160","COMPASS","TEMPEST","2022","June","22","Saltwater","A2","S13",1848,"FAGR",0.8,"1","1042","EDT","G","6303.83918805632","","53220.080459851","","",""
"161","COMPASS","TEMPEST","2022","June","22","Saltwater","I2","S14",1851,"FAGR",0.85,"1","1135","EDT","G","185.083765949506","","57154.348631443","","",""
"162","COMPASS","TEMPEST","2022","June","22","Saltwater","E4","S15",1829,"FAGR",0.75,"1","1148","EDT","G","33.0317059913906","","50225.4989408635","","",""
"163","COMPASS","TEMPEST","2022","June","22","Saltwater","F7","S1",1771,"LITU",0.8,"2","1657","EDT","G","14474.0789388958","","64894.9005029373","","",""
"164","COMPASS","TEMPEST","2022","June","22","Saltwater","C5","S2",1790,"LITU",0.8,"2","1516","EDT","G","194.710791653397","","82568.1954110088","","",""
"165","COMPASS","TEMPEST","2022","June","22","Saltwater","E5","S3",1783,"LITU",0.75,"2","1537","EDT","G","55.6969983739148","","93237.5507358084","","",""
"166","COMPASS","TEMPEST","2022","June","22","Saltwater","D7","S7_H",1733,"ACRU",1.2,"2","1709","EDT","G","327119.572608664","adl","53773.772749001","","",""
"167","COMPASS","TEMPEST","2022","June","22","Saltwater","C6","S8_H",1788,"ACRU",1.2,"2","1526","EDT","G","4664.31191121876","","44548.98368373","","",""
"168","COMPASS","TEMPEST","2022","June","22","Saltwater","F2","S9_H",1865,"ACRU",1.3,"2","1426","EDT","G","7049.41899560921","","56476.7112476169","","",""
"169","COMPASS","TEMPEST","2022","June","22","Saltwater","A2","S13",1848,"FAGR",0.8,"2","1458","EDT","G","5730.5037128084","","55089.3765824052","","",""
"170","COMPASS","TEMPEST","2022","June","22","Saltwater","I2","S14",1851,"FAGR",0.85,"2","1435","EDT","G","661.352531034003","","59708.1278188672","","",""
"171","COMPASS","TEMPEST","2022","June","22","Saltwater","E4","S15",1829,"FAGR",0.75,"2","1507","EDT","G","29.6662534861067","","44192.9232299332","","",""
"172","COMPASS","TEMPEST","2022","June","22","Saltwater","F7","S1",1771,"LITU",0.8,"3","1922","EDT","G","12652.190513665","","60231.0783229568","","",""
"173","COMPASS","TEMPEST","2022","June","22","Saltwater","C5","S2",1790,"LITU",0.8,"3","1803","EDT","G","544.672063733463","","86933.869047638","","",""
"174","COMPASS","TEMPEST","2022","June","22","Saltwater","E5","S3",1783,"LITU",0.75,"3","1838","EDT","G","70.6125923003942","","143054.379567383","","",""
"175","COMPASS","TEMPEST","2022","June","22","Saltwater","D7","S7_H",1733,"ACRU",1.2,"3","1951","EDT","G","330187.010938713","adl","55346.068361671","","",""
"176","COMPASS","TEMPEST","2022","June","22","Saltwater","C6","S8_H",1788,"ACRU",1.2,"3","1812","EDT","G","4487.77223972305","","47152.4259485407","","",""
"177","COMPASS","TEMPEST","2022","June","22","Saltwater","F2","S9_H",1865,"ACRU",1.3,"3","1735","EDT","G","2786.80561262707","","53348.575168637","","",""
"178","COMPASS","TEMPEST","2022","June","22","Saltwater","A2","S13",1848,"FAGR",0.8,"3","1752","EDT","G","5538.89958523972","","56072.4759079648","","",""
"179","COMPASS","TEMPEST","2022","June","22","Saltwater","I2","S14",1851,"FAGR",0.85,"3","1726","EDT","G","1263.16634100448","","55094.3513940955","","",""
"180","COMPASS","TEMPEST","2022","June","22","Saltwater","E4","S15",1829,"FAGR",0.75,"3","1742","EDT","G","27.2280174873806","","48129.7425870074","","",""
"181","COMPASS","TEMPEST","2022","June","23","Saltwater","F7","S1",1771,"LITU",0.8,"Post","1233","EDT","G","11917.7244347346","","57480.8153336464","","",""
"182","COMPASS","TEMPEST","2022","June","23","Saltwater","C5","S2",1790,"LITU",0.8,"Post","1157","EDT","G","141.48169590656","","85159.4770250211","","",""
"183","COMPASS","TEMPEST","2022","June","23","Saltwater","E5","S3",1783,"LITU",0.75,"Post","1136","EDT","G","153.69577013492","","97483.9564511456","","",""
"184","COMPASS","TEMPEST","2022","June","23","Saltwater","D7","S7_H",1733,"ACRU",1.2,"Post","1244","EDT","G","329809.26724117","adl","48804.4035877709","","",""
"185","COMPASS","TEMPEST","2022","June","23","Saltwater","C6","S8_H",1788,"ACRU",1.2,"Post","1146","EDT","G","24956.5773137532","","46524.7918001654","","",""
"186","COMPASS","TEMPEST","2022","June","23","Saltwater","F2","S9_H",1865,"ACRU",1.3,"Post","1015","EDT","G","6964.77989069594","","50666.6839502491","","",""
"187","COMPASS","TEMPEST","2022","June","23","Saltwater","A2","S13",1848,"FAGR",0.8,"Post","1043","EDT","G","6006.42694867443","","62039.613711277","","",""
"188","COMPASS","TEMPEST","2022","June","23","Saltwater","I2","S14",1851,"FAGR",0.85,"Post","1025","EDT","G","521.457309717423","","55945.2567919199","","",""
"189","COMPASS","TEMPEST","2022","June","23","Saltwater","E4","S15",1829,"FAGR",0.75,"Post","1052","EDT","G","137.784276997693","","53926.0785222874","","",""
"190","COMPASS","TEMPEST","2022","June","24","Saltwater","F7","S1",1771,"LITU",0.8,"Post","1138","EDT","G","12206.5336881728","","65728.2027209347","","pipe w/water",""
"191","COMPASS","TEMPEST","2022","June","24","Saltwater","C5","S2",1790,"LITU",0.8,"Post","1027","EDT","G","160.17483856346","","84864.6025030386","","",""
"192","COMPASS","TEMPEST","2022","June","24","Saltwater","E5","S3",1783,"LITU",0.75,"Post","1054","EDT","G","33.7070859159204","","101168.591123306","","pipe w/water",""
"193","COMPASS","TEMPEST","2022","June","24","Saltwater","D7","S7_H",1733,"ACRU",1.2,"Post","1147","EDT","G","369782.210667825","adl","53786.613715928","","pipe w/water",""
"194","COMPASS","TEMPEST","2022","June","24","Saltwater","C6","S8_H",1788,"ACRU",1.2,"Post","1018","EDT","G","5059.69234532359","","45284.3628989695","","",""
"195","COMPASS","TEMPEST","2022","June","24","Saltwater","F2","S9_H",1865,"ACRU",1.3,"Post","913","EDT","G","2413.54186770781","","55183.3027279076","","",""
"196","COMPASS","TEMPEST","2022","June","24","Saltwater","A2","S13",1848,"FAGR",0.8,"Post","939","EDT","G","3804.81330839507","","54702.9995411285","","",""
"197","COMPASS","TEMPEST","2022","June","24","Saltwater","I2","S14",1851,"FAGR",0.85,"Post","904","EDT","G","728.318167618733","","50810.23065338","","",""
"198","COMPASS","TEMPEST","2022","June","24","Saltwater","E4","S15",1829,"FAGR",0.75,"Post","946","EDT","G","35.5157304595763","","51478.6412497122","","",""
"199","COMPASS","TEMPEST","2023","June","4","Control","F5","C1",1384,"LITU",0.8,"0","1322","EDT","G","81573.0879864901","adl","49074.8269776976","","~0.1 mL liquid pulled w/gas",""
"200","COMPASS","TEMPEST","2023","June","8","Control","F5","C1",1384,"LITU",0.8,"4","1407","EDT","G","30358.456484196","","33718.7847398047","","",""
"201","COMPASS","TEMPEST","2023","July","12","Control","F5","C1",1384,"LITU",0.8,NA,"1325","EDT","G","8522.00736288257","","47946.5964310097","","",""
"202","COMPASS","TEMPEST","2023","October","3","Control","F5","C1",1384,"LITU",0.8,NA,"959","EDT","G","98926.3805892155","adl","57403.1029339759","",NA,""
"203","COMPASS","TEMPEST","2023","May","16","Control","F5","C1",1384,"LITU",0.8,NA,"1229","EDT","G","83279.9149340254","","55348.990502006","","","10mL N2 added in lab "
"204","COMPASS","TEMPEST","2023","June","5","Control","F5","C1",1384,"LITU",0.8,"1","1517","EDT","G","10474.6621963767","","8358.35734602866","","replaced the rubber on the septa; extracted 1 mL",""
"205","COMPASS","TEMPEST","2023","November","3","Control","F5","C1",1384,"LITU",0.8,NA,"1345","EDT","G","96362.6560264765","adl","46323.8474930096","",NA,""
"206","COMPASS","TEMPEST","2023","June","7","Control","F5","C1",1384,"LITU",0.8,"3_PM","1353","EDT","G","76748.5009485265","adl","52512.0962718902","","",""
"207","COMPASS","TEMPEST","2023","August","14","Control","F5","C1",1384,"LITU",0.8,NA,"1007","EDT","G","35908.9237597742","","49135.0245251263","","a little water",""
"208","COMPASS","TEMPEST","2023","March","2","Control","F5","C1",1384,"LITU",0.8,NA,"1213","EDT","G","43250.747706838","","30830.1060389298","","","10mL N2 added in lab "
"209","COMPASS","TEMPEST","2023","September","12","Control","F5","C1",1384,"LITU",0.8,NA,"1034","EDT","G","64294.4245875151","","52358.4262810071","",NA,""
"210","COMPASS","TEMPEST","2023","June","9","Control","F5","C1",1384,"LITU",0.8,"5","1157","EDT","G","36024.2770395497","","37717.3340285696","","",""
"211","COMPASS","TEMPEST","2023","July","12","Control","F2","C11_H",1395,"ACRU",0.8,NA,"1340","EDT","G","698.352828807289","","68625.503690374","","high well",""
"212","COMPASS","TEMPEST","2023","September","12","Control","F2","C11_H",1395,"ACRU",0.8,NA,"1037","EDT","G","834.805784461424","","62375.2769894432","",NA,""
"213","COMPASS","TEMPEST","2023","August","14","Control","F2","C11_H",1395,"ACRU",0.8,NA,"1012","EDT","G","903.861137639298","","68017.9898350416","","high well",""
"214","COMPASS","TEMPEST","2023","June","6","Control","F2","C11_H",1395,"ACRU",0.8,"2","1237","EDT","G","72.2739743989396","","40854.637663882","","",""
"215","COMPASS","TEMPEST","2023","June","7","Control","F2","C11_H",1395,"ACRU",0.8,"3_AM","817","EDT","G","429.888854215561","","28693.0955529445","","",""
"216","COMPASS","TEMPEST","2023","June","7","Control","F2","C11_H",1395,"ACRU",0.8,"3_PM","1313","EDT","G","74.2895777421641","","46507.9667354343","","",""
"217","COMPASS","TEMPEST","2023","June","8","Control","F2","C11_H",1395,"ACRU",0.8,"4","1326","EDT","G","50.2542248014088","","32315.0819333508","","",""
"218","COMPASS","TEMPEST","2023","November","3","Control","F2","C11_H",1395,"ACRU",0.8,NA,"1410","EDT","G","54.2806105612484","","31793.7760761443","",NA,""
"219","COMPASS","TEMPEST","2023","June","4","Control","F2","C11_H",1395,"ACRU",0.8,"0","1338","EDT","G","2170.19120701253","","42049.6231383779","","",""
"220","COMPASS","TEMPEST","2023","June","9","Control","F2","C11_H",1395,"ACRU",0.8,"5","1220","EDT","G","59.5734058329187","","43778.8408872879","","",""
"221","COMPASS","TEMPEST","2023","June","5","Control","F2","C11_H",1395,"ACRU",0.8,"1","1246","EDT","G","97.8584950343776","","51273.696314048","","pressure; push back on syringe",""
"222","COMPASS","TEMPEST","2023","October","3","Control","F2","C11_H",1395,"ACRU",0.8,NA,"949","EDT","G","718.092757180276","","63527.1218688652","",NA,""
"223","COMPASS","TEMPEST","2023","June","7","Control","F2","C11_L",1395,"ACRU",1.3,"3_PM","1314","EDT","G","133.778357472716","","102453.245232188","","",""
"224","COMPASS","TEMPEST","2023","June","8","Control","F2","C11_L",1395,"ACRU",1.3,"4","1327","EDT","G","80.2138566333183","","87588.3172210773","","",""
"225","COMPASS","TEMPEST","2023","June","7","Control","F2","C11_L",1395,"ACRU",1.3,"3_AM","818","EDT","G","220.149779413417","","113427.511286083","","",""
"226","COMPASS","TEMPEST","2023","March","2","Control","F2","C11_L",1395,"ACRU",1.3,NA,"1211","EDT","G","830.892254444866","","62406.5101457756","","","10mL N2 added in lab "
"227","COMPASS","TEMPEST","2023","June","6","Control","F2","C11_L",1395,"ACRU",1.3,"2","1238","EDT","G","129.534353892102","","95500.1582802979","","",""
"228","COMPASS","TEMPEST","2023","June","4","Control","F2","C11_L",1395,"ACRU",1.3,"0","1339","EDT","G","190.165678286492","","85437.1871843701","","",""
"229","COMPASS","TEMPEST","2023","May","16","Control","F2","C11_L",1395,"ACRU",1.3,NA,"1232","EDT","G","661.069846392798","","93471.4037035191","","","10mL N2 added in lab "
"230","COMPASS","TEMPEST","2023","June","9","Control","F2","C11_L",1395,"ACRU",1.3,"5","1221","EDT","G","71.7065973328882","","98350.532790134","","",""
"231","COMPASS","TEMPEST","2023","June","5","Control","F2","C11_L",1395,"ACRU",1.3,"1","1247","EDT","G","165.128273471572","","91061.8250504622","","",""
"232","COMPASS","TEMPEST","2023","November","3","Control","B8","C13",1407,"FAGR",0.8,NA,"1348","EDT","G","32537.614934063","","46071.7981738635","",NA,""
"233","COMPASS","TEMPEST","2023","October","3","Control","B8","C13",1407,"FAGR",0.8,NA,"955","EDT","G","76950.5036381603","adl","65428.4560123203","",NA,""
"234","COMPASS","TEMPEST","2023","September","12","Control","B8","C13",1407,"FAGR",0.8,NA,"1026","EDT","G","74269.1910838053","adl","81015.7117074736","",NA,""
"235","COMPASS","TEMPEST","2023","June","7","Control","B8","C13",1407,"FAGR",0.8,"3_AM","942","EDT","G","124722.88326766","adl","79786.2690652378","","",""
"236","COMPASS","TEMPEST","2023","June","9","Control","B8","C13",1407,"FAGR",0.8,"5","1018","EDT","G","73359.6907745175","adl","68969.3661841109","","","checked"
"237","COMPASS","TEMPEST","2023","July","12","Control","B8","C13",1407,"FAGR",0.8,NA,"1358","EDT","G","90898.9572442661","adl","78495.0753165112","","",""
"238","COMPASS","TEMPEST","2023","June","6","Control","B8","C13",1407,"FAGR",0.8,"2","1324","EDT","G","95867.3118084149","adl","66647.2071846187","","",""
"239","COMPASS","TEMPEST","2023","August","14","Control","B8","C13",1407,"FAGR",0.8,NA,"1000","EDT","G","99991.2827087944","adl","82055.1911641549","","",""
"240","COMPASS","TEMPEST","2023","June","5","Control","B8","C13",1407,"FAGR",0.8,"1","1348","EDT","G","72885.1457818558","adl","55284.3205027592","","",""
"241","COMPASS","TEMPEST","2023","May","16","Control","B8","C13",1407,"FAGR",0.8,NA,"1222","EDT","G","124123.454530275","adl","65510.1424298206","","","10mL N2 added in lab "
"242","COMPASS","TEMPEST","2023","March","2","Control","B8","C13",1407,"FAGR",0.8,NA,"1222","EDT","G","81088.9807221455","","32406.2309680413","","","10mL N2 added in lab "
"243","COMPASS","TEMPEST","2023","June","7","Control","B8","C13",1407,"FAGR",0.8,"3_PM","1442","EDT","G","96361.9494986398","adl","59730.812662019","","",""
"244","COMPASS","TEMPEST","2023","June","8","Control","B8","C13",1407,"FAGR",0.8,"4","1239","EDT","G","76113.6993362592","adl","54166.7314454351","","",""
"245","COMPASS","TEMPEST","2023","June","4","Control","B8","C13",1407,"FAGR",0.8,"0","1440","EDT","G","84088.2499822088","adl","58659.3896092712","","",""
"246","COMPASS","TEMPEST","2023","October","3","Control","B7","C14",1412,"FAGR",0.8,NA,"954","EDT","G","3240.39396671049","","61973.005875916","",NA,""
"247","COMPASS","TEMPEST","2023","June","7","Control","B7","C14",1412,"FAGR",0.8,"3_PM","1440","EDT","G","1651.89317917256","","64874.3006898223","","",""
"248","COMPASS","TEMPEST","2023","September","12","Control","B7","C14",1412,"FAGR",0.8,NA,"1025","EDT","G","2209.54984788986","","76109.6181080043","",NA,""
"249","COMPASS","TEMPEST","2023","June","8","Control","B7","C14",1412,"FAGR",0.8,"4","1238","EDT","G","1475.88015313102","","63875.4889264347","","",""
"250","COMPASS","TEMPEST","2023","March","2","Control","B7","C14",1412,"FAGR",0.8,NA,"1223","EDT","G","13673.322031272","","31134.0448021751","","","10mL N2 added in lab "
"251","COMPASS","TEMPEST","2023","June","9","Control","B7","C14",1412,"FAGR",0.8,"5","1016","EDT","G","19.3151462811494","","73741.5915712563","","",""
"252","COMPASS","TEMPEST","2023","June","6","Control","B7","C14",1412,"FAGR",0.8,"2","1323","EDT","G","2681.8703387908","","64414.5543620435","","",""
"253","COMPASS","TEMPEST","2023","June","7","Control","B7","C14",1412,"FAGR",0.8,"3_AM","934","EDT","G","2699.66694616752","","78367.4463971946","","",""
"254","COMPASS","TEMPEST","2023","August","14","Control","B7","C14",1412,"FAGR",0.8,NA,"1002","EDT","G","10088.1183981837","","88988.8690998326","","",""
"255","COMPASS","TEMPEST","2023","November","3","Control","B7","C14",1412,"FAGR",0.8,NA,"1349","EDT","G","4194.78358416587","","46689.6869286256","",NA,""
"256","COMPASS","TEMPEST","2023","July","12","Control","B7","C14",1412,"FAGR",0.8,NA,NA,"EDT","G","8454.11376411268","","87539.5241639979","","","Unclear if this has sample in it based on field notes"
"257","COMPASS","TEMPEST","2023","June","4","Control","B7","C14",1412,"FAGR",0.8,"0","1430","EDT","G","3139.43890516547","","56701.2194764094","","",""
"258","COMPASS","TEMPEST","2023","June","5","Control","B7","C14",1412,"FAGR",0.8,"1","1345","EDT","G","1271.82498771397","","397220.20389322","adl","pressure - hard to sample",""
"259","COMPASS","TEMPEST","2023","May","16","Control","B7","C14",1412,"FAGR",0.8,NA,"1223","EDT","G","16704.8008772598","","66059.7735768578","","","10mL N2 added in lab "
"260","COMPASS","TEMPEST","2023","September","12","Control","A4","C15",1432,"FAGR",0.7,NA,"1027","EDT","G","11863.5423683189","","32519.712910446","",NA,""
"261","COMPASS","TEMPEST","2023","August","14","Control","A4","C15",1432,"FAGR",0.7,NA,"1003","EDT","G","1086.75379908553","","17111.8040849754","","",""
"262","COMPASS","TEMPEST","2023","May","16","Control","A4","C15",1432,"FAGR",0.7,NA,"1225","EDT","G","4881.53333869714","","31948.8627174554","","","10mL N2 added in lab "
"263","COMPASS","TEMPEST","2023","June","7","Control","A4","C15",1432,"FAGR",0.7,"3_PM","1457","EDT","G","13370.3009225075","","50084.1030711479","","negative pressure; extracted 0.5mL",""
"264","COMPASS","TEMPEST","2023","November","3","Control","A4","C15",1432,"FAGR",0.7,NA,"1351","EDT","G","30776.2439360066","","39206.6236830456","",NA,""
"265","COMPASS","TEMPEST","2023","July","12","Control","A4","C15",1432,"FAGR",0.7,NA,"1351","EDT","G","171.189584219072","","18988.1686606711","","0.9mL",""
"266","COMPASS","TEMPEST","2023","June","6","Control","A4","C15",1432,"FAGR",0.7,"2","1343","EDT","G","1080.16283906986","","54445.2447085807","","strong vaccuum from the tree; 1 mL extracted",""
"267","COMPASS","TEMPEST","2023","June","4","Control","A4","C15",1432,"FAGR",0.7,"0","1455","EDT","G","7228.9424251817","","30995.5826961772","","wet; only 1 mL gas",""
"268","COMPASS","TEMPEST","2023","March","2","Control","A4","C15",1432,"FAGR",0.7,NA,"1219","EDT","G","5181.02490821981","","25983.8967739207","","","10mL N2 added in lab "
"269","COMPASS","TEMPEST","2023","October","3","Control","A4","C15",1432,"FAGR",0.7,NA,"953","EDT","G","7013.11143204658","","43085.4454627884","",NA,""
"270","COMPASS","TEMPEST","2023","October","3","Control","A1","C19_H",1451,"ACRU",1.3,NA,"950","EDT","G","2796.7978083583","","45003.4687239667","",NA,""
"271","COMPASS","TEMPEST","2023","July","12","Control","A1","C19_H",1451,"ACRU",1.3,NA,"1345","EDT","G","508.289721370867","","30680.7274075214","","",""
"272","COMPASS","TEMPEST","2023","September","12","Control","A1","C19_H",1451,"ACRU",1.3,NA,"1030","EDT","G","2955.43003894135","","52668.6748669361","",NA,""
"273","COMPASS","TEMPEST","2023","August","14","Control","A1","C19_H",1451,"ACRU",1.3,NA,"1005","EDT","G","1999.08105902737","","56450.6765188726","","high well",""
"274","COMPASS","TEMPEST","2023","June","5","Control","A1","C19_H",1451,"ACRU",1.3,"1","1423","EDT","G","333.302719564556","","22206.3700632665","","use the ""extra"" tube; the original tube has a misutre of gases from low and high",""
"275","COMPASS","TEMPEST","2023","November","3","Control","A1","C19_H",1451,"ACRU",1.3,NA,"1408","EDT","G","140.224050352699","","8407.00365399128","",NA,""
"276","COMPASS","TEMPEST","2023","June","8","Control","A1","C19_H",1451,"ACRU",1.3,"4","1348","EDT","G","217.886718339171","","21613.1637359104","","",""
"277","COMPASS","TEMPEST","2023","June","9","Control","A1","C19_H",1451,"ACRU",1.3,"5","1057","EDT","G","217.366799370787","","22686.6658897352","","",""
"278","COMPASS","TEMPEST","2023","June","7","Control","A1","C19_H",1451,"ACRU",1.3,"3_AM","1005","EDT","G","116.012037934743","","52002.3443140199","","",""
"279","COMPASS","TEMPEST","2023","June","6","Control","A1","C19_H",1451,"ACRU",1.3,"2","1357","EDT","G","664.508990379246","","30518.8781324403","","",""
"280","COMPASS","TEMPEST","2023","June","4","Control","A1","C19_H",1451,"ACRU",1.3,"0","1510","EDT","G","497.792529484537","","23376.5736086154","","",""
"281","COMPASS","TEMPEST","2023","June","7","Control","A1","C19_H",1451,"ACRU",1.3,"3_PM","1508","EDT","G","16.0615009590379","","26534.017769119","","",""
"282","COMPASS","TEMPEST","2023","June","6","Control","A1","C19_L",1451,"ACRU",0.8,"2","1356","EDT","G","3523.40823987219","","25028.6629824088","","",""
"283","COMPASS","TEMPEST","2023","June","7","Control","A1","C19_L",1451,"ACRU",0.8,"3_PM","1507","EDT","G","2234.01483646264","","20835.9075230436","","",""
"284","COMPASS","TEMPEST","2023","June","8","Control","A1","C19_L",1451,"ACRU",0.8,"4","1349","EDT","G","1040.58824032235","","17605.9675220224","","",""
"285","COMPASS","TEMPEST","2023","June","4","Control","A1","C19_L",1451,"ACRU",0.8,"0","1511","EDT","G","1401.07557535551","","16424.0851821362","","",""
"286","COMPASS","TEMPEST","2023","June","9","Control","A1","C19_L",1451,"ACRU",0.8,"5","1058","EDT","G","601.481356806044","","17998.0432137944","","",""
"287","COMPASS","TEMPEST","2023","June","7","Control","A1","C19_L",1451,"ACRU",0.8,"3_AM","1004","EDT","G","1318.08531212387","","24175.6029146322","","",""
"288","COMPASS","TEMPEST","2023","June","5","Control","A1","C19_L",1451,"ACRU",0.8,"1","1448","EDT","G","1879.45421516159","","17341.8655620492","","",""
"289","COMPASS","TEMPEST","2023","June","5","Control","F5","C2",1385,"LITU",0.8,"1","1457","EDT","G","26801.4282785633","","59587.3725209551","","",""
"290","COMPASS","TEMPEST","2023","October","3","Control","F5","C2",1385,"LITU",0.8,NA,"957","EDT","G","25575.7470417916","","80503.5036716276","",NA,""
"291","COMPASS","TEMPEST","2023","June","8","Control","F5","C2",1385,"LITU",0.8,"4","1416","EDT","G","21151.1855172517","","72623.4390132072","","",""
"292","COMPASS","TEMPEST","2023","September","12","Control","F5","C2",1385,"LITU",0.8,NA,"1035","EDT","G","19989.0329207018","","90499.8626785554","",NA,""
"293","COMPASS","TEMPEST","2023","November","3","Control","F5","C2",1385,"LITU",0.8,NA,"1346","EDT","G","25655.9651477926","","57879.1518136289","",NA,""
"294","COMPASS","TEMPEST","2023","June","7","Control","F5","C2",1385,"LITU",0.8,"3_AM","849","EDT","G","31344.1174617338","","69743.4561088133","","",""
"295","COMPASS","TEMPEST","2023","June","9","Control","F5","C2",1385,"LITU",0.8,"5","1201","EDT","G","17950.6303811745","","71007.6587963118","","",""
"296","COMPASS","TEMPEST","2023","March","2","Control","F5","C2",1385,"LITU",0.8,NA,"1215","EDT","G","15965.1506795393","","43632.8654468326","","","10mL N2 added in lab "
"297","COMPASS","TEMPEST","2023","June","6","Control","F5","C2",1385,"LITU",0.8,"2","1248","EDT","G","25504.2594985138","","78907.4293401862","","",""
"298","COMPASS","TEMPEST","2023","May","16","Control","F5","C2",1385,"LITU",0.8,NA,"1229","EDT","G","30016.9617620693","","63515.2433958586","","","10mL N2 added in lab "
"299","COMPASS","TEMPEST","2023","August","14","Control","F5","C2",1385,"LITU",0.8,NA,"1008","EDT","G","19125.1110396289","","87538.7667209806","","",""
"300","COMPASS","TEMPEST","2023","July","12","Control","F5","C2",1385,"LITU",0.8,NA,"1322","EDT","G","22929.1761944909","","74695.6520308778","","",""
"301","COMPASS","TEMPEST","2023","June","7","Control","F5","C2",1385,"LITU",0.8,"3_PM","4105","EDT","G","22799.3233037216","","68172.5277695963","","time is approximate",""
"302","COMPASS","TEMPEST","2023","June","4","Control","F5","C2",1385,"LITU",0.8,"0","1310","EDT","G","21629.3742567067","","52798.5273343268","","",""
"303","COMPASS","TEMPEST","2023","August","14","Control","C5","C3",1425,"LITU",0.8,NA,"1010","EDT","G","1343.12035509096","","41365.1740538401","","",""
"304","COMPASS","TEMPEST","2023","October","3","Control","C5","C3",1425,"LITU",0.8,NA,"1018","EDT","G","360.128617605214","","119806.882921094","",NA,""
"305","COMPASS","TEMPEST","2023","June","9","Control","C5","C3",1425,"LITU",0.8,"5","1132","EDT","G","793.410830443843","","200029.249492956","","removed 15mL of sap before 2mL gas obtained",""
"306","COMPASS","TEMPEST","2023","September","12","Control","C5","C3",1425,"LITU",0.8,NA,"1032","EDT","G","111.555941103899","","102892.525484959","",NA,""
"307","COMPASS","TEMPEST","2023","June","5","Control","C5","C3",1425,"LITU",0.8,"1","1324","EDT","G","684.198877515528","","121813.374506469","","",""
"308","COMPASS","TEMPEST","2023","June","8","Control","C5","C3",1425,"LITU",0.8,"4","1259","EDT","G","642.374625393066","","103195.818683641","","",""
"309","COMPASS","TEMPEST","2023","November","3","Control","C5","C3",1425,"LITU",0.8,NA,"1409","EDT","G","130.133692115479","","45773.6476778072","",NA,""
"310","COMPASS","TEMPEST","2023","June","7","Control","C5","C3",1425,"LITU",0.8,"3_PM","1427","EDT","G","496.478785839359","","117891.387837403","","",""
"311","COMPASS","TEMPEST","2023","June","7","Control","C5","C3",1425,"LITU",0.8,"3_AM","910","EDT","G","1117.47988579588","","250310.658261886","","wet tree; 1mL gas",""
"312","COMPASS","TEMPEST","2023","June","4","Control","C5","C3",1425,"LITU",0.8,"0","1408","EDT","G","705.863732827836","","142828.889532462","","no septa; charring?; first pulls were liquid, then gas",""
"313","COMPASS","TEMPEST","2023","June","6","Control","C5","C3",1425,"LITU",0.8,"2","1312","EDT","G","611.358917106157","","251082.126514997","","excessive sap flow/black mark down the septa; 1 mL extracted",""
"314","COMPASS","TEMPEST","2023","July","12","Control","B3","C7_H",1439,"ACRU",1.3,NA,"1348","EDT","G","642.689445101167","","126229.045154726","","",""
"315","COMPASS","TEMPEST","2023","November","3","Control","B3","C7_H",1439,"ACRU",1.3,NA,"1407","EDT","G","70.6748633618024","","42918.566329309","",NA,""
"316","COMPASS","TEMPEST","2023","August","14","Control","B3","C7_H",1439,"ACRU",1.3,NA,"1006","EDT","G","533.347129644392","","81704.5841580962","","high well",""
"317","COMPASS","TEMPEST","2023","June","8","Control","B3","C7_H",1439,"ACRU",1.3,"4","1317","EDT","G","275.335824195433","","101092.809601975","","",""
"318","COMPASS","TEMPEST","2023","October","3","Control","B3","C7_H",1439,"ACRU",1.3,NA,"951","EDT","G","361.175933528521","","71476.5077733705","",NA,""
"319","COMPASS","TEMPEST","2023","September","12","Control","B3","C7_H",1439,"ACRU",1.3,NA,"1031","EDT","G","551.021339367332","","70583.830104365","",NA,""
"320","COMPASS","TEMPEST","2023","June","7","Control","B3","C7_H",1439,"ACRU",1.3,"3_AM","1012","EDT","G","369.351301678615","","132570.408758025","","",""
"321","COMPASS","TEMPEST","2023","June","7","Control","B3","C7_H",1439,"ACRU",1.3,"3_PM","1515","EDT","G","269.89327732484","","106385.166049725","","",""
"322","COMPASS","TEMPEST","2023","June","5","Control","B3","C7_H",1439,"ACRU",1.3,"1","1437","EDT","G","219.40115218377","","114280.147232086","","",""
"323","COMPASS","TEMPEST","2023","June","4","Control","B3","C7_H",1439,"ACRU",1.3,"0","1520","EDT","G","116.613897193685","","83765.8961356441","","",""
"324","COMPASS","TEMPEST","2023","May","16","Control","B3","C7_H",1439,"ACRU",1.3,NA,"1227","EDT","G","105.248174026637","","85842.4697138924","","","10mL N2 added in lab "
"325","COMPASS","TEMPEST","2023","June","6","Control","B3","C7_H",1439,"ACRU",1.3,"2","1406","EDT","G","280.634303260334","","124998.856165076","","",""
"326","COMPASS","TEMPEST","2023","March","2","Control","B3","C7_H",1439,"ACRU",1.3,NA,"1217","EDT","G","1585.37061714599","","60328.4245482039","","","10mL N2 added in lab "
"327","COMPASS","TEMPEST","2023","June","9","Control","B3","C7_H",1439,"ACRU",1.3,"5","1106","EDT","G","293.931777365067","","109140.15862155","","",""
"328","COMPASS","TEMPEST","2023","June","7","Control","B3","C7_L",1439,"ACRU",0.75,"3_PM","1516","EDT","G","90.8837084078711","","116739.695842114","","",""
"329","COMPASS","TEMPEST","2023","June","6","Control","B3","C7_L",1439,"ACRU",0.75,"2","1405","EDT","G","150.501897929513","","161237.163476899","","",""
"330","COMPASS","TEMPEST","2023","June","7","Control","B3","C7_L",1439,"ACRU",0.75,"3_AM","1013","EDT","G","429.888854215561","","171627.082705711","","",""
"331","COMPASS","TEMPEST","2023","June","5","Control","B3","C7_L",1439,"ACRU",0.75,"1","1439","EDT","G","88.7677123452447","","126964.579100036","","",""
"332","COMPASS","TEMPEST","2023","June","4","Control","B3","C7_L",1439,"ACRU",0.75,"0","1521","EDT","G","64.1833365679882","","78505.5513008963","","",""
"333","COMPASS","TEMPEST","2023","June","9","Control","B3","C7_L",1439,"ACRU",0.75,"5","1107","EDT","G","89.9889233005292","","125879.097005184","","",""
"334","COMPASS","TEMPEST","2023","June","8","Control","B3","C7_L",1439,"ACRU",0.75,"4","1318","EDT","G","98.7246657638105","","118412.62142715","","",""
"335","COMPASS","TEMPEST","2023","September","12","Freshwater","H5","F1",1578,"LITU",0.75,NA,"1248","EDT","G","30418.7040115837","","152946.696364306","",NA,""
"336","COMPASS","TEMPEST","2023","June","4","Freshwater","H5","F1",1578,"LITU",0.75,"0","1439","EDT","G","239.898199310099","","86363.1116905213","","lots of sap",""
"337","COMPASS","TEMPEST","2023","November","3","Freshwater","H5","F1",1578,"LITU",0.75,NA,"1005","EDT","G","2488.28827091484","","80869.6757546271","",NA,""
"338","COMPASS","TEMPEST","2023","August","14","Freshwater","H5","F1",1578,"LITU",0.75,NA,"1249","EDT","G","5604.95373047136","","160242.068401279","","a little water",""
"339","COMPASS","TEMPEST","2023","May","16","Freshwater","H5","F1",1578,"LITU",0.75,NA,"1144","EDT","G","1352.69279741382","","33827.5846910442","","1mL","10mL N2 added in lab "
"340","COMPASS","TEMPEST","2023","October","3","Freshwater","H5","F1",1578,"LITU",0.75,NA,"1300","EDT","G","174.317317545069","","5826.84226733545","",NA,""
"341","COMPASS","TEMPEST","2023","March","2","Freshwater","H5","F1",1578,"LITU",0.75,NA,"1252","EDT","G","8999.05479274441","","53124.8943326339","","","10mL N2 added in lab "
"342","COMPASS","TEMPEST","2023","March","2","Freshwater","D6","F13",1519,"FAGR",0.8,NA,"1246","EDT","G","5783.58988841633","","34534.3547831921","","","10mL N2 added in lab "
"343","COMPASS","TEMPEST","2023","September","12","Freshwater","D6","F13",1519,"FAGR",0.8,NA,"1242","EDT","G","13317.4779809309","","76675.5270770814","",NA,""
"344","COMPASS","TEMPEST","2023","June","5","Freshwater","D6","F13",1519,"FAGR",0.8,"1","1257","EDT","G","6392.21609210893","","64666.846156502","","",""
"345","COMPASS","TEMPEST","2023","July","12","Freshwater","D6","F13",1519,"FAGR",0.8,NA,"1419","EDT","G","4151.21513510328","","94395.809245498","","",""
"346","COMPASS","TEMPEST","2023","June","7","Freshwater","D6","F13",1519,"FAGR",0.8,"3_AM","940","EDT","G","2184.51419041659","","56034.6862195099","","",""
"347","COMPASS","TEMPEST","2023","June","9","Freshwater","D6","F13",1519,"FAGR",0.8,"5","1122","EDT","G","1846.89500869179","","54058.6497613526","","",""
"348","COMPASS","TEMPEST","2023","June","6","Freshwater","D6","F13",1519,"FAGR",0.8,"2","1354","EDT","G","2831.20516882419","","62216.4238631235","","",""
"349","COMPASS","TEMPEST","2023","August","14","Freshwater","D6","F13",1519,"FAGR",0.8,NA,"1257","EDT","G","8960.65336101673","","93117.5127651544","","",""
"350","COMPASS","TEMPEST","2023","May","16","Freshwater","D6","F13",1519,"FAGR",0.8,NA,"1155","EDT","G","4418.51830830189","","66099.2358935606","","","10mL N2 added in lab "
"351","COMPASS","TEMPEST","2023","June","8","Freshwater","D6","F13",1519,"FAGR",0.8,"4","1230","EDT","G","1673.90024395561","","47705.8161370818","","",""
"352","COMPASS","TEMPEST","2023","November","3","Freshwater","D6","F13",1519,"FAGR",0.8,NA,"1012","EDT","G","5224.16516920319","","47610.0703288067","",NA,""
"353","COMPASS","TEMPEST","2023","October","3","Freshwater","D6","F13",1519,"FAGR",0.8,NA,"1304","EDT","G","70.7881990521875","","11060.1693269736","",NA,""
"354","COMPASS","TEMPEST","2023","June","4","Freshwater","D6","F13",1519,"FAGR",0.8,"0","1335","EDT","G","2947.47280650289","","55701.7740943832","","",""
"355","COMPASS","TEMPEST","2023","March","2","Freshwater","D7","F14",1543,"FAGR",0.75,NA,"1248","EDT","G","99953.7046667731","","40804.8379826402","","","10mL N2 added in lab "
"356","COMPASS","TEMPEST","2023","September","12","Freshwater","D7","F14",1543,"FAGR",0.75,NA,"1244","EDT","G","130023.637878385","adl","60770.5021302909","",NA,"checked"
"357","COMPASS","TEMPEST","2023","July","12","Freshwater","D7","F14",1543,"FAGR",0.75,NA,"1421","EDT","G","109673.678461593","adl","73754.3285822818","","","checked"
"358","COMPASS","TEMPEST","2023","June","5","Freshwater","D7","F14",1543,"FAGR",0.75,"1","1250","EDT","G","109904.638990151","adl","66025.9755313971","","","checked"
"359","COMPASS","TEMPEST","2023","May","16","Freshwater","D7","F14",1543,"FAGR",0.75,NA,"1153","EDT","G","88033.3550475037","","69850.6815685996","","","10mL N2 added in lab "
"360","COMPASS","TEMPEST","2023","June","9","Freshwater","D7","F14",1543,"FAGR",0.75,"5","1137","EDT","G","109835.138783568","adl","65788.828257848","","","checked"
"361","COMPASS","TEMPEST","2023","June","4","Freshwater","D7","F14",1543,"FAGR",0.75,"0","1526","EDT","G","96815.2840264044","adl","57372.5729156993","","","checked"
"362","COMPASS","TEMPEST","2023","June","6","Freshwater","D7","F14",1543,"FAGR",0.75,"2","1224","EDT","G","106764.473505835","adl","56611.747034791","","",""
"363","COMPASS","TEMPEST","2023","August","14","Freshwater","D7","F14",1543,"FAGR",0.75,NA,"1259","EDT","G","125265.98560718","adl","76416.0724559565","","","checked"
"364","COMPASS","TEMPEST","2023","June","7","Freshwater","D7","F14",1543,"FAGR",0.75,"3_AM","1020","EDT","G","124708.661428287","adl","70477.5262454458","","","checked"
"365","COMPASS","TEMPEST","2023","June","8","Freshwater","D7","F14",1543,"FAGR",0.75,"4","1431","EDT","G","105349.954423877","adl","57222.0497820272","","",""
"366","COMPASS","TEMPEST","2023","November","3","Freshwater","D7","F14",1543,"FAGR",0.75,NA,"1014","EDT","G","37951.5859348111","","34319.4999780622","",NA,""
"367","COMPASS","TEMPEST","2023","October","3","Freshwater","D7","F14",1543,"FAGR",0.75,NA,"1305","EDT","G","10417.1782087064","","19741.5526101007","",NA,""
"368","COMPASS","TEMPEST","2023","June","7","Freshwater","D7","F14",1543,"FAGR",0.75,"3_PM","1325","EDT","G","107728.674570477","adl","55856.9121356523","","",""
"369","COMPASS","TEMPEST","2023","June","9","Freshwater","A6","F15",1516,"FAGR",0.85,"5","1203","EDT","G","34466.8266656305","","61109.9134258912","","",""
"370","COMPASS","TEMPEST","2023","May","16","Freshwater","A6","F15",1516,"FAGR",0.85,NA,"1157","EDT","G","6789.0942662347","","32997.7710954169","","","10mL N2 added in lab "
"371","COMPASS","TEMPEST","2023","July","12","Freshwater","A6","F15",1516,"FAGR",0.85,NA,"1411","EDT","G","49235.25266299","","86578.908196197","","",""
"372","COMPASS","TEMPEST","2023","June","7","Freshwater","A6","F15",1516,"FAGR",0.85,"3_AM","953","EDT","G","49197.6783953492","","67260.7181935773","","",""
"373","COMPASS","TEMPEST","2023","June","8","Freshwater","A6","F15",1516,"FAGR",0.85,"4","1253","EDT","G","45064.6775254715","","62465.358593301","","",""
"374","COMPASS","TEMPEST","2023","March","2","Freshwater","A6","F15",1516,"FAGR",0.85,NA,"1242","EDT","G","30365.6947814774","","49630.5851132307","","","10mL N2 added in lab "
"375","COMPASS","TEMPEST","2023","September","12","Freshwater","A6","F15",1516,"FAGR",0.85,NA,"1238","EDT","G","38381.0887853309","","67872.7146184184","",NA,""
"376","COMPASS","TEMPEST","2023","June","5","Freshwater","A6","F15",1516,"FAGR",0.85,"1","1332","EDT","G","49711.0510349731","","66828.1719658536","","",""
"377","COMPASS","TEMPEST","2023","August","14","Freshwater","A6","F15",1516,"FAGR",0.85,NA,"1254","EDT","G","61140.5684417486","","82435.6057807172","","",""
"378","COMPASS","TEMPEST","2023","June","6","Freshwater","A6","F15",1516,"FAGR",0.85,"2","1317","EDT","G","47556.1647878474","","63464.1592752338","","",""
"379","COMPASS","TEMPEST","2023","June","4","Freshwater","A6","F15",1516,"FAGR",0.85,"0","1236","EDT","G","45420.6471450357","","57646.027615926","","",""
"380","COMPASS","TEMPEST","2023","November","3","Freshwater","A6","F15",1516,"FAGR",0.85,NA,"1009","EDT","G","19238.332566078","","47661.7125125572","",NA,""
"381","COMPASS","TEMPEST","2023","October","3","Freshwater","A6","F15",1516,"FAGR",0.85,NA,"1303","EDT","G","3520.61355054003","","25175.5715917276","",NA,""
"382","COMPASS","TEMPEST","2023","June","7","Freshwater","G6","F2",1576,"LITU",0.75,"3_PM","1436","EDT","G","95.1577988881675","","108501.720388958","","",""
"383","COMPASS","TEMPEST","2023","June","4","Freshwater","G6","F2",1576,"LITU",0.75,"0","1457","EDT","G","50.4917923185743","","91469.0761103154","","lots of sap",""
"384","COMPASS","TEMPEST","2023","June","4","Freshwater","D5","F3",1552,"LITU",0.85,"0","1354","EDT","G","200.524942281086","","63545.999595992","","lots of sap",""
"385","COMPASS","TEMPEST","2023","June","7","Freshwater","D5","F3",1552,"LITU",0.85,"3_AM","925","EDT","G","109.64859513128","","85720.0736571457","","sap + sample",""
"386","COMPASS","TEMPEST","2023","June","8","Freshwater","D5","F3",1552,"LITU",0.85,"4","1320","EDT","G","212.936153106598","","101403.315219702","","sap + sample; septum changed",""
"387","COMPASS","TEMPEST","2023","October","3","Freshwater","D5","F3",1552,"LITU",0.85,NA,"1306","EDT","G","499.673767016282","","30389.505474062","",NA,""
"388","COMPASS","TEMPEST","2023","June","6","Freshwater","D5","F3",1552,"LITU",0.85,"2","1238","EDT","G","568.092226168774","","32781.6595283874","","",""
"389","COMPASS","TEMPEST","2023","June","7","Freshwater","D5","F3",1552,"LITU",0.85,"3_PM","1426","EDT","G","333.430655951596","","64070.1265128735","","some sap, some sample",""
"390","COMPASS","TEMPEST","2023","June","5","Freshwater","D5","F3",1552,"LITU",0.85,"1","1314","EDT","G","409.018972726205","","92026.367034325","","sap",""
"391","COMPASS","TEMPEST","2023","November","3","Freshwater","D5","F3",1552,"LITU",0.85,NA,"1016","EDT","G","3531.97284218636","","37497.511205206","",NA,""
"392","COMPASS","TEMPEST","2023","March","2","Freshwater","D5","F3",1552,"LITU",0.85,NA,"1249","EDT","G","11128.9026542983","","45548.2084503217","","","10mL N2 added in lab "
"393","COMPASS","TEMPEST","2023","September","12","Freshwater","D5","F3",1552,"LITU",0.85,NA,"1303","EDT","G","73.619830992982","","29716.4481441084","",NA,""
"394","COMPASS","TEMPEST","2023","November","3","Freshwater","B5","F7_H",1520,"ACRU",1.3,NA,"1011","EDT","G","2634.09838852634","","38572.2005638724","",NA,""
"395","COMPASS","TEMPEST","2023","July","12","Freshwater","B5","F7_H",1520,"ACRU",1.3,NA,"1416","EDT","G","8547.99764162288","","82341.0145145001","","",""
"396","COMPASS","TEMPEST","2023","October","3","Freshwater","B5","F7_H",1520,"ACRU",1.3,NA,"1303","EDT","G","392.275398028959","","25670.7947533337","",NA,""
"397","COMPASS","TEMPEST","2023","August","14","Freshwater","B5","F7_H",1520,"ACRU",1.3,NA,"1256","EDT","G","11148.8958345718","","75886.0851212166","","high well",""
"398","COMPASS","TEMPEST","2023","September","12","Freshwater","B5","F7_H",1520,"ACRU",1.3,NA,"1240","EDT","G","8466.34297535244","","66921.8574175016","",NA,""
"399","COMPASS","TEMPEST","2023","May","16","Freshwater","B5","F7_H",1520,"ACRU",1.3,NA,"1156","EDT","G","690.066109689052","","39261.8613995591","","","10mL N2 added in lab "
"400","COMPASS","TEMPEST","2023","August","14","Freshwater","B4","F8_H",1521,"ACRU",1.3,NA,"1253","EDT","G","17638.7185156036","","65832.5885082945","","high well",""
"401","COMPASS","TEMPEST","2023","May","16","Freshwater","B4","F8_H",1521,"ACRU",1.3,NA,"1158","EDT","G","7425.34983151667","","90188.3757277429","","","10mL N2 added in lab "
"402","COMPASS","TEMPEST","2023","November","3","Freshwater","B4","F8_H",1521,"ACRU",1.3,NA,"1008","EDT","G","7545.44575033027","","39238.0966018978","",NA,""
"403","COMPASS","TEMPEST","2023","July","12","Freshwater","B4","F8_H",1521,"ACRU",1.3,NA,"1413","EDT","G","17589.4974450518","","74173.1054598959","","",""
"404","COMPASS","TEMPEST","2023","September","12","Freshwater","B4","F8_H",1521,"ACRU",1.3,NA,"1239","EDT","G","22065.2249860488","","66033.0245832121","",NA,""
"405","COMPASS","TEMPEST","2023","October","3","Freshwater","B4","F8_H",1521,"ACRU",1.3,NA,"1302","EDT","G","111.109862099527","","14656.3995652866","",NA,""
"406","COMPASS","TEMPEST","2023","September","12","Freshwater","G3","F9_H",1592,"ACRU",1.3,NA,"1249","EDT","G","3090.4055408393","","66551.2745021832","",NA,""
"407","COMPASS","TEMPEST","2023","October","3","Freshwater","G3","F9_H",1592,"ACRU",1.3,NA,"1300","EDT","G","48.6394067481653","","31702.2418985225","",NA,""
"408","COMPASS","TEMPEST","2023","July","12","Freshwater","G3","F9_H",1592,"ACRU",1.3,NA,"1424","EDT","G","7951.53965212849","","70131.6122970333","","",""
"409","COMPASS","TEMPEST","2023","August","14","Freshwater","G3","F9_H",1592,"ACRU",1.3,NA,"1251","EDT","G","353.235900671214","","80813.118282226","","high well",""
"410","COMPASS","TEMPEST","2023","November","3","Freshwater","G3","F9_H",1592,"ACRU",1.3,NA,"1007","EDT","G","249.639437986352","","36897.2206881683","",NA,""
"411","COMPASS","TEMPEST","2023","May","16","Freshwater","G3","F9_L",1592,"ACRU",0.9,NA,"1145","EDT","G","92.944548657755","","74129.0280962548","","","10mL N2 added in lab "
"412","COMPASS","TEMPEST","2023","June","7","Saltwater","F7","S1",1771,"LITU",0.8,"3_PM","1323","EDT","","32535.5249393599","","82697.659621935","","w/water extracted gas",""
"413","COMPASS","TEMPEST","2023","June","8","Saltwater","F7","S1",1771,"LITU",0.8,"4","1340","EDT","G","758.595540150165","","29589.6380700517","","",""
"414","COMPASS","TEMPEST","2023","August","14","Saltwater","F7","S1",1771,"LITU",0.8,NA,"1134","EDT","G","16242.7247393007","","92652.5764189576","","",""
"415","COMPASS","TEMPEST","2023","November","3","Saltwater","F7","S1",1771,"LITU",0.8,NA,"1054","EDT","G","34823.1961918251","","51260.5742912263","",NA,""
"416","COMPASS","TEMPEST","2023","October","3","Saltwater","F7","S1",1771,"LITU",0.8,NA,"1121","EDT","G","137.612773381004","","11727.5227812496","",NA,""
"417","COMPASS","TEMPEST","2023","June","6","Saltwater","F7","S1",1771,"LITU",0.8,"2","1317","EDT","G","38199.8715320947","","59715.4384339554","","",""
"418","COMPASS","TEMPEST","2023","May","16","Saltwater","F7","S1",1771,"LITU",0.8,NA,"1202","EDT","G","13500.9680907296","","50099.5552849272","","","10mL N2 added in lab "
"419","COMPASS","TEMPEST","2023","June","7","Saltwater","F7","S1",1771,"LITU",0.8,"3_AM","1036","EDT","G","16082.7377599272","","114536.215885655","","",""
"420","COMPASS","TEMPEST","2023","June","4","Saltwater","F7","S1",1771,"LITU",0.8,"0","1605","EDT","G","35665.838804198","","64437.3339396042","","",""
"421","COMPASS","TEMPEST","2023","June","5","Saltwater","F7","S1",1771,"LITU",0.8,"1","1428","EDT","G","9896.88704487892","","56754.2010449037","","",""
"422","COMPASS","TEMPEST","2023","September","12","Saltwater","F7","S1",1771,"LITU",0.8,NA,"1202","EDT","G","25340.3387613367","","110526.592691822","",NA,""
"423","COMPASS","TEMPEST","2023","July","12","Saltwater","F7","S1",1771,"LITU",0.8,NA,"1420","EDT","G","51614.3392084749","","82683.3342028403","","",""
"424","COMPASS","TEMPEST","2023","March","2","Saltwater","F7","S1",1771,"LITU",0.8,NA,"1235","EDT","G","21083.5839527012","","56984.0721322715","","","10mL N2 added in lab "
"425","COMPASS","TEMPEST","2023","June","9","Saltwater","F7","S1",1771,"LITU",0.8,"5","1108","EDT","G","20332.5797265278","","118327.812883388","","a little water (0.1mL) + vaccuum",""
"426","COMPASS","TEMPEST","2023","March","2","Saltwater","A2","S13",1848,"FAGR",0.8,NA,"1228","EDT","G","56418.0390757802","","31265.3753921622","","","10mL N2 added in lab "
"427","COMPASS","TEMPEST","2023","November","3","Saltwater","A2","S13",1848,"FAGR",0.8,NA,"1103","EDT","G","60390.1699383801","","59524.6535329432","",NA,""
"428","COMPASS","TEMPEST","2023","June","6","Saltwater","A2","S13",1848,"FAGR",0.8,"2","1219","EDT","G","84086.8514170298","adl","66235.5396835768","","",""
"429","COMPASS","TEMPEST","2023","May","16","Saltwater","A2","S13",1848,"FAGR",0.8,NA,"1212","EDT","G","88851.1142069618","","71948.8929476896","","","10mL N2 added in lab "
"430","COMPASS","TEMPEST","2023","June","4","Saltwater","A2","S13",1848,"FAGR",0.8,"0","1353","EDT","G","80840.0826158165","adl","64823.0164893103","","",""
"431","COMPASS","TEMPEST","2023","October","3","Saltwater","A2","S13",1848,"FAGR",0.8,NA,"1114","EDT","G","5412.95687230996","","37949.1265405999","",NA,""
"432","COMPASS","TEMPEST","2023","June","8","Saltwater","A2","S13",1848,"FAGR",0.8,"4","1237","EDT","G","83391.0464046201","adl","69839.3709300565","","",""
"433","COMPASS","TEMPEST","2023","June","7","Saltwater","A2","S13",1848,"FAGR",0.8,"3_PM","1354","EDT","G","77882.3105801384","adl","62830.3040678738","","a little water + 2mL gas",""
"434","COMPASS","TEMPEST","2023","June","9","Saltwater","A2","S13",1848,"FAGR",0.8,"5","1033","EDT","G","76508.3457241635","adl","68623.2084047912","","",""
"435","COMPASS","TEMPEST","2023","June","5","Saltwater","A2","S13",1848,"FAGR",0.8,"1","1242","EDT","G","83537.7715538313","adl","72897.9624023686","","",""
"436","COMPASS","TEMPEST","2023","June","7","Saltwater","A2","S13",1848,"FAGR",0.8,"3_AM","814","EDT","G","85594.5208558478","adl","69237.9506552904","","",""
"437","COMPASS","TEMPEST","2023","September","12","Saltwater","A2","S13",1848,"FAGR",0.8,NA,"1157","EDT","G","69028.6624246093","","78630.5199028366","",NA,""
"438","COMPASS","TEMPEST","2023","August","14","Saltwater","A2","S13",1848,"FAGR",0.8,NA,"1129","EDT","G","67311.1389257647","","101374.087208252","","",""
"439","COMPASS","TEMPEST","2023","July","12","Saltwater","A2","S13",1848,"FAGR",0.8,NA,"1408","EDT","G","71806.8745894859","adl","81878.706941128","","",""
"440","COMPASS","TEMPEST","2023","June","8","Saltwater","I2","S14",1851,"FAGR",0.85,"4","1206","EDT","G","466.368194391509","","105286.662916156","","",""
"441","COMPASS","TEMPEST","2023","June","7","Saltwater","I2","S14",1851,"FAGR",0.85,"3_AM","840","EDT","G","741.655128633231","","123224.677734317","","",""
"442","COMPASS","TEMPEST","2023","June","6","Saltwater","I2","S14",1851,"FAGR",0.85,"2","1444","EDT","G","504.935056344403","","120123.676386346","","",""
"443","COMPASS","TEMPEST","2023","November","3","Saltwater","I2","S14",1851,"FAGR",0.85,NA,"1058","EDT","G","2941.32188145937","","52002.8918955914","",NA,""
"444","COMPASS","TEMPEST","2023","March","2","Saltwater","I2","S14",1851,"FAGR",0.85,NA,"1233","EDT","G","3347.44141277512","","64290.9936176031","","","10mL N2 added in lab "
"445","COMPASS","TEMPEST","2023","September","12","Saltwater","I2","S14",1851,"FAGR",0.85,NA,"1159","EDT","G","830.288909066877","","82779.7725762885","",NA,""
"446","COMPASS","TEMPEST","2023","June","4","Saltwater","I2","S14",1851,"FAGR",0.85,"0","1305","EDT","G","615.147184863521","","94594.0041966561","","",""
"447","COMPASS","TEMPEST","2023","June","7","Saltwater","I2","S14",1851,"FAGR",0.85,"3_PM","1516","EDT","G","625.35711532233","","115151.190859174","","",""
"448","COMPASS","TEMPEST","2023","October","3","Saltwater","I2","S14",1851,"FAGR",0.85,NA,"1116","EDT","G","253.09874866498","","13521.3283054497","",NA,""
"449","COMPASS","TEMPEST","2023","June","9","Saltwater","I2","S14",1851,"FAGR",0.85,"5","1008","EDT","G","532.344863403582","","117665.906370288","","",""
"450","COMPASS","TEMPEST","2023","June","5","Saltwater","I2","S14",1851,"FAGR",0.85,"1","1234","EDT","G","681.636248017912","","116189.005128055","","",""
"451","COMPASS","TEMPEST","2023","July","12","Saltwater","I2","S14",1851,"FAGR",0.85,NA,"1412","EDT","G","440.156870899787","","107286.731956633","","",""
"452","COMPASS","TEMPEST","2023","August","14","Saltwater","I2","S14",1851,"FAGR",0.85,NA,"1132","EDT","G","363.602440737093","","94631.5968012309","","",""
"453","COMPASS","TEMPEST","2023","May","16","Saltwater","I2","S14",1851,"FAGR",0.85,NA,"1216","EDT","G","837.583699820925","","126908.613892171","","","10mL N2 added in lab "
"454","COMPASS","TEMPEST","2023","June","4","Saltwater","E4","S15",1829,"FAGR",0.75,"0","1402","EDT","G","4740.01250355118","","54775.8943361784","","",""
"455","COMPASS","TEMPEST","2023","March","2","Saltwater","E4","S15",1829,"FAGR",0.75,NA,"1229","EDT","G","6654.8106868389","","34247.6215900293","","","10mL N2 added in lab "
"456","COMPASS","TEMPEST","2023","October","3","Saltwater","E4","S15",1829,"FAGR",0.75,NA,"1121","EDT","G","15.2804551168884","","17139.0220166827","",NA,""
"457","COMPASS","TEMPEST","2023","June","8","Saltwater","E4","S15",1829,"FAGR",0.75,"4","1243","EDT","G","4027.02521738391","","66828.0962494383","","",""
"458","COMPASS","TEMPEST","2023","June","7","Saltwater","E4","S15",1829,"FAGR",0.75,"3_AM","850","EDT","G","221.539131092173","","77159.9720846199","","",""
"459","COMPASS","TEMPEST","2023","November","3","Saltwater","E4","S15",1829,"FAGR",0.75,NA,"1100","EDT","G","325.6988663348","","35900.7703460852","",NA,""
"460","COMPASS","TEMPEST","2023","September","12","Saltwater","E4","S15",1829,"FAGR",0.75,NA,"1200","EDT","G","467.827605052005","","59904.0200384712","",NA,""
"461","COMPASS","TEMPEST","2023","August","14","Saltwater","E4","S15",1829,"FAGR",0.75,NA,"1130","EDT","G","5027.73038690275","","81769.8579239973","","",""
"462","COMPASS","TEMPEST","2023","July","12","Saltwater","E4","S15",1829,"FAGR",0.75,NA,"1413","EDT","G","151.345064664388","","78910.7778665846","","",""
"463","COMPASS","TEMPEST","2023","June","6","Saltwater","E4","S15",1829,"FAGR",0.75,"2","1520","EDT","G","272.319404663808","","68787.2774119367","","",""
"464","COMPASS","TEMPEST","2023","May","16","Saltwater","E4","S15",1829,"FAGR",0.75,NA,"1214","EDT","G","7000.28103905975","","70658.7908900403","","","10mL N2 added in lab "
"465","COMPASS","TEMPEST","2023","June","7","Saltwater","E4","S15",1829,"FAGR",0.75,"3_PM",NA,"EDT","G","198.760932161155","","67631.2782578392","","",""
"466","COMPASS","TEMPEST","2023","June","5","Saltwater","E4","S15",1829,"FAGR",0.75,"1","1250","EDT","G","5752.59251488421","","64674.8560389011","","",""
"467","COMPASS","TEMPEST","2023","June","9","Saltwater","E4","S15",1829,"FAGR",0.75,"5",NA,"EDT","G","130.298769550853","","62177.6876080211","","",""
"468","COMPASS","TEMPEST","2023","June","7","Saltwater","C5","S2",1790,"LITU",0.8,"3_PM","1403","EDT","G","3702.57323461399","","115042.569972062","","",""
"469","COMPASS","TEMPEST","2023","June","8","Saltwater","C5","S2",1790,"LITU",0.8,"4","1325","EDT","G","103.326744002787","","115898.595740078","","",""
"470","COMPASS","TEMPEST","2023","August","14","Saltwater","C5","S2",1790,"LITU",0.8,NA,"1127","EDT","G","2204.29490363082","","128852.961433008","","",""
"471","COMPASS","TEMPEST","2023","May","16","Saltwater","C5","S2",1790,"LITU",0.8,NA,"1207","EDT","W","4863.87237935762","","55898.1481012428","","2:2 water:ATM","10mL N2 added in lab "
"472","COMPASS","TEMPEST","2023","September","12","Saltwater","C5","S2",1790,"LITU",0.8,NA,"1206","EDT","G","5651.47388954716","","124944.596124003","",NA,""
"473","COMPASS","TEMPEST","2023","July","12","Saltwater","C5","S2",1790,"LITU",0.8,NA,"1416","EDT","G","139.211276339659","","122039.315937834","","",""
"474","COMPASS","TEMPEST","2023","March","2","Saltwater","C5","S2",1790,"LITU",0.8,NA,"1239","EDT","G","4205.70020188324","","87158.2222773985","","","10mL N2 added in lab "
"475","COMPASS","TEMPEST","2023","June","6","Saltwater","C5","S2",1790,"LITU",0.8,"2","1356","EDT","G","641.483234771276","","108718.217997645","","",""
"476","COMPASS","TEMPEST","2023","June","7","Saltwater","C5","S2",1790,"LITU",0.8,"3_AM","950","EDT","G","107.177458175935","","104039.725795377","","",""
"477","COMPASS","TEMPEST","2023","November","3","Saltwater","C5","S2",1790,"LITU",0.8,NA,"1052","EDT","G","1440.89316884642","","109715.581099889","",NA,""
"478","COMPASS","TEMPEST","2023","October","3","Saltwater","C5","S2",1790,"LITU",0.8,NA,"1112","EDT","G","37.78805009834","","27819.8461049192","",NA,""
"479","COMPASS","TEMPEST","2023","June","5","Saltwater","C5","S2",1790,"LITU",0.8,"1","1301","EDT","G","460.321994413715","","120573.76689631","","",""
"480","COMPASS","TEMPEST","2023","June","4","Saltwater","C5","S2",1790,"LITU",0.8,"0","1533","EDT","G","107.452643320915","","109187.338708522","","",""
"481","COMPASS","TEMPEST","2023","June","9","Saltwater","C5","S2",1790,"LITU",0.8,"5","1048","EDT","G","1460.65095249145","","123622.976332082","","",""
"482","COMPASS","TEMPEST","2023","August","14","Saltwater","E5","S3",1783,"LITU",0.75,NA,"1137","EDT","G","21994.2824636649","","125773.777345867","","",""
"483","COMPASS","TEMPEST","2023","September","12","Saltwater","E5","S3",1783,"LITU",0.75,NA,"1205","EDT","G","54734.842345117","","166787.002817677","",NA,""
"484","COMPASS","TEMPEST","2023","June","6","Saltwater","E5","S3",1783,"LITU",0.75,"2","1407","EDT","","208.950120079322","","131349.484189481","","w/water; did extraction",""
"485","COMPASS","TEMPEST","2023","June","8","Saltwater","E5","S3",1783,"LITU",0.75,"4","1317","EDT","G","15.7540124352756","","110418.072370332","","w/water - extracted",""
"486","COMPASS","TEMPEST","2023","March","2","Saltwater","E5","S3",1783,"LITU",0.75,NA,"1238","EDT","G","38362.2970066015","","55671.3976294682","","","10mL N2 added in lab "
"487","COMPASS","TEMPEST","2023","May","16","Saltwater","E5","S3",1783,"LITU",0.75,NA,"1211","EDT","G","149.623969033994","","127154.227351329","","","10mL N2 added in lab "
"488","COMPASS","TEMPEST","2023","November","3","Saltwater","E5","S3",1783,"LITU",0.75,NA,"1056","EDT","G","1606.17564465703","","73025.7821436146","",NA,""
"489","COMPASS","TEMPEST","2023","June","4","Saltwater","E5","S3",1783,"LITU",0.75,"0","1525","EDT","G","26.4812533223595","","113165.699627906","","tree had water; removed water; sampled 10 min later",""
"490","COMPASS","TEMPEST","2023","June","9","Saltwater","E5","S3",1783,"LITU",0.75,"5","1148","EDT","G","188.831753170423","","184715.976976501","","1mL gas - water extracted",""
"491","COMPASS","TEMPEST","2023","July","12","Saltwater","E5","S3",1783,"LITU",0.75,NA,"1415","EDT","G","21.3585251335621","","64852.3235775159","","",""
"492","COMPASS","TEMPEST","2023","June","7","Saltwater","E5","S3",1783,"LITU",0.75,"3_PM","1425","EDT","","517.33330671579","","131211.164317341","","w/water extracted gas",""
"493","COMPASS","TEMPEST","2023","October","3","Saltwater","E5","S3",1783,"LITU",0.75,NA,"1119","EDT","G","24.395982597528","","47426.3906099376","",NA,""
"494","COMPASS","TEMPEST","2023","June","7","Saltwater","E5","S3",1783,"LITU",0.75,"3_AM","938","EDT","","30.4661551801869","","177279.32860599","","w/water; extracted 2mL",""
"495","COMPASS","TEMPEST","2023","June","5","Saltwater","E5","S3",1783,"LITU",0.75,"1","1342","EDT","G","335.890018735218","","159541.755271776","","water in well; sampled until had gas",""
"496","COMPASS","TEMPEST","2023","September","12","Saltwater","D7","S7_H",1733,"ACRU",1.2,NA,"1203","EDT","G","422952.799193998","adl","75738.6971852383","",NA,"checked"
"497","COMPASS","TEMPEST","2023","March","2","Saltwater","B5","S7_H",1733,"ACRU",1.2,NA,"1245","EDT","G","13047.3332284977","","34484.0008670793","","","10mL N2 added in lab "
"498","COMPASS","TEMPEST","2023","June","9","Saltwater","D7","S7_H",1733,"ACRU",1.2,"5","1056","EDT","G","412302.14351618","adl","74710.5141913574","","w/water - extracted","checked"
"499","COMPASS","TEMPEST","2023","August","14","Saltwater","D7","S7_H",1733,"ACRU",1.2,NA,"1136","EDT","G","382725.656147678","adl","77045.6412697333","","high well","checked"
"500","COMPASS","TEMPEST","2023","June","8","Saltwater","B5","S7_H",1733,"ACRU",1.2,"4","1238","EDT","G","3036.32674519621","","52993.6862574849","","",""
"501","COMPASS","TEMPEST","2023","June","5","Saltwater","B5","S7_H",1733,"ACRU",1.2,"1","1325","EDT","G","1623.55429576091","","57942.6170044225","","",""
"502","COMPASS","TEMPEST","2023","November","3","Saltwater","D7","S7_H",1733,"ACRU",1.2,NA,"1053","EDT","G","417896.143974111","adl","45019.0068742295","",NA,"checked"
"503","COMPASS","TEMPEST","2023","June","6","Saltwater","B5","S7_H",1733,"ACRU",1.2,"2","1346","EDT","G","2360.81424576224","","51223.7538301281","","",""
"504","COMPASS","TEMPEST","2023","June","8","Saltwater","D7","S7_H",1733,"ACRU",1.2,"4","1354","EDT","G","443088.343745726","adl","73179.6573287087","","w/water - extracted","checked"
"505","COMPASS","TEMPEST","2023","June","6","Saltwater","D7","S7_H",1733,"ACRU",1.2,"2","1254","EDT","G","419802.714965478","adl","55466.7267441016","","","checked"
"506","COMPASS","TEMPEST","2023","May","16","Saltwater","D7","S7_H",1733,"ACRU",1.2,NA,"1201","EDT","G","166701.474106158","adl","20328.5521672365","","","checked; 10mL N2 added in lab"
"507","COMPASS","TEMPEST","2023","June","7","Saltwater","D7","S7_H",1733,"ACRU",1.2,"3_PM","1312","EDT","G","405062.440888423","adl","52381.0006102795","","","checked"
"508","COMPASS","TEMPEST","2023","June","9","Saltwater","B5","S7_H",1733,"ACRU",1.2,"5","1112","EDT","G","6125.77129628573","","60646.0646612861","","",""
"509","COMPASS","TEMPEST","2023","June","5","Saltwater","D7","S7_H",1733,"ACRU",1.2,"1","1459","EDT","G","441628.763670408","adl","64045.0734417828","","","checked"
"510","COMPASS","TEMPEST","2023","June","4","Saltwater","D7","S7_H",1733,"ACRU",1.2,"0","1549","EDT","G","403130.176611011","adl","55318.8211694054","","","checked"
"511","COMPASS","TEMPEST","2023","June","7","Saltwater","B5","S7_H",1733,"ACRU",1.2,"3_PM","1349","EDT","G","5562.84433823683","","56437.071909592","","",""
"512","COMPASS","TEMPEST","2023","June","7","Saltwater","B5","S7_H",1733,"ACRU",1.2,"3_AM","946","EDT","G","2916.80100269187","","59314.441469316","","",""
"513","COMPASS","TEMPEST","2023","July","12","Saltwater","D7","S7_H",1733,"ACRU",1.2,NA,"1419","EDT","G","378656.823332161","adl","79092.8760790337","","","checked"
"514","COMPASS","TEMPEST","2023","March","2","Saltwater","D7","S7_H",1733,"ACRU",1.2,NA,"1237","EDT","G","344384.680056759","adl","29424.3004687078","","","checked; 10mL N2 added in lab"
"515","COMPASS","TEMPEST","2023","June","7","Saltwater","D7","S7_H",1733,"ACRU",1.2,"3_AM","1052","EDT","G","426929.522509753","adl","56912.2705873377","","no water in high pipe, weird","checked"
"516","COMPASS","TEMPEST","2023","October","3","Saltwater","D7","S7_H",1733,"ACRU",1.2,NA,"1122","EDT","G","415828.441035718","adl","57581.5286153566","",NA,"checked"
"517","COMPASS","TEMPEST","2023","June","4","Saltwater","B5","S7_H",1733,"ACRU",1.2,"0","1325","EDT","G","625.909141336038","","21247.6005644846","","",""
"518","COMPASS","TEMPEST","2023","June","7","Saltwater","D7","S7_L",1733,"ACRU",0.75,"3_PM","1311","EDT","","369030.78692736","adl","61237.7009974538","","w/water extracted gas","checked"
"519","COMPASS","TEMPEST","2023","June","4","Saltwater","D7","S7_L",1733,"ACRU",0.75,"0","1548","EDT","G","402659.316369009","adl","57948.1210018252","","","checked"
"520","COMPASS","TEMPEST","2023","June","7","Saltwater","D7","S7_L",1733,"ACRU",0.75,"3_AM","1050","EDT","","424868.205359737","adl","69075.7405682974","","w/water; extracted 2mL","checked"
"521","COMPASS","TEMPEST","2023","June","9","Saltwater","D7","S7_L",1733,"ACRU",0.75,"5","1054","EDT","G","382402.369215379","adl","66200.7688703743","","w/water - extracted","checked"
"522","COMPASS","TEMPEST","2023","June","8","Saltwater","B5","S7_L",1733,"ACRU",0.75,"4","1238","EDT","G","1954.31635104798","","50181.7511794673","","",""
"523","COMPASS","TEMPEST","2023","June","5","Saltwater","D7","S7_L",1733,"ACRU",0.75,"1","1458","EDT","G","414549.975304555","adl","62228.7990468393","","","checked"
"524","COMPASS","TEMPEST","2023","June","6","Saltwater","B5","S7_L",1733,"ACRU",0.75,"2","1345","EDT","G","3517.45029319926","","54853.3054035162","","",""
"525","COMPASS","TEMPEST","2023","June","6","Saltwater","D7","S7_L",1733,"ACRU",0.75,"2","1253","EDT","G","398966.010132729","adl","59708.1304615453","","","checked"
"526","COMPASS","TEMPEST","2023","June","9","Saltwater","B5","S7_L",1733,"ACRU",0.75,"5","1112","EDT","G","2108.86271147803","","47283.7715180023","","",""
"527","COMPASS","TEMPEST","2023","June","8","Saltwater","D7","S7_L",1733,"ACRU",0.75,"4","1353","EDT","G","315618.161963311","adl","73810.8059384574","","w/water - extracted","checked"
"528","COMPASS","TEMPEST","2023","June","5","Saltwater","B5","S7_L",1733,"ACRU",0.75,"1","1325","EDT","G","1550.44473697352","","52015.125037343","","",""
"529","COMPASS","TEMPEST","2023","June","7","Saltwater","B5","S7_L",1733,"ACRU",0.75,"3_AM","947","EDT","G","1869.20641260394","","49421.5988669522","","",""
"530","COMPASS","TEMPEST","2023","June","4","Saltwater","B5","S7_L",1733,"ACRU",0.75,"0","1325","EDT","G","1373.75690070879","","47448.910346584","","",""
"531","COMPASS","TEMPEST","2023","June","7","Saltwater","B5","S7_L",1733,"ACRU",0.75,"3_PM","1349","EDT","G","1688.95942613176","","46434.3737118384","","",""
"532","COMPASS","TEMPEST","2023","June","8","Saltwater","C6","S8_H",1788,"ACRU",1.2,"4","1333","EDT","G","16646.7503576669","","120612.647337696","","",""
"533","COMPASS","TEMPEST","2023","September","12","Saltwater","C6","S8_H",1788,"ACRU",1.2,NA,"1207","EDT","G","38216.2065856768","","75965.7959390676","",NA,""
"534","COMPASS","TEMPEST","2023","June","4","Saltwater","C6","S8_H",1788,"ACRU",1.2,"0","1539","EDT","G","738.282161980036","","53820.9284128374","","",""
"535","COMPASS","TEMPEST","2023","August","14","Saltwater","C6","S8_H",1788,"ACRU",1.2,NA,"1126","EDT","G","34103.7185125774","","88063.4965100711","","high well",""
"536","COMPASS","TEMPEST","2023","June","7","Saltwater","C6","S8_H",1788,"ACRU",1.2,"3_AM","1000","EDT","G","12939.9429564289","","108220.379190025","","",""
"537","COMPASS","TEMPEST","2023","November","3","Saltwater","C6","S8_H",1788,"ACRU",1.2,NA,"1051","EDT","G","36889.1055693604","","56806.1912490966","",NA,""
"538","COMPASS","TEMPEST","2023","March","2","Saltwater","C6","S8_H",1788,"ACRU",1.2,NA,"1240","EDT","G","2584.36739247681","","73998.4867526018","","","10mL N2 added in lab "
"539","COMPASS","TEMPEST","2023","June","5","Saltwater","C6","S8_H",1788,"ACRU",1.2,"1","1316","EDT","G","8246.93348778063","","125261.4275135","","",""
"540","COMPASS","TEMPEST","2023","June","9","Saltwater","B4","S8_H",1788,"ACRU",1.2,"5","1105","EDT","G","3442.79324730703","","46135.8965409907","","",""
"541","COMPASS","TEMPEST","2023","May","16","Saltwater","C6","S8_H",1788,"ACRU",1.2,NA,"1210","EDT","G","115.860950295117","","14202.8167454544","","","10mL N2 added in lab "
"542","COMPASS","TEMPEST","2023","July","12","Saltwater","C6","S8_H",1788,"ACRU",1.2,NA,"1417","EDT","G","23971.6490342515","","103939.145708544","","high well",""
"543","COMPASS","TEMPEST","2023","June","8","Saltwater","B4","S8_H",1788,"ACRU",1.2,"4","1245","EDT","G","2350.82407409324","","35388.9926457752","","",""
"544","COMPASS","TEMPEST","2023","June","7","Saltwater","C6","S8_H",1788,"ACRU",1.2,"3_PM","1412","EDT","G","12197.3002408727","","100796.539446021","","",""
"545","COMPASS","TEMPEST","2023","June","4","Saltwater","B4","S8_H",1788,"ACRU",1.2,"0","1300","EDT","G","1768.36851564393","","9932.50060319984","","",""
"546","COMPASS","TEMPEST","2023","October","3","Saltwater","C6","S8_H",1788,"ACRU",1.2,NA,"1113","EDT","G","1588.48489705746","","82095.7300042892","",NA,""
"547","COMPASS","TEMPEST","2023","June","9","Saltwater","C6","S8_H",1788,"ACRU",1.2,"5","1042","EDT","G","15553.257490429","","94746.6619412814","","",""
"548","COMPASS","TEMPEST","2023","June","5","Saltwater","B4","S8_H",1788,"ACRU",1.2,"1","1340","EDT","G","2786.96324521978","","40500.8519667948","","",""
"549","COMPASS","TEMPEST","2023","June","7","Saltwater","B4","S8_H",1788,"ACRU",1.2,"3_AM","1002","EDT","G","5281.58726981754","","45986.6276632573","","",""
"550","COMPASS","TEMPEST","2023","June","6","Saltwater","C6","S8_H",1788,"ACRU",1.2,"2","1346","EDT","G","11493.0556069092","","113644.912256738","","",""
"551","COMPASS","TEMPEST","2023","June","7","Saltwater","B4","S8_H",1788,"ACRU",1.2,"3_PM","1342","EDT","G","4039.58359674381","","25242.0417687105","","",""
"552","COMPASS","TEMPEST","2023","March","2","Saltwater","B4","S8_H",1788,"ACRU",1.2,NA,"1244","EDT","G","40637.5463406294","","34208.7117457603","","","10mL N2 added in lab "
"553","COMPASS","TEMPEST","2023","June","6","Saltwater","B4","S8_H",1788,"ACRU",1.2,"2","1326","EDT","G","2370.22559485855","","36886.9914896056","","",""
"554","COMPASS","TEMPEST","2023","June","5","Saltwater","B4","S8_L",1788,"ACRU",0.8,"1","1340","EDT","G","41883.54281196","","89794.6527053439","","",""
"555","COMPASS","TEMPEST","2023","June","4","Saltwater","B4","S8_L",1788,"ACRU",0.8,"0","1301","EDT","G","13935.9020540977","","38416.0451457247","","",""
"556","COMPASS","TEMPEST","2023","June","7","Saltwater","C6","S8_L",1788,"ACRU",0.8,"3_AM","959","EDT","G","1452.38184342542","","55032.7318181502","","",""
"557","COMPASS","TEMPEST","2023","June","7","Saltwater","C6","S8_L",1788,"ACRU",0.8,"3_PM","1411","EDT","G","1500.68159323485","","56369.4750350464","","",""
"558","COMPASS","TEMPEST","2023","June","6","Saltwater","C6","S8_L",1788,"ACRU",0.8,"2","1345","EDT","G","3802.42770915289","","52805.1452586569","","",""
"559","COMPASS","TEMPEST","2023","June","9","Saltwater","C6","S8_L",1788,"ACRU",0.8,"5","1041","EDT","G","8808.32649275197","","55040.1615489946","","",""
"560","COMPASS","TEMPEST","2023","June","8","Saltwater","B4","S8_L",1788,"ACRU",0.8,"4","1245","EDT","G","42863.3621560457","","76651.513904364","","",""
"561","COMPASS","TEMPEST","2023","June","8","Saltwater","C6","S8_L",1788,"ACRU",0.8,"4","1332","EDT","G","990.952740947523","","52039.7377675673","","",""
"562","COMPASS","TEMPEST","2023","June","4","Saltwater","C6","S8_L",1788,"ACRU",0.8,"0","1538","EDT","G","640.257620690415","","28140.395230515","","",""
"563","COMPASS","TEMPEST","2023","June","6","Saltwater","B4","S8_L",1788,"ACRU",0.8,"2","1327","EDT","G","41595.128809241","","79126.6685124902","","",""
"564","COMPASS","TEMPEST","2023","June","5","Saltwater","C6","S8_L",1788,"ACRU",0.8,"1","1315","EDT","G","1276.35797792253","","58489.7053966612","","",""
"565","COMPASS","TEMPEST","2023","June","7","Saltwater","B4","S8_L",1788,"ACRU",0.8,"3_AM","1002","EDT","G","39815.2694733469","","75120.5546061408","","",""
"566","COMPASS","TEMPEST","2023","June","9","Saltwater","B4","S8_L",1788,"ACRU",0.8,"5","1105","EDT","G","46994.2023434195","","81921.8907895497","","",""
"567","COMPASS","TEMPEST","2023","June","7","Saltwater","B4","S8_L",1788,"ACRU",0.8,"3_PM","1342","EDT","G","38791.2288189459","","72252.9719049766","","",""
"568","COMPASS","TEMPEST","2023","September","12","Saltwater","F2","S9_H",1865,"ACRU",1.3,NA,"1158","EDT","G","8841.85021588659","","66072.0644434052","",NA,""
"569","COMPASS","TEMPEST","2023","June","7","Saltwater","F2","S9_H",1865,"ACRU",1.3,"3_AM","829","EDT","G","1030.59231868612","","66495.3986289088","","",""
"570","COMPASS","TEMPEST","2023","June","6","Saltwater","F2","S9_H",1865,"ACRU",1.3,"2","1246","EDT","G","882.438044752741","","54805.6914973839","","",""
"571","COMPASS","TEMPEST","2023","November","3","Saltwater","F2","S9_H",1865,"ACRU",1.3,NA,"1059","EDT","G","4596.34547263034","","56840.4125073415","",NA,""
"572","COMPASS","TEMPEST","2023","August","14","Saltwater","F2","S9_H",1865,"ACRU",1.3,NA,"1131","EDT","G","2993.13001334887","","81991.4322842883","","high well",""
"573","COMPASS","TEMPEST","2023","June","7","Saltwater","F2","S9_H",1865,"ACRU",1.3,"3_PM","1511","EDT","G","586.298968276276","","59263.3718626726","","",""
"574","COMPASS","TEMPEST","2023","June","5","Saltwater","G3","S9_H",1865,"ACRU",1.3,"1","1416","EDT","G","452.388952598613","","43012.0172208153","","",""
"575","COMPASS","TEMPEST","2023","June","8","Saltwater","F2","S9_H",1865,"ACRU",1.3,"4","1213","EDT","G","389.598559625514","","54887.6497398867","","",""
"576","COMPASS","TEMPEST","2023","June","7","Saltwater","G3","S9_H",1865,"ACRU",1.3,"3_AM","854","EDT","G","22.4906401998465","","50390.8691463059","","",""
"577","COMPASS","TEMPEST","2023","June","8","Saltwater","G3","S9_H",1865,"ACRU",1.3,"4","1352","EDT","G","17.5681947254733","","44418.0715337051","","",""
"578","COMPASS","TEMPEST","2023","June","7","Saltwater","G3","S9_H",1865,"ACRU",1.3,"3_PM","1503","EDT","G","15.497771998807","","39699.9218486073","","",""
"579","COMPASS","TEMPEST","2023","June","4","Saltwater","G3","S9_H",1865,"ACRU",1.3,"0","1439","EDT","G","21.2059818615559","","29918.5443751569","","installed upper septa",""
"580","COMPASS","TEMPEST","2023","June","9","Saltwater","G3","S9_H",1865,"ACRU",1.3,"5","1034","EDT","G","21.8635291897314","","47321.9823011721","","",""
"581","COMPASS","TEMPEST","2023","June","9","Saltwater","F2","S9_H",1865,"ACRU",1.3,"5","1016","EDT","G","588.559930779112","","61423.5344130453","","",""
"582","COMPASS","TEMPEST","2023","October","3","Saltwater","F2","S9_H",1865,"ACRU",1.3,NA,"1115","EDT","G","601.986312685926","","52412.2117161001","",NA,""
"583","COMPASS","TEMPEST","2023","June","5","Saltwater","F2","S9_H",1865,"ACRU",1.3,"1","1226","EDT","G","508.471631745787","","54516.3562472708","","",""
"584","COMPASS","TEMPEST","2023","June","4","Saltwater","F2","S9_H",1865,"ACRU",1.3,"0","1318","EDT","G","1057.58906548442","","58418.6456578362","","",""
"585","COMPASS","TEMPEST","2023","June","6","Saltwater","G3","S9_H",1865,"ACRU",1.3,"2","1426","EDT","G","99.8170759999291","","41647.0819114224","","",""
"586","COMPASS","TEMPEST","2023","July","12","Saltwater","F2","S9_H",1865,"ACRU",1.3,NA,"1410","EDT","G","4543.22580414109","","90370.3114969415","","high well",""
"587","COMPASS","TEMPEST","2023","June","6","Saltwater","F2","S9_L",1865,"ACRU",0.8,"2","1245","EDT","G","7401.15989841405","","77762.9470597356","","",""
"588","COMPASS","TEMPEST","2023","June","9","Saltwater","F2","S9_L",1865,"ACRU",0.8,"5","1015","EDT","G","2409.28885027316","","85766.1083511019","","",""
"589","COMPASS","TEMPEST","2023","June","8","Saltwater","F2","S9_L",1865,"ACRU",0.8,"4","1212","EDT","G","3679.75069065173","","79002.349434189","","",""
"590","COMPASS","TEMPEST","2023","June","5","Saltwater","G3","S9_L",1865,"ACRU",0.8,"1","1416","EDT","G","100.043101727115","","62285.2709551499","","",""
"591","COMPASS","TEMPEST","2023","June","7","Saltwater","G3","S9_L",1865,"ACRU",0.8,"3_AM","854","EDT","G","79.2949729587606","","64272.1161513258","","",""
"592","COMPASS","TEMPEST","2023","June","7","Saltwater","F2","S9_L",1865,"ACRU",0.8,"3_PM","1510","EDT","G","3157.38734761444","","71442.5427523998","","",""
"593","COMPASS","TEMPEST","2023","June","9","Saltwater","G3","S9_L",1865,"ACRU",0.8,"5","1034","EDT","G","70.922479514863","","61843.3210912573","","",""
"594","COMPASS","TEMPEST","2023","March","2","Saltwater","F2","S9_L",1865,"ACRU",0.8,NA,"1231","EDT","G","8034.65292873027","","41487.457136966","","","10mL N2 added in lab "
"595","COMPASS","TEMPEST","2023","June","7","Saltwater","G3","S9_L",1865,"ACRU",0.8,"3_PM","1503","EDT","G","62.6357626915719","","55312.6429804886","","",""
"596","COMPASS","TEMPEST","2023","June","6","Saltwater","G3","S9_L",1865,"ACRU",0.8,"2","1427","EDT","G","83.9402862052886","","61757.1424559493","","",""
"597","COMPASS","TEMPEST","2023","May","16","Saltwater","F2","S9_L",1865,"ACRU",0.8,NA,"1215","EDT","G","10399.909320597","","75078.9649839256","","","10mL N2 added in lab "
"598","COMPASS","TEMPEST","2023","June","4","Saltwater","F2","S9_L",1865,"ACRU",0.8,"0","1317","EDT","G","5055.67545366757","","78434.8495456421","","",""
"599","COMPASS","TEMPEST","2023","June","4","Saltwater","G3","S9_L",1865,"ACRU",0.8,"0","1439","EDT","G","80.4722473000116","","60686.4715795325","","",""
"600","COMPASS","TEMPEST","2023","June","8","Saltwater","G3","S9_L",1865,"ACRU",0.8,"4","1352","EDT","G","67.8323187431553","","62547.1046540948","","",""
"601","COMPASS","TEMPEST","2023","June","5","Saltwater","F2","S9_L",1865,"ACRU",0.8,"1","1227","EDT","G","4651.53687626021","","79301.5725187545","","",""
"602","COMPASS","TEMPEST","2023","March","2","Saltwater","G3","S9_L",1865,"ACRU",0.8,NA,"1251","EDT","G","217.635675934202","","38034.4255008339","","","10mL N2 added in lab "
"603","COMPASS","TEMPEST","2023","June","7","Saltwater","F2","S9_L",1865,"ACRU",0.8,"3_AM","828","EDT","G","8752.00294091924","","86453.1574416737","","",""
"604","COMPASS","TEMPEST","2024","April","4","Control","F5","C1",1384,"LITU",0.8,NA,"1115","EDT","G","15.7694700071583","","3493.0797468479","","",""
"605","COMPASS","TEMPEST","2024","September","5","Control","F5","C1",1384,"LITU",0.8,NA,"1414","EDT","G","103497.86963144","adl","52803.20621028","",NA,""
"606","COMPASS","TEMPEST","2024","June","13","Control","F5","C1",1384,"LITU",0.8,"D4_AM","905","EDT","G","70867.9961893284","adl","69716.2987934316","","a little water",""
"607","COMPASS","TEMPEST","2024","June","11","Control","F5","C1",1384,"LITU",0.8,"D2_PM","1407","EDT","G","75155.315936521","adl",NA,"",NA,""
"608","COMPASS","TEMPEST","2024","July","12","Control","F5","C1",1384,"LITU",0.8,NA,"1329","EDT","G","51156.1341881633","","71729.6632445387","","sappy",""
"609","COMPASS","TEMPEST","2024","October","2","Control","F5","C1",1384,"LITU",0.8,NA,"1213","EDT","G","2535.36298930087","","15242.3837791301","",NA,""
"610","COMPASS","TEMPEST","2024","June","10","Control","F5","C1",1384,"LITU",0.8,"D1_PM","1353","EDT","G","631.294328516827","","8148.39053805334","","",NA
"611","COMPASS","TEMPEST","2024","May","22","Control","F5","C1",1384,"LITU",0.8,NA,"1311","EDT","G","8409.06216886583","","40694.9561324721","","",""
"612","COMPASS","TEMPEST","2024","August","6","Control","F5","C1",1384,"LITU",0.8,NA,"1240","EDT","G","59610.847333389","","47202.6727140322","","",""
"613","COMPASS","TEMPEST","2024","June","13","Control","F5","C1",1384,"LITU",0.8,"D4_PM","1402","EDT","G","62377.6578257072","","151447.011154679","","1ml, 1 drop of water ",NA
"614","COMPASS","TEMPEST","2024","June","14","Control","F5","C1",1384,"LITU",0.8,"D5_PM","1510","EDT","W","17166.5801724612","","34795.0190410317","","",NA
"615","COMPASS","TEMPEST","2024","November","5","Control","F5","C1",1384,"LITU",0.8,NA,"1322","EST","G","92417.4794554513","adl","46698.4696460338","",NA,NA
"616","COMPASS","TEMPEST","2024","June","12","Control","F5","C1",1384,"LITU",0.8,"D3_PM","1526","EDT","G","63785.7072541681","","63771.8601787555","","",""
"617","COMPASS","TEMPEST","2024","June","11","Control","F5","C1",1384,"LITU",0.8,"D2_AM","846","EDT","G",NA,"",NA,"","Lost due to vial breakage!!",NA
"618","COMPASS","TEMPEST","2024","June","14","Control","F5","C1",1384,"LITU",0.8,"D5_AM","1117","EDT","W","5494.04742260778","","46823.1163065079","","",NA
"619","COMPASS","TEMPEST","2024","June","12","Control","F5","C1",1384,"LITU",0.8,"D3_AM","1121","EDT","G","76695.3415020177","adl",NA,"",NA,""
"620","COMPASS","TEMPEST","2024","June","12","Control","F2","C11_H",1395,"ACRU",0.8,"D3_PM","1324","EDT","G","400.426699842412","","99886.4607475149","","",""
"621","COMPASS","TEMPEST","2024","June","10","Control","F2","C11_H",1395,"ACRU",0.8,"D1_PM","1524","EDT","G","294.61776201485","","95621.4256337281","","",NA
"622","COMPASS","TEMPEST","2024","June","12","Control","F2","C11_H",1395,"ACRU",0.8,"D3_AM","838","EDT","G","395.654943295026","",NA,"",NA,""
"623","COMPASS","TEMPEST","2024","June","13","Control","F2","C11_H",1395,"ACRU",0.8,"D4_AM","817","EDT","G","410.800842525952","","92397.3198740385","","",""
"624","COMPASS","TEMPEST","2024","June","13","Control","F2","C11_H",1395,"ACRU",0.8,"D4_PM","1345","EDT","G","403.218331657372","","95229.5352976924","","",NA
"625","COMPASS","TEMPEST","2024","April","4","Control","F2","C11_H",1395,"ACRU",0.8,NA,"1123","EDT","G","56.5437005113369","","37781.5954760774","","",""
"626","COMPASS","TEMPEST","2024","May","22","Control","F2","C11_H",1395,"ACRU",0.8,NA,"1313","EDT","G","890.216499508088","","86137.7832494766","","high",""
"627","COMPASS","TEMPEST","2024","June","11","Control","F2","C11_H",1395,"ACRU",0.8,"D2_AM","818","EDT","G","292.740077240321","","98534.1637776726","","",NA
"628","COMPASS","TEMPEST","2024","June","11","Control","F2","C11_H",1395,"ACRU",0.8,"D2_PM","1322","EDT","G","354.354520254559","",NA,"",NA,""
"629","COMPASS","TEMPEST","2024","June","14","Control","F2","C11_H",1395,"ACRU",0.8,"D5_PM","1325","EDT","G","515.968561598689","","98849.8223490389","","",NA
"630","COMPASS","TEMPEST","2024","June","14","Control","F2","C11_H",1395,"ACRU",0.8,"D5_AM","846","EDT","G","524.306885447739","","108639.120341083","","",NA
"631","COMPASS","TEMPEST","2024","August","6","Control","F2","C11_L",1395,"ACRU",1.3,NA,"1234","EDT","G","198.173584375183","","88353.8422343118","","",""
"632","COMPASS","TEMPEST","2024","June","13","Control","F2","C11_L",1395,"ACRU",1.3,"D4_PM","1346","EDT","G","76.9996968612144","","125361.550003842","","",NA
"633","COMPASS","TEMPEST","2024","June","10","Control","F2","C11_L",1395,"ACRU",1.3,"D1_PM","1521","EDT","G","352.342843065725","","137464.509828241","","",NA
"634","COMPASS","TEMPEST","2024","June","11","Control","F2","C11_L",1395,"ACRU",1.3,"D2_PM","1323","EDT","G","60.2106701935741","",NA,"",NA,""
"635","COMPASS","TEMPEST","2024","October","2","Control","F2","C11_L",1395,"ACRU",1.3,NA,"1215","EDT","G","141.609299290816","","90309.9977027117","",NA,""
"636","COMPASS","TEMPEST","2024","June","12","Control","F2","C11_L",1395,"ACRU",1.3,"D3_AM","837","EDT","G","113.989835193859","",NA,"",NA,""
"637","COMPASS","TEMPEST","2024","September","5","Control","F2","C11_L",1395,"ACRU",1.3,NA,"1405","EDT","G","798.081767696712","","77728.8495410143","",NA,""
"638","COMPASS","TEMPEST","2024","July","12","Control","F2","C11_L",1395,"ACRU",1.3,NA,"1331","EDT","G","867.83035555383","","119729.953659893","","",""
"639","COMPASS","TEMPEST","2024","November","5","Control","F2","C11_L",1395,"ACRU",1.3,NA,"1323","EST","G","654.474617458703","","76347.5096186761","",NA,NA
"640","COMPASS","TEMPEST","2024","June","14","Control","F2","C11_L",1395,"ACRU",1.3,"D5_AM","844","EDT","G","123.22619398928","","134985.543254839","","",NA
"641","COMPASS","TEMPEST","2024","June","11","Control","F2","C11_L",1395,"ACRU",1.3,"D2_AM","819","EDT","G","49.4755831179894","","137456.41681382","","",NA
"642","COMPASS","TEMPEST","2024","June","13","Control","F2","C11_L",1395,"ACRU",1.3,"D4_AM","818","EDT","G","115.290157694351","","132319.982531919","","",""
"643","COMPASS","TEMPEST","2024","June","12","Control","F2","C11_L",1395,"ACRU",1.3,"D3_PM","1323","EDT","G","1209.44713147195","","126076.070602128","","",""
"644","COMPASS","TEMPEST","2024","June","14","Control","F2","C11_L",1395,"ACRU",1.3,"D5_PM","1324","EDT","G","282.836828719702","","123759.801061488","","",NA
"645","COMPASS","TEMPEST","2024","November","5","Control","B8","C13",1407,"FAGR",0.8,NA,"1328","EST","G","16837.2306137549","","61352.9629854375","",NA,NA
"646","COMPASS","TEMPEST","2024","June","14","Control","B8","C13",1407,"FAGR",0.8,"D5_AM","1000","EDT","G","79853.0067664933","adl","98861.057497403","","",NA
"647","COMPASS","TEMPEST","2024","July","12","Control","B8","C13",1407,"FAGR",0.8,NA,"1320","EDT","G","68068.422371275","","94149.5240008807","","",""
"648","COMPASS","TEMPEST","2024","June","10","Control","B8","C13",1407,"FAGR",0.8,"D1_PM","1458","EDT","G","32193.8556247217","","85673.7828263469","","",NA
"649","COMPASS","TEMPEST","2024","August","6","Control","B8","C13",1407,"FAGR",0.8,NA,"1237","EDT","G","80788.0530848546","adl","70280.8432251831","","",""
"650","COMPASS","TEMPEST","2024","June","12","Control","B8","C13",1407,"FAGR",0.8,"D3_PM","1435","EDT","G","71849.8619667924","adl","86697.2675098243","","",""
"651","COMPASS","TEMPEST","2024","June","12","Control","B8","C13",1407,"FAGR",0.8,"D3_AM","1015","EDT","G","70699.9496943653","adl",NA,"",NA,""
"652","COMPASS","TEMPEST","2024","May","22","Control","B8","C13",1407,"FAGR",0.8,NA,"1316","EDT","G","93571.2856393259","adl","71920.3470590862","","","checked"
"653","COMPASS","TEMPEST","2024","June","13","Control","B8","C13",1407,"FAGR",0.8,"D4_PM","1530","EDT","G","78511.3568168184","adl","90884.319894343","","",NA
"654","COMPASS","TEMPEST","2024","April","4","Control","B8","C13",1407,"FAGR",0.8,NA,"1119","EDT","G","5702.27040807059","","24360.3000365224","","",""
"655","COMPASS","TEMPEST","2024","September","5","Control","B8","C13",1407,"FAGR",0.8,NA,"1409","EDT","G","56312.3556332096","","66735.9674815574","",NA,""
"656","COMPASS","TEMPEST","2024","June","11","Control","B8","C13",1407,"FAGR",0.8,"D2_AM","1050","EDT","G","60996.4707167585","","91571.7642229172","","",NA
"657","COMPASS","TEMPEST","2024","June","14","Control","B8","C13",1407,"FAGR",0.8,"D5_PM","1427","EDT","G","82460.1507999336","adl","94591.0914598409","","",NA
"658","COMPASS","TEMPEST","2024","June","13","Control","B8","C13",1407,"FAGR",0.8,"D4_AM","1032","EDT","G","77712.9727034054","adl","90527.1031422868","","",""
"659","COMPASS","TEMPEST","2024","June","11","Control","B8","C13",1407,"FAGR",0.8,"D2_PM","1540","EDT","G","65067.1347132813","",NA,"",NA,""
"660","COMPASS","TEMPEST","2024","October","2","Control","B8","C13",1407,"FAGR",0.8,NA,"1211","EDT","G","5314.70788361747","","49697.329848738","",NA,""
"661","COMPASS","TEMPEST","2024","July","12","Control","B7","C14",1412,"FAGR",0.8,NA,"1321","EDT","G","5737.42855460613","","73125.0340976747","","",""
"662","COMPASS","TEMPEST","2024","June","12","Control","B7","C14",1412,"FAGR",0.8,"D3_AM","1007","EDT","G","1907.54212393227","",NA,"",NA,""
"663","COMPASS","TEMPEST","2024","November","5","Control","B7","C14",1412,"FAGR",0.8,NA,"1328","EST","G","15417.4961292101","","61452.9447482652","",NA,NA
"664","COMPASS","TEMPEST","2024","June","12","Control","B7","C14",1412,"FAGR",0.8,"D3_PM","1423","EDT","G","511.555589035303","","69592.3202376467","","",""
"665","COMPASS","TEMPEST","2024","June","13","Control","B7","C14",1412,"FAGR",0.8,"D4_PM","1523","EDT","G","737.333148370557","","143007.33069411","","1ml ",NA
"666","COMPASS","TEMPEST","2024","August","6","Control","B7","C14",1412,"FAGR",0.8,NA,"1238","EDT","G","5279.60242073878","","57516.8872889467","","",""
"667","COMPASS","TEMPEST","2024","September","5","Control","B7","C14",1412,"FAGR",0.8,NA,"1410","EDT","G","10366.8008440976","","68680.7454187585","",NA,""
"668","COMPASS","TEMPEST","2024","June","11","Control","B7","C14",1412,"FAGR",0.8,"D2_AM","1110","EDT","G","1133.57961456936","","62210.4739153967","","",NA
"669","COMPASS","TEMPEST","2024","June","13","Control","B7","C14",1412,"FAGR",0.8,"D4_AM","947","EDT","G","816.769937293577","","84100.3805426024","","",""
"670","COMPASS","TEMPEST","2024","June","14","Control","B7","C14",1412,"FAGR",0.8,"D5_PM","1530","EDT","G","1115.44985897507","","134524.007507977","","1.5mL only",NA
"671","COMPASS","TEMPEST","2024","June","14","Control","B7","C14",1412,"FAGR",0.8,"D5_AM","952","EDT","G","1163.3126132825","","122393.386843641","","1.8 mL only",NA
"672","COMPASS","TEMPEST","2024","May","22","Control","B7","C14",1412,"FAGR",0.8,NA,"1317","EDT","G","13677.2098886678","","75988.1758059642","","",""
"673","COMPASS","TEMPEST","2024","June","11","Control","B7","C14",1412,"FAGR",0.8,"D2_PM","1538","EDT","G","676.971402028282","",NA,"",NA,""
"674","COMPASS","TEMPEST","2024","April","4","Control","B7","C14",1412,"FAGR",0.8,NA,"1120","EDT","G","316.782131106268","","5321.75488985139","","",""
"675","COMPASS","TEMPEST","2024","June","10","Control","B7","C14",1412,"FAGR",0.8,"D1_PM","1640","EDT","G","1197.06128633671","","33538.2934101339","","",NA
"676","COMPASS","TEMPEST","2024","October","2","Control","B7","C14",1412,"FAGR",0.8,NA,"1209","EDT","G","6522.63576647988","","59782.6852553049","",NA,""
"677","COMPASS","TEMPEST","2024","November","5","Control","A4","C15",1432,"FAGR",0.7,NA,"1327","EST","G","17584.7734100547","","42942.8943851556","",NA,NA
"678","COMPASS","TEMPEST","2024","June","12","Control","A4","C15",1432,"FAGR",0.7,"D3_PM","1354","EDT","G","17613.1837923228","","63743.8973812308","","only 1.4 mL of gas",""
"679","COMPASS","TEMPEST","2024","June","12","Control","A4","C15",1432,"FAGR",0.7,"D3_AM","939","EDT","G","22372.1637752462","",NA,"",NA,""
"680","COMPASS","TEMPEST","2024","October","2","Control","A4","C15",1432,"FAGR",0.7,NA,"1208","EDT","G","115.375922198581","","13014.2687747896","",NA,""
"681","COMPASS","TEMPEST","2024","May","22","Control","A4","C15",1432,"FAGR",0.7,NA,"1301","EDT","G","3733.94620107193","","26873.5876814113","","",""
"682","COMPASS","TEMPEST","2024","June","13","Control","A4","C15",1432,"FAGR",0.7,"D4_AM","1014","EDT","G","11900.2819618229","","69063.9634349284","","",""
"683","COMPASS","TEMPEST","2024","June","13","Control","A4","C15",1432,"FAGR",0.7,"D4_PM","1507","EDT","G","2808.33295104289","","24264.3318982187","","",NA
"684","COMPASS","TEMPEST","2024","June","14","Control","A4","C15",1432,"FAGR",0.7,"D5_AM","930","EDT","G","8507.4851957404","","83799.2959852798","","",NA
"685","COMPASS","TEMPEST","2024","August","6","Control","A4","C15",1432,"FAGR",0.7,NA,"1236","EDT","G","25564.346127456","","47785.2456396702","","",""
"686","COMPASS","TEMPEST","2024","June","14","Control","A4","C15",1432,"FAGR",0.7,"D5_PM","1401","EDT","G","6837.8037565488","","72301.6726423095","","1.8mL only",NA
"687","COMPASS","TEMPEST","2024","July","12","Control","A4","C15",1432,"FAGR",0.7,NA,"1325","EDT","G","18019.0403737733","","43336.6929996233","","",""
"688","COMPASS","TEMPEST","2024","April","4","Control","A4","C15",1432,"FAGR",0.7,NA,"1121","EDT","G","34.2553949898375","","1766.18806688105","","",""
"689","COMPASS","TEMPEST","2024","June","11","Control","A4","C15",1432,"FAGR",0.7,"D2_AM","1100","EDT","G","7487.4801130211","","17090.3829227347","","",NA
"690","COMPASS","TEMPEST","2024","June","10","Control","A4","C15",1432,"FAGR",0.7,"D1_PM","1613","EDT","G","27521.6023386832","","56952.5877055417","","",NA
"691","COMPASS","TEMPEST","2024","June","11","Control","A4","C15",1432,"FAGR",0.7,"D2_PM","1518","EDT","G","23625.2792826636","",NA,"",NA,""
"692","COMPASS","TEMPEST","2024","September","5","Control","A4","C15",1432,"FAGR",0.7,NA,"1408","EDT","G","34580.1094357404","","49502.0711883045","",NA,""
"693","COMPASS","TEMPEST","2024","June","10","Control","A1","C19_H",1451,"ACRU",1.3,"D1_PM","1558","EDT","G","223.276721195459","","71146.1578990937","","",NA
"694","COMPASS","TEMPEST","2024","June","11","Control","A1","C19_H",1451,"ACRU",1.3,"D2_AM","1011","EDT","G","250.058435611111","","60880.6463868527","","",NA
"695","COMPASS","TEMPEST","2024","June","12","Control","A1","C19_H",1451,"ACRU",1.3,"D3_PM","1334","EDT","G","328.673228825589","","52709.3324662896","","",""
"696","COMPASS","TEMPEST","2024","May","22","Control","A1","C19_H",1451,"ACRU",1.3,NA,"1304","EDT","G","1443.33232290326","","42265.3531573035","","high",""
"697","COMPASS","TEMPEST","2024","June","12","Control","A1","C19_H",1451,"ACRU",1.3,"D3_AM","901","EDT","G","349.560591445781","",NA,"",NA,""
"698","COMPASS","TEMPEST","2024","June","11","Control","A1","C19_H",1451,"ACRU",1.3,"D2_PM","1502","EDT","G","337.691985879808","",NA,"",NA,""
"699","COMPASS","TEMPEST","2024","June","13","Control","A1","C19_H",1451,"ACRU",1.3,"D4_AM","957","EDT","G","444.336995901297","","68820.8400499802","","",""
"700","COMPASS","TEMPEST","2024","April","4","Control","A1","C19_H",1451,"ACRU",1.3,NA,"1122","EDT","G","41.356094094032","","13604.9467906785","","",""
"701","COMPASS","TEMPEST","2024","June","13","Control","A1","C19_H",1451,"ACRU",1.3,"D4_PM","1449","EDT","G","498.341052409032","","66188.1573775053","","",NA
"702","COMPASS","TEMPEST","2024","June","14","Control","A1","C19_H",1451,"ACRU",1.3,"D5_AM","906","EDT","G","655.379484899469","","71833.8629775397","","",NA
"703","COMPASS","TEMPEST","2024","June","14","Control","A1","C19_H",1451,"ACRU",1.3,"D5_PM","1636","EDT","G","748.307909901379","","70397.4623233187","","",NA
"704","COMPASS","TEMPEST","2024","June","10","Control","A1","C19_L",1451,"ACRU",0.8,"D1_PM","1554","EDT","G","756.517235936303","","103761.794564386","","",NA
"705","COMPASS","TEMPEST","2024","July","12","Control","A1","C19_L",1451,"ACRU",0.8,NA,"1326","EDT","G","1383.20594590783","","118258.410506719","","",""
"706","COMPASS","TEMPEST","2024","June","12","Control","A1","C19_L",1451,"ACRU",0.8,"D3_AM","900","EDT","G","781.522631230619","",NA,"",NA,""
"707","COMPASS","TEMPEST","2024","November","5","Control","A1","C19_L",1451,"ACRU",0.8,NA,"1326","EST","G","61.3286428018659","","55166.4061065471","",NA,NA
"708","COMPASS","TEMPEST","2024","June","13","Control","A1","C19_L",1451,"ACRU",0.8,"D4_PM","1449","EDT","G","1868.80611632505","","102911.023653045","","",NA
"709","COMPASS","TEMPEST","2024","June","11","Control","A1","C19_L",1451,"ACRU",0.8,"D2_AM","1012","EDT","G","583.528663199857","","95745.8505426156","","",NA
"710","COMPASS","TEMPEST","2024","June","13","Control","A1","C19_L",1451,"ACRU",0.8,"D4_AM","958","EDT","G","911.964087272775","","90990.2264091548","","",""
"711","COMPASS","TEMPEST","2024","August","6","Control","A1","C19_L",1451,"ACRU",0.8,NA,"1235","EDT","G","706.799148635276","","108079.97574808","","",""
"712","COMPASS","TEMPEST","2024","June","14","Control","A1","C19_L",1451,"ACRU",0.8,"D5_AM","904","EDT","G","1365.81327866809","","106283.571328255","","",NA
"713","COMPASS","TEMPEST","2024","September","5","Control","A1","C19_L",1451,"ACRU",0.8,NA,"1407","EDT","G","184.244340910187","","87954.1732068556","",NA,""
"714","COMPASS","TEMPEST","2024","June","14","Control","A1","C19_L",1451,"ACRU",0.8,"D5_PM","1637","EDT","G","2268.95367219693","","108348.966102518","","",NA
"715","COMPASS","TEMPEST","2024","June","12","Control","A1","C19_L",1451,"ACRU",0.8,"D3_PM","1333","EDT","G","1193.07452415199","","101446.839957521","","",""
"716","COMPASS","TEMPEST","2024","October","2","Control","A1","C19_L",1451,"ACRU",0.8,NA,"1207","EDT","G","37.5347599063125","","72136.6683747306","",NA,""
"717","COMPASS","TEMPEST","2024","June","11","Control","A1","C19_L",1451,"ACRU",0.8,"D2_PM","1503","EDT","G","1789.17358786014","",NA,"",NA,""
"718","COMPASS","TEMPEST","2024","April","4","Control","F5","C2",1385,"LITU",0.8,NA,"1116","EDT","G","772.115674620709","","13975.2486553895","","",""
"719","COMPASS","TEMPEST","2024","October","2","Control","F5","C2",1385,"LITU",0.8,NA,"1214","EDT","G","1297.44571572757","","25737.1484431788","",NA,""
"720","COMPASS","TEMPEST","2024","September","5","Control","F5","C2",1385,"LITU",0.8,NA,"1415","EDT","G","19011.1996636534","","48049.5331551204","",NA,""
"721","COMPASS","TEMPEST","2024","June","14","Control","F5","C2",1385,"LITU",0.8,"D5_PM","1458","EDT","G","12350.8902033465","","63378.8041743596","","",NA
"722","COMPASS","TEMPEST","2024","November","5","Control","F5","C2",1385,"LITU",0.8,NA,"1322","EST","G","17170.7738312131","","46518.0248006009","",NA,NA
"723","COMPASS","TEMPEST","2024","June","12","Control","F5","C2",1385,"LITU",0.8,"D3_PM","1518","EDT","G","9272.3751897623","","65265.655893224","","",""
"724","COMPASS","TEMPEST","2024","June","11","Control","F5","C2",1385,"LITU",0.8,"D2_AM","847","EDT","G","4214.04512778191","","73396.3064264973","","",NA
"725","COMPASS","TEMPEST","2024","July","12","Control","F5","C2",1385,"LITU",0.8,NA,"1330","EDT","G","13921.0206629004","","74369.3920996261","","sappy",""
"726","COMPASS","TEMPEST","2024","June","13","Control","F5","C2",1385,"LITU",0.8,"D4_PM","1350","EDT","G","11012.8298316172","","64459.8606012517","","",NA
"727","COMPASS","TEMPEST","2024","June","11","Control","F5","C2",1385,"LITU",0.8,"D2_PM","1357","EDT","G","6691.6419735795","",NA,"",NA,""
"728","COMPASS","TEMPEST","2024","June","12","Control","F5","C2",1385,"LITU",0.8,"D3_AM","1109","EDT","G","8746.087014606","",NA,"",NA,""
"729","COMPASS","TEMPEST","2024","August","6","Control","F5","C2",1385,"LITU",0.8,NA,"1241","EDT","G","16680.9283534405","","59413.7983848347","","",""
"730","COMPASS","TEMPEST","2024","June","10","Control","F5","C2",1385,"LITU",0.8,"D1_PM","1338","EDT","G","1877.48652216756","","53064.0810382966","","",NA
"731","COMPASS","TEMPEST","2024","June","13","Control","F5","C2",1385,"LITU",0.8,"D4_AM","854","EDT","G","9298.53520745176","","59915.5043705034","","",""
"732","COMPASS","TEMPEST","2024","May","22","Control","F5","C2",1385,"LITU",0.8,NA,"1312","EDT","G","9249.103751892","","48874.1761225786","","",""
"733","COMPASS","TEMPEST","2024","June","14","Control","F5","C2",1385,"LITU",0.8,"D5_AM","1103","EDT","G","10463.4823722894","","66458.0622207632","","",NA
"734","COMPASS","TEMPEST","2024","November","5","Control","C5","C3",1425,"LITU",0.8,NA,"1332","EST","G","463.756888894374","","52306.4664887918","",NA,NA
"735","COMPASS","TEMPEST","2024","June","14","Control","C5","C3",1425,"LITU",0.8,"D5_PM","1627","EDT","G","612.615098843231","","110556.411473538","","small amount of water, but expelled it then took 2mL of gas sample",NA
"736","COMPASS","TEMPEST","2024","June","12","Control","C5","C3",1425,"LITU",0.8,"D3_PM","1445","EDT","G","3237.70070436356","","108998.68863582","","",""
"737","COMPASS","TEMPEST","2024","June","11","Control","C5","C3",1425,"LITU",0.8,"D2_AM","944","EDT","G","511.067599883379","","85700.3030120638","","",NA
"738","COMPASS","TEMPEST","2024","August","6","Control","C5","C3",1425,"LITU",0.8,NA,"1239","EDT","G","4312.01748215164","","104804.015511132","","",""
"739","COMPASS","TEMPEST","2024","June","10","Control","C5","C3",1425,"LITU",0.8,"D1_PM","1538","EDT","G","59.92912642414","","42572.878180315","","",NA
"740","COMPASS","TEMPEST","2024","July","12","Control","C5","C3",1425,"LITU",0.8,NA,"1323","EDT","G","821.804626986059","","140614.091302721","","",""
"741","COMPASS","TEMPEST","2024","June","13","Control","C5","C3",1425,"LITU",0.8,"D4_AM","928","EDT","G","4619.66238909593","","143382.553791472","","",""
"742","COMPASS","TEMPEST","2024","September","5","Control","C5","C3",1425,"LITU",0.8,NA,"1412","EDT","G","818.501123143831","","77463.1869301299","",NA,""
"743","COMPASS","TEMPEST","2024","June","12","Control","C5","C3",1425,"LITU",0.8,"D3_AM","1038","EDT","G","3732.05946558855","",NA,"",NA,""
"744","COMPASS","TEMPEST","2024","April","4","Control","C5","C3",1425,"LITU",0.8,NA,"1118","EDT","G","191.402194146093","","39083.3089333715","","",""
"745","COMPASS","TEMPEST","2024","June","11","Control","C5","C3",1425,"LITU",0.8,"D2_PM","1443","EDT","G","806.567277492232","",NA,"",NA,""
"746","COMPASS","TEMPEST","2024","October","2","Control","C5","C3",1425,"LITU",0.8,NA,"1205","EDT","G","65.4860749674195","","54535.4288695247","",NA,""
"747","COMPASS","TEMPEST","2024","June","14","Control","C5","C3",1425,"LITU",0.8,"D5_AM","1010","EDT","G","3522.27159767949","","118346.636904337","","Small amt. of water, but expelled and got 2mL of gas",NA
"748","COMPASS","TEMPEST","2024","June","13","Control","C5","C3",1425,"LITU",0.8,"D4_PM","1433","EDT","G","746.174566811344","","139127.611498815","","a little bit of sap",NA
"749","COMPASS","TEMPEST","2024","May","22","Control","C5","C3",1425,"LITU",0.8,NA,"1310","EDT","G","10.3453248581208","","45266.0865551934","","",""
"750","COMPASS","TEMPEST","2024","June","10","Control","B3","C7_H",1439,"ACRU",1.3,"D1_PM","1606","EDT","G","218.741728143526","","97882.8628786825","","",NA
"751","COMPASS","TEMPEST","2024","June","12","Control","B3","C7_H",1439,"ACRU",1.3,"D3_PM","1408","EDT","G","233.855271372506","","87494.5711198935","","",""
"752","COMPASS","TEMPEST","2024","June","13","Control","B3","C7_H",1439,"ACRU",1.3,"D4_PM","1439","EDT","G","313.422873364827","","101747.18421437","","",NA
"753","COMPASS","TEMPEST","2024","June","11","Control","B3","C7_H",1439,"ACRU",1.3,"D2_PM","1451","EDT","G","321.552425556924","",NA,"",NA,""
"754","COMPASS","TEMPEST","2024","June","12","Control","B3","C7_H",1439,"ACRU",1.3,"D3_AM","922","EDT","G","248.495855922556","",NA,"",NA,""
"755","COMPASS","TEMPEST","2024","June","14","Control","B3","C7_H",1439,"ACRU",1.3,"D5_PM","1419","EDT","G","321.529577106959","","105210.440471139","","",NA
"756","COMPASS","TEMPEST","2024","June","14","Control","B3","C7_H",1439,"ACRU",1.3,"D5_AM","1022","EDT","G","323.870159240025","","103388.996476472","","",NA
"757","COMPASS","TEMPEST","2024","April","4","Control","B3","C7_H",1439,"ACRU",1.3,NA,"1117","EDT","G","66.8112237530503","","75185.0155059538","","",""
"758","COMPASS","TEMPEST","2024","May","22","Control","B3","C7_H",1439,"ACRU",1.3,NA,"1304","EDT","G","309.418443146363","","80712.3324006993","","high",""
"759","COMPASS","TEMPEST","2024","June","13","Control","B3","C7_H",1439,"ACRU",1.3,"D4_AM","1044","EDT","G","302.683014722995","","94448.5618451292","","",""
"760","COMPASS","TEMPEST","2024","June","11","Control","B3","C7_H",1439,"ACRU",1.3,"D2_AM","1002","EDT","G","240.867662767364","","93567.0035473898","","",NA
"761","COMPASS","TEMPEST","2024","June","13","Control","B3","C7_L",1439,"ACRU",0.75,"D4_PM","1440","EDT","G","212.607174195761","","152216.994813829","","",NA
"762","COMPASS","TEMPEST","2024","July","12","Control","B3","C7_L",1439,"ACRU",0.75,NA,"1327","EDT","G","754.439747468736","","158715.352371107","","",""
"763","COMPASS","TEMPEST","2024","June","10","Control","B3","C7_L",1439,"ACRU",0.75,"D1_PM","1604","EDT","G","98.3063678684637","","134056.064175373","","",NA
"764","COMPASS","TEMPEST","2024","June","11","Control","B3","C7_L",1439,"ACRU",0.75,"D2_PM","1452","EDT","G","176.732194360858","",NA,"",NA,""
"765","COMPASS","TEMPEST","2024","June","12","Control","B3","C7_L",1439,"ACRU",0.75,"D3_AM","921","EDT","G","208.488340954759","",NA,"",NA,""
"766","COMPASS","TEMPEST","2024","June","11","Control","B3","C7_L",1439,"ACRU",0.75,"D2_AM","1003","EDT","G","126.032414977739","","144750.588457184","","",NA
"767","COMPASS","TEMPEST","2024","June","13","Control","B3","C7_L",1439,"ACRU",0.75,"D4_AM","1046","EDT","G","218.519582188142","","148635.116292937","","",""
"768","COMPASS","TEMPEST","2024","August","6","Control","B3","C7_L",1439,"ACRU",0.75,NA,"1235","EDT","G","424.685858409092","","116546.182605451","","",""
"769","COMPASS","TEMPEST","2024","June","14","Control","B3","C7_L",1439,"ACRU",0.75,"D5_AM","1020","EDT","G","368.65817359881","","161116.800013298","","",NA
"770","COMPASS","TEMPEST","2024","October","2","Control","B3","C7_L",1439,"ACRU",0.75,NA,"1206","EDT","G","15.6194431142154","","53713.8815192724","",NA,""
"771","COMPASS","TEMPEST","2024","June","14","Control","B3","C7_L",1439,"ACRU",0.75,"D5_PM","1418","EDT","G","247.947526298678","","149921.802063144","","",NA
"772","COMPASS","TEMPEST","2024","September","5","Control","B3","C7_L",1439,"ACRU",0.75,NA,"1406","EDT","G","193.634961294089","","102209.818665919","",NA,""
"773","COMPASS","TEMPEST","2024","June","12","Control","B3","C7_L",1439,"ACRU",0.75,"D3_PM","1406","EDT","G","203.183893003779","","151382.9374626","","missampled first exetainer; resampled with spare exetainer then labeled it",""
"774","COMPASS","TEMPEST","2024","November","5","Control","B3","C7_L",1439,"ACRU",0.75,NA,"1325","EST","G","86.8835518254591","","109045.746285662","",NA,NA
"775","COMPASS","TEMPEST","2024","May","22","Freshwater","H5","F1",1578,"LITU",0.75,NA,"1441","EDT","G","898.782983900946","","58806.3839989965","","",""
"776","COMPASS","TEMPEST","2024","November","5","Freshwater","H5","F1",1578,"LITU",0.75,NA,"1144","EST","G","282.503507086374","","64468.8690931997","",NA,NA
"777","COMPASS","TEMPEST","2024","June","14","Freshwater","F7","F1",1578,"LITU",0.75,"D5_AM","952","EDT","G","393.415602697646","","175292.058304332","","pulled vaccuum; only got 1ml",NA
"778","COMPASS","TEMPEST","2024","July","12","Freshwater","H5","F1",1578,"LITU",0.75,NA,"1250","EDT","G","2003.98342392178","","77352.2804432014","","sappy",""
"779","COMPASS","TEMPEST","2024","June","13","Freshwater","F7","F1",1578,"LITU",0.75,"D4_AM","1043","EDT","W","415.994009133694","","152687.9565563","","",""
"780","COMPASS","TEMPEST","2024","August","6","Freshwater","H5","F1",1578,"LITU",0.75,NA,"1101","EDT","G","8001.40635402235","","97194.5104900651","","",""
"781","COMPASS","TEMPEST","2024","June","11","Freshwater","F7","F1",1578,"LITU",0.75,"D2_AM","1011","EDT","G","5522.64495514872","","142784.317974073","","",NA
"782","COMPASS","TEMPEST","2024","June","12","Freshwater","H5","F1",1578,"LITU",0.75,"D3_PM","1610","EDT","W",NA,"",NA,"","1 mL",""
"783","COMPASS","TEMPEST","2024","June","13","Freshwater","H5","F1",1578,"LITU",0.75,"D4_PM","1440","EDT","G","164.930003766472","","86183.9779990981","","",NA
"784","COMPASS","TEMPEST","2024","October","2","Freshwater","H5","F1",1578,"LITU",0.75,NA,"1421","EDT","G","667.646548435021","","63001.199541152","",NA,""
"785","COMPASS","TEMPEST","2024","June","11","Freshwater","H5","F1",1578,"LITU",0.75,"D2_PM","1546","EDT","G","6257.61128018212","",NA,"",NA,""
"786","COMPASS","TEMPEST","2024","September","5","Freshwater","H5","F1",1578,"LITU",0.75,NA,"1301","EDT","G","5868.78586359338","","99755.8820459109","",NA,""
"787","COMPASS","TEMPEST","2024","April","4","Freshwater","H5","F1",1578,"LITU",0.75,NA,"1130","EDT","G","254.355151481891","","27250.5787635714","","",""
"788","COMPASS","TEMPEST","2024","June","10","Freshwater","H5","F1",1578,"LITU",0.75,"D1_PM","1421","EDT","W","4290.04810490316","","167839.087043863","","",NA
"789","COMPASS","TEMPEST","2024","June","12","Freshwater","F7","F1",1578,"LITU",0.75,"D3_AM","1055","EDT","W","6306.90318036418","",NA,"",NA,""
"790","COMPASS","TEMPEST","2024","June","14","Freshwater","H5","F1",1578,"LITU",0.75,"D5_PM","1520","EDT","W","585.93604984179","","257979.917717898","","0.4mL",NA
"791","COMPASS","TEMPEST","2024","April","4","Freshwater","D6","F13",1519,"FAGR",0.8,NA,"1335","EDT","G","192.815759245539","","6525.31853309356","","",""
"792","COMPASS","TEMPEST","2024","June","14","Freshwater","D6","F13",1519,"FAGR",0.8,"D5_PM","1355","EDT","G","385.042248530277","","44437.1714271758","","",NA
"793","COMPASS","TEMPEST","2024","September","5","Freshwater","D6","F13",1519,"FAGR",0.8,NA,"1256","EDT","G","23751.1225021232","","60361.4502290173","",NA,""
"794","COMPASS","TEMPEST","2024","November","5","Freshwater","D6","F13",1519,"FAGR",0.8,NA,"1138","EST","G","5356.59770557762","","40525.2134711769","",NA,NA
"795","COMPASS","TEMPEST","2024","October","2","Freshwater","D6","F13",1519,"FAGR",0.8,NA,"1424","EDT","G","48.5156336803188","","16160.6578448498","",NA,""
"796","COMPASS","TEMPEST","2024","June","13","Freshwater","D6","F13",1519,"FAGR",0.8,"D4_PM","1507","EDT","W","723.780559631952","","81274.6536348641","","",NA
"797","COMPASS","TEMPEST","2024","August","6","Freshwater","D6","F13",1519,"FAGR",0.8,NA,"1158","EDT","G","13643.8613441915","","55837.5809852109","","",""
"798","COMPASS","TEMPEST","2024","June","14","Freshwater","D6","F13",1519,"FAGR",0.8,"D5_AM","1048","EDT",NA,NA,"",NA,"","no sample; pulled strong vaccuum",NA
"799","COMPASS","TEMPEST","2024","July","12","Freshwater","D6","F13",1519,"FAGR",0.8,NA,"1256","EDT","G","7006.56386492067","","70731.4684781732","","",""
"800","COMPASS","TEMPEST","2024","May","22","Freshwater","D6","F13",1519,"FAGR",0.8,NA,"1415","EDT","G","7342.07165418749","","74043.8019759715","","",""
"801","COMPASS","TEMPEST","2024","June","12","Freshwater","D6","F13",1519,"FAGR",0.8,"D3_AM","913","EDT",NA,NA,"",NA,"",NA,"no sample"
"802","COMPASS","TEMPEST","2024","June","13","Freshwater","D6","F13",1519,"FAGR",0.8,"D4_AM","907","EDT","G","974.626755509182","","71594.7459245663","","",""
"803","COMPASS","TEMPEST","2024","June","11","Freshwater","D6","F13",1519,"FAGR",0.8,"D2_PM","1352","EDT",NA,NA,"",NA,"",NA,""
"804","COMPASS","TEMPEST","2024","June","10","Freshwater","D6","F13",1519,"FAGR",0.8,"D1_PM","1336","EDT","G","117.557466980793","","22319.2450141545","","",NA
"805","COMPASS","TEMPEST","2024","June","12","Freshwater","D6","F13",1519,"FAGR",0.8,"D3_PM","1415","EDT","G","395.093272273261","","35235.990782953","","0.4 mL",""
"806","COMPASS","TEMPEST","2024","June","11","Freshwater","D6","F13",1519,"FAGR",0.8,"D2_AM","853","EDT","G","583.133361142062","","63879.170483656","","",NA
"807","COMPASS","TEMPEST","2024","August","6","Freshwater","D7","F14",1543,"FAGR",0.75,NA,"1159","EDT","G","112497.597014579","adl","71424.6945510713","","",""
"808","COMPASS","TEMPEST","2024","April","4","Freshwater","D7","F14",1543,"FAGR",0.75,NA,"1336","EDT","G","3106.6828231789","","19910.4426486647","","",""
"809","COMPASS","TEMPEST","2024","July","12","Freshwater","D7","F14",1543,"FAGR",0.75,NA,"1253","EDT","G","117997.359825338","adl","93868.0791796519","","",""
"810","COMPASS","TEMPEST","2024","June","13","Freshwater","D7","F14",1543,"FAGR",0.75,"D4_AM","948","EDT","G","62295.2835020165","","69034.1772276376","","",""
"811","COMPASS","TEMPEST","2024","September","5","Freshwater","D7","F14",1543,"FAGR",0.75,NA,"1256","EDT","G","116330.80718831","adl","57171.5257405805","",NA,""
"812","COMPASS","TEMPEST","2024","June","14","Freshwater","D7","F14",1543,"FAGR",0.75,"D5_PM","1400","EDT","G","75868.8205778071","adl","69928.8085764421","","",NA
"813","COMPASS","TEMPEST","2024","June","13","Freshwater","D7","F14",1543,"FAGR",0.75,"D4_PM","1424","EDT","W","79579.3853771264","adl","90050.0012605937","","",NA
"814","COMPASS","TEMPEST","2024","June","14","Freshwater","D7","F14",1543,"FAGR",0.75,"D5_AM","910","EDT","G","98810.884936297","adl","91954.5330966512","","",NA
"815","COMPASS","TEMPEST","2024","June","12","Freshwater","D7","F14",1543,"FAGR",0.75,"D3_PM","1433","EDT","G","62892.3413588579","","69605.8633816049","","",""
"816","COMPASS","TEMPEST","2024","October","2","Freshwater","D7","F14",1543,"FAGR",0.75,NA,"1426","EDT","G","5186.41036716359","","60024.8379006243","",NA,""
"817","COMPASS","TEMPEST","2024","June","12","Freshwater","D7","F14",1543,"FAGR",0.75,"D3_AM","917","EDT","G","60668.4326348453","",NA,"",NA,""
"818","COMPASS","TEMPEST","2024","June","11","Freshwater","D7","F14",1543,"FAGR",0.75,"D2_AM","1056","EDT","G","59504.9655848403","","92852.4526280046","","",NA
"819","COMPASS","TEMPEST","2024","June","11","Freshwater","D7","F14",1543,"FAGR",0.75,"D2_PM","1419","EDT","G","56869.222644316","",NA,"",NA,""
"820","COMPASS","TEMPEST","2024","June","10","Freshwater","D7","F14",1543,"FAGR",0.75,"D1_PM","1443","EDT","G","12134.2195564299","","89217.3195660825","","",NA
"821","COMPASS","TEMPEST","2024","November","5","Freshwater","D7","F14",1543,"FAGR",0.75,NA,"1141","EST","G","87926.8256955625","adl","56098.0730686463","",NA,NA
"822","COMPASS","TEMPEST","2024","May","22","Freshwater","D7","F14",1543,"FAGR",0.75,NA,"1416","EDT","G","77111.1461511582","adl","66316.971284457","","","checked"
"823","COMPASS","TEMPEST","2024","June","14","Freshwater","A6","F15",1516,"FAGR",0.85,"D5_PM","1330","EDT","G","6237.94225929351","","62436.9242365046","","",NA
"824","COMPASS","TEMPEST","2024","June","14","Freshwater","A6","F15",1516,"FAGR",0.85,"D5_AM","840","EDT","G","10827.6695879514","","84059.0543573407","","",NA
"825","COMPASS","TEMPEST","2024","April","4","Freshwater","A6","F15",1516,"FAGR",0.85,NA,"1337","EDT","G","577.897191220235","","10659.9981629965","","",""
"826","COMPASS","TEMPEST","2024","June","11","Freshwater","A6","F15",1516,"FAGR",0.85,"D2_AM","833","EDT","G","4340.95237227829","","51403.6849976482","","",NA
"827","COMPASS","TEMPEST","2024","June","13","Freshwater","A6","F15",1516,"FAGR",0.85,"D4_AM","845","EDT","G","1463.22254493132","","83273.5520077624","","",""
"828","COMPASS","TEMPEST","2024","September","5","Freshwater","A6","F15",1516,"FAGR",0.85,NA,"1253","EDT","G","13267.6655049576","","45313.5609124948","",NA,""
"829","COMPASS","TEMPEST","2024","June","10","Freshwater","A6","F15",1516,"FAGR",0.85,"D1_PM","1523","EDT","G","114.678461428832","","23128.1867069108","","",NA
"830","COMPASS","TEMPEST","2024","June","12","Freshwater","A6","F15",1516,"FAGR",0.85,"D3_PM","1350","EDT","G","2090.08164601129","","55542.2881904171","","",""
"831","COMPASS","TEMPEST","2024","August","6","Freshwater","A6","F15",1516,"FAGR",0.85,NA,"1157","EDT","G","22874.8096592297","","58622.1123489476","","",""
"832","COMPASS","TEMPEST","2024","June","13","Freshwater","A6","F15",1516,"FAGR",0.85,"D4_PM","1343","EDT","W","5487.81085373117","","82962.9741855431","","",NA
"833","COMPASS","TEMPEST","2024","October","2","Freshwater","A6","F15",1516,"FAGR",0.85,NA,"1428","EDT","G","1339.55141072485","","32170.8184483637","",NA,""
"834","COMPASS","TEMPEST","2024","June","12","Freshwater","A6","F15",1516,"FAGR",0.85,"D3_AM","843","EDT","G","3488.89485465758","",NA,"",NA,""
"835","COMPASS","TEMPEST","2024","June","11","Freshwater","A6","F15",1516,"FAGR",0.85,"D2_PM","1335","EDT","G","5401.13219100302","",NA,"",NA,""
"836","COMPASS","TEMPEST","2024","May","22","Freshwater","A6","F15",1516,"FAGR",0.85,NA,"1410","EDT","G","4627.6626989922","","82965.4012285265","","",""
"837","COMPASS","TEMPEST","2024","November","5","Freshwater","A6","F15",1516,"FAGR",0.85,NA,"1134","EST","G","16168.1750096973","","42936.6352303163","",NA,NA
"838","COMPASS","TEMPEST","2024","July","12","Freshwater","A6","F15",1516,"FAGR",0.85,NA,"1258","EDT","G","9137.97261121856","","91150.0006701927","","",""
"839","COMPASS","TEMPEST","2024","June","14","Freshwater","C5","F2",1576,"LITU",0.75,"D5_AM","1012","EDT","W","234.379464246057","","158697.802895174","","",NA
"840","COMPASS","TEMPEST","2024","June","12","Freshwater","G6","F2",1576,"LITU",0.75,"D3_PM","1618","EDT",NA,NA,"",NA,"","NO SAMPLE",""
"841","COMPASS","TEMPEST","2024","July","12","Freshwater","G6","F2",1576,"LITU",0.75,NA,"1249","EDT","G","70.6484297188826","","75151.0187584896","","sappy",""
"842","COMPASS","TEMPEST","2024","October","2","Freshwater","G6","F2",1576,"LITU",0.75,NA,"1422","EDT","G","60.2974379938668","","44865.5701222376","",NA,""
"843","COMPASS","TEMPEST","2024","May","22","Freshwater","G6","F2",1576,"LITU",0.75,NA,"1442","EDT","G","1644.07856330838","","122690.021004693","","",""
"844","COMPASS","TEMPEST","2024","September","5","Freshwater","G6","F2",1576,"LITU",0.75,NA,"1302","EDT","G","3149.40744988202","","217560.163266019","",NA,""
"845","COMPASS","TEMPEST","2024","June","13","Freshwater","C5","F2",1576,"LITU",0.75,"D4_AM","1050","EDT","W","1759.80173856866","","201839.727483142","","",""
"846","COMPASS","TEMPEST","2024","November","5","Freshwater","G6","F2",1576,"LITU",0.75,NA,"1143","EST","G","3815.95380470421","","99316.054802577","",NA,NA
"847","COMPASS","TEMPEST","2024","June","11","Freshwater","G6","F2",1576,"LITU",0.75,"D2_PM","1556","EDT","W","4950.28054988864","",NA,"",NA,""
"848","COMPASS","TEMPEST","2024","June","11","Freshwater","C5","F2",1576,"LITU",0.75,"D2_AM","1033","EDT","W","3346.34158544136","","295704.894730696","","",NA
"849","COMPASS","TEMPEST","2024","June","10","Freshwater","G6","F2",1576,"LITU",0.75,"D1_PM","1418","EDT","W","3048.5651669871","","292330.06813119","","",NA
"850","COMPASS","TEMPEST","2024","August","6","Freshwater","G6","F2",1576,"LITU",0.75,NA,"1100","EDT","G","10192.0560485726","","126534.360142374","","",""
"851","COMPASS","TEMPEST","2024","June","13","Freshwater","G6","F2",1576,"LITU",0.75,"D4_PM","1428","EDT","G","105.196397245501","","85573.1430142032","","",NA
"852","COMPASS","TEMPEST","2024","April","4","Freshwater","G6","F2",1576,"LITU",0.75,NA,"1331","EDT","G","1431.46047937885","","110774.047239971","","",""
"853","COMPASS","TEMPEST","2024","June","14","Freshwater","G6","F2",1576,"LITU",0.75,"D5_PM","1550","EDT","W","62.553916508694","","22702.9075581324","","",NA
"854","COMPASS","TEMPEST","2024","June","12","Freshwater","C5","F2",1576,"LITU",0.75,"D3_AM","1116","EDT","W","4411.73478441735","",NA,"",NA,""
"855","COMPASS","TEMPEST","2024","May","22","Freshwater","D5","F3",1552,"LITU",0.85,NA,"1419","EDT","G","306.426944912651","","65916.2376094994","","",""
"856","COMPASS","TEMPEST","2024","June","11","Freshwater","D5","F3",1552,"LITU",0.85,"D2_AM","1101","EDT","G","626.671490563161","","116008.01947778","","",NA
"857","COMPASS","TEMPEST","2024","July","12","Freshwater","D5","F3",1552,"LITU",0.85,NA,"1255","EDT","G","6379.93013901927","","108500.370366432","","sappy",""
"858","COMPASS","TEMPEST","2024","June","13","Freshwater","D5","F3",1552,"LITU",0.85,"D4_PM","1438","EDT","W","105.001348734412","","56500.4111916047","","",NA
"859","COMPASS","TEMPEST","2024","June","12","Freshwater","D5","F3",1552,"LITU",0.85,"D3_PM","1535","EDT","W","625.822802105227","","132005.034246723","","1.8 mL",""
"860","COMPASS","TEMPEST","2024","June","13","Freshwater","D5","F3",1552,"LITU",0.85,"D4_AM","926","EDT","G","298.379756947097","","51986.6685627941","","",""
"861","COMPASS","TEMPEST","2024","June","11","Freshwater","D5","F3",1552,"LITU",0.85,"D2_PM","1405","EDT","G","662.691305000924","",NA,"",NA,""
"862","COMPASS","TEMPEST","2024","November","5","Freshwater","D5","F3",1552,"LITU",0.85,NA,"1139","EST","G","1510.98054837247","","87772.9379194071","",NA,NA
"863","COMPASS","TEMPEST","2024","June","14","Freshwater","D5","F3",1552,"LITU",0.85,"D5_PM","1415","EDT","W","811.609745967477","","188275.166491184","","0.6mL ",NA
"864","COMPASS","TEMPEST","2024","October","2","Freshwater","D5","F3",1552,"LITU",0.85,NA,"1427","EDT","G","14.191697369815","","33060.5027166731","",NA,""
"865","COMPASS","TEMPEST","2024","June","14","Freshwater","D5","F3",1552,"LITU",0.85,"D5_AM","1036","EDT","G","418.092722359517","","171394.861549785","","pulled vaccuum; only got 1ml",NA
"866","COMPASS","TEMPEST","2024","June","10","Freshwater","D5","F3",1552,"LITU",0.85,"D1_PM","1451","EDT","W","488.348712172848","","118847.339455006","","",NA
"867","COMPASS","TEMPEST","2024","June","12","Freshwater","D5","F3",1552,"LITU",0.85,"D3_AM","936","EDT","W","767.765508255127","",NA,"",NA,""
"868","COMPASS","TEMPEST","2024","April","4","Freshwater","D5","F3",1552,"LITU",0.85,NA,"1334","EDT","G","306.832386065205","","81367.5866704471","","",""
"869","COMPASS","TEMPEST","2024","August","6","Freshwater","D5","F3",1552,"LITU",0.85,NA,"1103","EDT","G","585.881262292111","","94026.3728397427","","",""
"870","COMPASS","TEMPEST","2024","September","5","Freshwater","D5","F3",1552,"LITU",0.85,NA,"1258","EDT","G","2239.23313205151","","106369.445269749","",NA,""
"871","COMPASS","TEMPEST","2024","October","2","Freshwater","B5","F7_H",1520,"ACRU",1.3,NA,"1423","EDT","G","99.751972833029","","67069.5990821734","",NA,""
"872","COMPASS","TEMPEST","2024","June","11","Freshwater","B5","F7_H",1520,"ACRU",1.3,"D2_AM","823","EDT","G","1371.01318437152","","85007.7899934855","","",NA
"873","COMPASS","TEMPEST","2024","June","14","Freshwater","B5","F7_H",1520,"ACRU",1.3,"D5_PM","1315","EDT","G","4134.64326546845","","78022.3394659844","","",NA
"874","COMPASS","TEMPEST","2024","June","14","Freshwater","B5","F7_H",1520,"ACRU",1.3,"D5_AM","830","EDT","G","8.11100085100939","","-289.475192254066","","",NA
"875","COMPASS","TEMPEST","2024","June","13","Freshwater","B5","F7_H",1520,"ACRU",1.3,"D4_PM","1348","EDT","W","3460.06085472399","","98103.773659995","","",NA
"876","COMPASS","TEMPEST","2024","May","22","Freshwater","B5","F7_H",1520,"ACRU",1.3,NA,"1414","EDT","G","1419.55432416795","","72808.1135723875","","",""
"877","COMPASS","TEMPEST","2024","April","4","Freshwater","B5","F7_H",1520,"ACRU",1.3,NA,"1338","EDT","G","74.4050269617027","","41646.1463371423","","",""
"878","COMPASS","TEMPEST","2024","August","6","Freshwater","B5","F7_H",1520,"ACRU",1.3,NA,"1056","EDT","G","2339.33780666152","","70394.1091976442","","",""
"879","COMPASS","TEMPEST","2024","July","12","Freshwater","B5","F7_H",1520,"ACRU",1.3,NA,"1257","EDT","G","5397.50327045372","","106935.819592585","","lower well",""
"880","COMPASS","TEMPEST","2024","June","12","Freshwater","B5","F7_H",1520,"ACRU",1.3,"D3_AM","832","EDT","G","2662.74611187202","",NA,"",NA,""
"881","COMPASS","TEMPEST","2024","June","11","Freshwater","B5","F7_H",1520,"ACRU",1.3,"D2_PM","1324","EDT","G","2451.47736668264","",NA,"",NA,""
"882","COMPASS","TEMPEST","2024","June","13","Freshwater","B5","F7_H",1520,"ACRU",1.3,"D4_AM","840","EDT","G","2484.36708538217","","84370.8514979871","","",""
"883","COMPASS","TEMPEST","2024","June","10","Freshwater","B5","F7_H",1520,"ACRU",1.3,"D1_PM","1533","EDT","G","666.11385144099","","72187.0025588638","","",NA
"884","COMPASS","TEMPEST","2024","June","12","Freshwater","B5","F7_H",1520,"ACRU",1.3,"D3_PM","1333","EDT","G","2001.8141825734","","70746.1873934719","","",""
"885","COMPASS","TEMPEST","2024","June","14","Freshwater","B5","F7_L",1520,"ACRU",0.75,"D5_AM","920","EDT","G","2535.30552061659","","109772.781648688","","I think I forgot to do F7  low so sampmled it later",NA
"886","COMPASS","TEMPEST","2024","September","5","Freshwater","B5","F7_L",1520,"ACRU",0.75,NA,"1254","EDT","G","1897.1474242296","","48259.9053648457","",NA,""
"887","COMPASS","TEMPEST","2024","June","13","Freshwater","B5","F7_L",1520,"ACRU",0.75,"D4_AM","838","EDT","G","903.816520065445","","125107.84467683","","",""
"888","COMPASS","TEMPEST","2024","June","10","Freshwater","B5","F7_L",1520,"ACRU",0.75,"D1_PM","1532","EDT","G","170.141536260099","","100939.366160848","","",NA
"889","COMPASS","TEMPEST","2024","June","14","Freshwater","B5","F7_L",1520,"ACRU",0.75,"D5_PM","1316","EDT","G","1610.35650424594","","86491.5075252496","","",NA
"890","COMPASS","TEMPEST","2024","November","5","Freshwater","B5","F7_L",1520,"ACRU",0.75,NA,"1137","EST","G","672.359535430699","","43275.2884500424","",NA,NA
"891","COMPASS","TEMPEST","2024","June","11","Freshwater","B5","F7_L",1520,"ACRU",0.75,"D2_PM","1326","EDT","G","430.69420477009","",NA,"",NA,""
"892","COMPASS","TEMPEST","2024","June","12","Freshwater","B5","F7_L",1520,"ACRU",0.75,"D3_PM","1332","EDT","G","528.914906522214","","85570.3560006555","","",""
"893","COMPASS","TEMPEST","2024","June","11","Freshwater","B5","F7_L",1520,"ACRU",0.75,"D2_AM","825","EDT","G","329.118847170233","","105992.395349266","","",NA
"894","COMPASS","TEMPEST","2024","June","13","Freshwater","B5","F7_L",1520,"ACRU",0.75,"D4_PM","1349","EDT","W","974.975383583029","","109727.797508145","","",NA
"895","COMPASS","TEMPEST","2024","June","12","Freshwater","B5","F7_L",1520,"ACRU",0.75,"D3_AM","833","EDT","G","507.338957482543","",NA,"",NA,""
"896","COMPASS","TEMPEST","2024","October","2","Freshwater","B4","F8_H",1521,"ACRU",1.3,NA,"1425","EDT","G","602.446159440736","","89760.5782038741","",NA,""
"897","COMPASS","TEMPEST","2024","April","4","Freshwater","B4","F8_H",1521,"ACRU",1.3,NA,"1339","EDT","G","858.226570473612","","71878.3949298995","","",""
"898","COMPASS","TEMPEST","2024","June","12","Freshwater","B4","F8_H",1521,"ACRU",1.3,"D3_AM","853","EDT","G","4468.50267695085","",NA,"",NA,""
"899","COMPASS","TEMPEST","2024","June","13","Freshwater","B4","F8_H",1521,"ACRU",1.3,"D4_PM","1336","EDT","W","7082.59060932124","","108349.662855905","","",NA
"900","COMPASS","TEMPEST","2024","June","11","Freshwater","B4","F8_H",1521,"ACRU",1.3,"D2_PM","1341","EDT","G","3983.78988563528","",NA,"",NA,""
"901","COMPASS","TEMPEST","2024","June","14","Freshwater","B4","F8_H",1521,"ACRU",1.3,"D5_AM","1053","EDT","G","18368.3527916179","","236348.050212532","","",NA
"902","COMPASS","TEMPEST","2024","June","13","Freshwater","B4","F8_H",1521,"ACRU",1.3,"D4_AM","902","EDT","G","5970.72529676467","","87073.1659620673","","",""
"903","COMPASS","TEMPEST","2024","June","14","Freshwater","B4","F8_H",1521,"ACRU",1.3,"D5_PM","1340","EDT","G","8223.23710619656","","83980.3212246188","","",NA
"904","COMPASS","TEMPEST","2024","May","22","Freshwater","B4","F8_H",1521,"ACRU",1.3,NA,"1413","EDT","G","14193.7494542681","","96161.1626822372","","","checked"
"905","COMPASS","TEMPEST","2024","August","6","Freshwater","B4","F8_H",1521,"ACRU",1.3,NA,"1157","EDT","G","15107.3890860534","","106611.916361841","","",""
"906","COMPASS","TEMPEST","2024","June","12","Freshwater","B4","F8_H",1521,"ACRU",1.3,"D3_PM","1400","EDT","G","4404.92040775662","","70404.7346867947","","",""
"907","COMPASS","TEMPEST","2024","June","11","Freshwater","B4","F8_H",1521,"ACRU",1.3,"D2_AM","845","EDT","G","2583.76219485807","","77916.2342291044","","",NA
"908","COMPASS","TEMPEST","2024","June","10","Freshwater","B4","F8_H",1521,"ACRU",1.3,"D1_PM","1540","EDT","G","1370.23901764265","","83156.7308336145","","",NA
"909","COMPASS","TEMPEST","2024","July","12","Freshwater","B4","F8_H",1521,"ACRU",1.3,NA,"1258","EDT","G","29150.076252036","","133465.662835448","","lower well",""
"910","COMPASS","TEMPEST","2024","June","13","Freshwater","B4","F8_L",1521,"ACRU",0.8,"D4_PM","1338","EDT","W","6264.9286546395","","144484.295084538","","",NA
"911","COMPASS","TEMPEST","2024","June","11","Freshwater","B4","F8_L",1521,"ACRU",0.8,"D2_PM","1342","EDT","G","3281.45717714107","",NA,"",NA,""
"912","COMPASS","TEMPEST","2024","June","12","Freshwater","B4","F8_L",1521,"ACRU",0.8,"D3_PM","1402","EDT","G","3774.76870820142","","115207.545160832","","",""
"913","COMPASS","TEMPEST","2024","June","10","Freshwater","B4","F8_L",1521,"ACRU",0.8,"D1_PM","1542","EDT","G","1118.30945633758","","130204.453353358","","",NA
"914","COMPASS","TEMPEST","2024","June","14","Freshwater","B4","F8_L",1521,"ACRU",0.8,"D5_AM","1053","EDT","G","9880.69244217392","","136854.148744384","","",NA
"915","COMPASS","TEMPEST","2024","June","11","Freshwater","B4","F8_L",1521,"ACRU",0.8,"D2_AM","843","EDT","G","2172.35428740576","","133380.193714654","","",NA
"916","COMPASS","TEMPEST","2024","September","5","Freshwater","B4","F8_L",1521,"ACRU",0.8,NA,"1253","EDT","G","11359.8088604708","","73929.6810877933","",NA,""
"917","COMPASS","TEMPEST","2024","June","14","Freshwater","B4","F8_L",1521,"ACRU",0.8,"D5_PM","1341","EDT","G","8639.56358712515","","114494.200333887","","",NA
"918","COMPASS","TEMPEST","2024","June","12","Freshwater","B4","F8_L",1521,"ACRU",0.8,"D3_AM","852","EDT","G","4365.7511509605","",NA,"",NA,""
"919","COMPASS","TEMPEST","2024","June","13","Freshwater","B4","F8_L",1521,"ACRU",0.8,"D4_AM","903","EDT","G","5426.86550156223","","129260.581957043","","",""
"920","COMPASS","TEMPEST","2024","November","5","Freshwater","B4","F8_L",1521,"ACRU",0.8,NA,"1136","EST","G","4088.72019682388","","96066.9769398786","",NA,NA
"921","COMPASS","TEMPEST","2024","June","14","Freshwater","G3","F9_H",1592,"ACRU",1.3,"D5_AM","921","EDT","G","6483.90582146852","","85466.2349163978","","",NA
"922","COMPASS","TEMPEST","2024","June","10","Freshwater","G3","F9_H",1592,"ACRU",1.3,"D1_PM","1315","EDT","G","9.22065689913656","","35872.2772664077","","",NA
"923","COMPASS","TEMPEST","2024","April","4","Freshwater","G3","F9_H",1592,"ACRU",1.3,NA,"1332","EDT","G","10.3562827271088","","15080.9515248398","","",""
"924","COMPASS","TEMPEST","2024","June","12","Freshwater","G3","F9_H",1592,"ACRU",1.3,"D3_PM","1525","EDT","G","56.7512233037997","","77161.3700151854","","",""
"925","COMPASS","TEMPEST","2024","June","14","Freshwater","G3","F9_H",1592,"ACRU",1.3,"D5_PM","1301","EDT","G","107.061548632789","","97462.6734498558","","",NA
"926","COMPASS","TEMPEST","2024","May","22","Freshwater","G3","F9_H",1592,"ACRU",1.3,NA,"1422","EDT","G","294.307541811973","","72892.1004136924","","",""
"927","COMPASS","TEMPEST","2024","October","2","Freshwater","G3","F9_H",1592,"ACRU",1.3,NA,"1422","EDT","G","9.31646799869167","","23065.5767133686","",NA,""
"928","COMPASS","TEMPEST","2024","June","13","Freshwater","G3","F9_H",1592,"ACRU",1.3,"D4_PM","1502","EDT","W","105.623065863508","","82303.1051810438","","",NA
"929","COMPASS","TEMPEST","2024","June","12","Freshwater","G3","F9_H",1592,"ACRU",1.3,"D3_AM","1032","EDT","G","11.8019965672356","",NA,"",NA,""
"930","COMPASS","TEMPEST","2024","August","6","Freshwater","G3","F9_H",1592,"ACRU",1.3,NA,"1102","EDT","G","1034.62952066364","","46783.4884576268","","",""
"931","COMPASS","TEMPEST","2024","June","11","Freshwater","G3","F9_H",1592,"ACRU",1.3,"D2_AM","942","EDT","G","21.9142451994622","","62472.9781010917","","",NA
"932","COMPASS","TEMPEST","2024","July","12","Freshwater","G3","F9_H",1592,"ACRU",1.3,NA,"1251","EDT","G","656.976444584009","","57976.7009772268","","lower well",""
"933","COMPASS","TEMPEST","2024","June","13","Freshwater","G3","F9_H",1592,"ACRU",1.3,"D4_AM","1010","EDT","G","3357.75788327601","","87934.3531482997","","",""
"934","COMPASS","TEMPEST","2024","June","11","Freshwater","G3","F9_H",1592,"ACRU",1.3,"D2_PM","1505","EDT",NA,NA,"",NA,"",NA,""
"935","COMPASS","TEMPEST","2024","June","13","Freshwater","G3","F9_L",1592,"ACRU",0.9,"D4_PM","1503","EDT","W","74.4396851531728","","66777.3059132323","","",NA
"936","COMPASS","TEMPEST","2024","June","11","Freshwater","G3","F9_L",1592,"ACRU",0.9,"D2_AM","940","EDT","G","32.8070130142746","","57592.3508711526","","",NA
"937","COMPASS","TEMPEST","2024","June","13","Freshwater","G3","F9_L",1592,"ACRU",0.9,"D4_AM","1011","EDT","G","275.412794766381","","71606.1988083638","","",""
"938","COMPASS","TEMPEST","2024","September","5","Freshwater","G3","F9_L",1592,"ACRU",0.9,NA,"1259","EDT","G","1066.96531632235","","49728.060732298","",NA,""
"939","COMPASS","TEMPEST","2024","June","12","Freshwater","G3","F9_L",1592,"ACRU",0.9,"D3_AM","1033","EDT","G","78.660032578869","",NA,"",NA,""
"940","COMPASS","TEMPEST","2024","June","14","Freshwater","G3","F9_L",1592,"ACRU",0.9,"D5_PM","1303","EDT","G","79.8766623997754","","53248.6631348519","","",NA
"941","COMPASS","TEMPEST","2024","June","12","Freshwater","G3","F9_L",1592,"ACRU",0.9,"D3_PM","1521","EDT","G","77.9017962250005","","65955.5723875342","","",""
"942","COMPASS","TEMPEST","2024","June","10","Freshwater","G3","F9_L",1592,"ACRU",0.9,"D1_PM","1315","EDT","G","12.4379764250842","","38863.247883085","","",NA
"943","COMPASS","TEMPEST","2024","November","5","Freshwater","G3","F9_L",1592,"ACRU",0.9,NA,"1145","EST","G","445.590503360852","","36957.9481779309","",NA,NA
"944","COMPASS","TEMPEST","2024","June","11","Freshwater","G3","F9_L",1592,"ACRU",0.9,"D2_PM","1500","EDT","G","43.1994864509125","",NA,"",NA,""
"945","COMPASS","TEMPEST","2024","June","14","Freshwater","G3","F9_L",1592,"ACRU",0.9,"D5_AM","921","EDT","G","602.948007012388","","75699.8426919487","","",NA
"946","COMPASS","TEMPEST","2024","June","14","Saltwater","F7","S1",1771,"LITU",0.8,"D5_PM","1526","EDT","G","29441.4260245656","","125094.737003738","","",NA
"947","COMPASS","TEMPEST","2024","June","12","Saltwater","F7","S1",1771,"LITU",0.8,"D3_PM","1456","EDT","W","823.096823372023","","61962.0868033191","","",""
"948","COMPASS","TEMPEST","2024","June","14","Saltwater","F7","S1",1771,"LITU",0.8,"D5_AM","1011","EDT","W","1433.13723337335","","58051.2535896272","","",NA
"949","COMPASS","TEMPEST","2024","May","22","Saltwater","F7","S1",1771,"LITU",0.8,NA,"1328","EDT","G","2340.51430115869","","51546.6836593414","","",""
"950","COMPASS","TEMPEST","2024","June","11","Saltwater","F7","S1",1771,"LITU",0.8,"D2_PM","1556","EDT","G","3758.92785049697","",NA,"",NA,""
"951","COMPASS","TEMPEST","2024","June","13","Saltwater","F7","S1",1771,"LITU",0.8,"D4_PM","1520","EDT","W","6113.77901640019","","92189.0341584362","","",NA
"952","COMPASS","TEMPEST","2024","July","12","Saltwater","F7","S1",1771,"LITU",0.8,NA,"1316","EDT","G","7567.71303015578","","69575.2497796672","","sappy",""
"953","COMPASS","TEMPEST","2024","June","10","Saltwater","F7","S1",1771,"LITU",0.8,"D1_PM","1326","EDT","G","160.676248098438","","8124.85854227641","","",NA
"954","COMPASS","TEMPEST","2024","June","13","Saltwater","F7","S1",1771,"LITU",0.8,"D4_AM","927","EDT","W","6324.17374142678","","107799.321913429","","1.8 mL gas",""
"955","COMPASS","TEMPEST","2024","June","11","Saltwater","F7","S1",1771,"LITU",0.8,"D2_AM","1025","EDT","G","6.16804656393713","","6132.44139719157","","",NA
"956","COMPASS","TEMPEST","2024","September","5","Saltwater","F7","S1",1771,"LITU",0.8,NA,"1332","EDT","G","12296.8973648786","","58526.4134525071","",NA,""
"957","COMPASS","TEMPEST","2024","June","12","Saltwater","F7","S1",1771,"LITU",0.8,"D3_AM","1058","EDT","W","409.011817606287","",NA,"",NA,""
"958","COMPASS","TEMPEST","2024","August","6","Saltwater","F7","S1",1771,"LITU",0.8,NA,"1202","EDT","G","35760.2065658485","","58636.178057946","","",""
"959","COMPASS","TEMPEST","2024","November","5","Saltwater","F7","S1",1771,"LITU",0.8,NA,"1216","EST","G","13495.9517085745","","70023.4984052227","",NA,NA
"960","COMPASS","TEMPEST","2024","October","2","Saltwater","F7","S1",1771,"LITU",0.8,NA,"1337","EDT","G","339.67129633719","","9789.1213200867","",NA,""
"961","COMPASS","TEMPEST","2024","April","4","Saltwater","F7","S1",1771,"LITU",0.8,NA,"1413","EDT","G","21402.6462223623","","6719.71875377368","","","checked"
"962","COMPASS","TEMPEST","2024","September","5","Saltwater","A2","S13",1848,"FAGR",0.8,NA,"1325","EDT","G","50665.0507622625","","65533.2228325014","",NA,""
"963","COMPASS","TEMPEST","2024","June","13","Saltwater","A2","S13",1848,"FAGR",0.8,"D4_AM","1206","EDT","G","34280.9001756073","","82708.2237284507","","",""
"964","COMPASS","TEMPEST","2024","August","6","Saltwater","A2","S13",1848,"FAGR",0.8,NA,"1156","EDT","G","53143.2542531767","","69015.9745454043","","",""
"965","COMPASS","TEMPEST","2024","April","4","Saltwater","A2","S13",1848,"FAGR",0.8,NA,"1418","EDT","G","49924.1898655545","","33039.1467620218","","",""
"966","COMPASS","TEMPEST","2024","June","11","Saltwater","A2","S13",1848,"FAGR",0.8,"D2_AM","848","EDT","G","19509.324508915","","68255.7896770606","","",NA
"967","COMPASS","TEMPEST","2024","June","14","Saltwater","A2","S13",1848,"FAGR",0.8,"D5_AM","910","EDT","G","38754.2761126562","","80238.1458776481","","",NA
"968","COMPASS","TEMPEST","2024","June","12","Saltwater","A2","S13",1848,"FAGR",0.8,"D3_AM","940","EDT","G","29563.1796196238","",NA,"",NA,""
"969","COMPASS","TEMPEST","2024","June","13","Saltwater","A2","S13",1848,"FAGR",0.8,"D4_PM","1345","EDT","G","35977.3114707994","","84154.0741004818","","",NA
"970","COMPASS","TEMPEST","2024","June","10","Saltwater","A2","S13",1848,"FAGR",0.8,"D1_PM","1518","EDT","G","10961.4691602683","","54520.4086076308","","",NA
"971","COMPASS","TEMPEST","2024","October","2","Saltwater","A2","S13",1848,"FAGR",0.8,NA,"1345","EDT","G","3556.6874853363","","38413.008180438","",NA,""
"972","COMPASS","TEMPEST","2024","June","11","Saltwater","A2","S13",1848,"FAGR",0.8,"D2_PM","1425","EDT","G","23613.544251453","",NA,"",NA,""
"973","COMPASS","TEMPEST","2024","July","12","Saltwater","A2","S13",1848,"FAGR",0.8,NA,"1306","EDT","G","59447.4440639615","","90006.3670797379","","",""
"974","COMPASS","TEMPEST","2024","June","12","Saltwater","A2","S13",1848,"FAGR",0.8,"D3_PM","1402","EDT","G","28272.3469714454","","69252.3916790034","","",""
"975","COMPASS","TEMPEST","2024","November","5","Saltwater","A2","S13",1848,"FAGR",0.8,NA,"1211","EST","G","36654.7057411843","","47250.4282740991","",NA,NA
"976","COMPASS","TEMPEST","2024","June","14","Saltwater","A2","S13",1848,"FAGR",0.8,"D5_PM","1345","EDT","G","38875.3404393376","","82191.8423745701","","",NA
"977","COMPASS","TEMPEST","2024","May","22","Saltwater","A2","S13",1848,"FAGR",0.8,NA,"1321","EDT","G","75016.8065569225","adl","70405.1567239424","","",""
"978","COMPASS","TEMPEST","2024","June","12","Saltwater","I2","S14",1851,"FAGR",0.85,"D3_AM","824","EDT","G","7076.42881041096","",NA,"",NA,""
"979","COMPASS","TEMPEST","2024","June","11","Saltwater","I2","S14",1851,"FAGR",0.85,"D2_PM","1359","EDT","G","6929.01543570264","",NA,"",NA,""
"980","COMPASS","TEMPEST","2024","June","10","Saltwater","I2","S14",1851,"FAGR",0.85,"D1_PM","1454","EDT","G","789.030540991491","","30694.1176242555","","",NA
"981","COMPASS","TEMPEST","2024","September","5","Saltwater","I2","S14",1851,"FAGR",0.85,NA,"1330","EDT","G","4987.98589564704","","61318.3897916751","",NA,""
"982","COMPASS","TEMPEST","2024","June","14","Saltwater","I2","S14",1851,"FAGR",0.85,"D5_AM","840","EDT","G","7792.41027982608","","86605.3396098376","","",NA
"983","COMPASS","TEMPEST","2024","May","22","Saltwater","I2","S14",1851,"FAGR",0.85,NA,"1325","EDT","G","1869.4262829245","","72328.7609466705","","",""
"984","COMPASS","TEMPEST","2024","July","12","Saltwater","I2","S14",1851,"FAGR",0.85,NA,"1309","EDT","G","3238.23010254978","","67188.3904115147","","",""
"985","COMPASS","TEMPEST","2024","June","13","Saltwater","I2","S14",1851,"FAGR",0.85,"D4_PM","1404","EDT","G","5753.34923664518","","75270.5119643463","","",NA
"986","COMPASS","TEMPEST","2024","November","5","Saltwater","I2","S14",1851,"FAGR",0.85,NA,"1214","EST","G","10786.6059225349","","40035.0228184994","",NA,NA
"987","COMPASS","TEMPEST","2024","August","6","Saltwater","I2","S14",1851,"FAGR",0.85,NA,"1203","EDT","G","20591.8509980151","","64755.9807906924","","",""
"988","COMPASS","TEMPEST","2024","April","4","Saltwater","I2","S14",1851,"FAGR",0.85,NA,"1416","EDT","G","52.7413199725167","","5403.63586640379","","",""
"989","COMPASS","TEMPEST","2024","October","2","Saltwater","I2","S14",1851,"FAGR",0.85,NA,"1342","EDT","G","8810.56304024685","","54534.7991383042","",NA,""
"990","COMPASS","TEMPEST","2024","June","14","Saltwater","I2","S14",1851,"FAGR",0.85,"D5_PM","1540","EDT","G","6167.04163879359","","74010.2592757558","","",NA
"991","COMPASS","TEMPEST","2024","June","13","Saltwater","I2","S14",1851,"FAGR",0.85,"D4_AM","1112","EDT","G","5311.39213621334","","60093.699049208","","",""
"992","COMPASS","TEMPEST","2024","June","12","Saltwater","I2","S14",1851,"FAGR",0.85,"D3_PM","1435","EDT","G","45.1580274259542","","90306.27586572","","",""
"993","COMPASS","TEMPEST","2024","June","11","Saltwater","I2","S14",1851,"FAGR",0.85,"D2_AM","1111","EDT","G","21041.5463228486","","169454.07919848","","",NA
"994","COMPASS","TEMPEST","2024","June","14","Saltwater","E4","S15",1829,"FAGR",0.75,"D5_AM","948","EDT","G","127.310022190203","","78386.0011868696","","",NA
"995","COMPASS","TEMPEST","2024","August","6","Saltwater","E4","S15",1829,"FAGR",0.75,NA,"1204","EDT","G","3157.76157824537","","53538.556090897","","",""
"996","COMPASS","TEMPEST","2024","July","12","Saltwater","E4","S15",1829,"FAGR",0.75,NA,"1307","EDT","G","4112.95085198459","","61351.4260067709","","",""
"997","COMPASS","TEMPEST","2024","September","5","Saltwater","E4","S15",1829,"FAGR",0.75,NA,"1327","EDT","G","8134.54706596534","","65444.6826229004","",NA,""
"998","COMPASS","TEMPEST","2024","April","4","Saltwater","E4","S15",1829,"FAGR",0.75,NA,"1419","EDT","G","2802.78421596579","","9012.34480577501","","",""
"999","COMPASS","TEMPEST","2024","June","12","Saltwater","E4","S15",1829,"FAGR",0.75,"D3_PM","1550","EDT","G","97.9674118032694","","73871.6053517589","","",""
"1000","COMPASS","TEMPEST","2024","June","13","Saltwater","E4","S15",1829,"FAGR",0.75,"D4_AM","1134","EDT","G","200.465404380478","","57866.9187717003","","",""
"1001","COMPASS","TEMPEST","2024","October","2","Saltwater","E4","S15",1829,"FAGR",0.75,NA,"1341","EDT","G","145.671990433419","","16641.4366406539","",NA,""
"1002","COMPASS","TEMPEST","2024","June","11","Saltwater","E4","S15",1829,"FAGR",0.75,"D2_AM","925","EDT","G","230.370197010347","","72920.8522049444","","",NA
"1003","COMPASS","TEMPEST","2024","June","13","Saltwater","E4","S15",1829,"FAGR",0.75,"D4_PM","1353","EDT","G","1875.75285350024","","60913.4294089187","","",NA
"1004","COMPASS","TEMPEST","2024","November","5","Saltwater","E4","S15",1829,"FAGR",0.75,NA,"1212","EST","G","25.2421558511563","","41182.9600517564","",NA,NA
"1005","COMPASS","TEMPEST","2024","June","10","Saltwater","E4","S15",1829,"FAGR",0.75,"D1_PM","1556","EDT","G","84.382950943885","","37499.9692282691","","",NA
"1006","COMPASS","TEMPEST","2024","June","11","Saltwater","E4","S15",1829,"FAGR",0.75,"D2_PM","1333","EDT","G","124.754384428114","",NA,"",NA,""
"1007","COMPASS","TEMPEST","2024","June","14","Saltwater","E4","S15",1829,"FAGR",0.75,"D5_PM","1414","EDT","G","297.623943966628","","84090.5824480988","","",NA
"1008","COMPASS","TEMPEST","2024","May","22","Saltwater","E4","S15",1829,"FAGR",0.75,NA,"1335","EDT","G","92.5731737437312","","60863.4835304457","","",""
"1009","COMPASS","TEMPEST","2024","June","12","Saltwater","E4","S15",1829,"FAGR",0.75,"D3_AM","924","EDT","G","101.452985006056","",NA,"",NA,""
"1010","COMPASS","TEMPEST","2024","May","22","Saltwater","C5","S2",1790,"LITU",0.8,NA,"1355","EDT","G","93.4059717868158","","10061.4370757027","","",""
"1011","COMPASS","TEMPEST","2024","June","14","Saltwater","C5","S2",1790,"LITU",0.8,"D5_PM","1543","EDT","G","809.187426424996","","183018.807260242","","",NA
"1012","COMPASS","TEMPEST","2024","June","14","Saltwater","C5","S2",1790,"LITU",0.8,"D5_AM","916","EDT","G","108.74384204093","","92096.3224108893","","",NA
"1013","COMPASS","TEMPEST","2024","September","5","Saltwater","C5","S2",1790,"LITU",0.8,NA,"1335","EDT","G","87.1228072240239","","109955.512677956","",NA,""
"1014","COMPASS","TEMPEST","2024","June","11","Saltwater","C5","S2",1790,"LITU",0.8,"D2_PM","1521","EDT","G","112.871251805144","",NA,"",NA,""
"1015","COMPASS","TEMPEST","2024","June","13","Saltwater","C5","S2",1790,"LITU",0.8,"D4_AM","824","EDT","G","471.375595750994","","111438.196431772","","",""
"1016","COMPASS","TEMPEST","2024","June","12","Saltwater","C5","S2",1790,"LITU",0.8,"D3_AM","909","EDT","G","44.405232181605","",NA,"",NA,""
"1017","COMPASS","TEMPEST","2024","June","12","Saltwater","C5","S2",1790,"LITU",0.8,"D3_PM","1346","EDT","G","82.4001025119879","","96784.5146689498","","",""
"1018","COMPASS","TEMPEST","2024","June","11","Saltwater","C5","S2",1790,"LITU",0.8,"D2_AM","840","EDT","G","132.467054029634","","62966.6934833886","","",NA
"1019","COMPASS","TEMPEST","2024","April","4","Saltwater","C5","S2",1790,"LITU",0.8,NA,"1415","EDT","G","37.7838288039588","","3485.56470008414","","",""
"1020","COMPASS","TEMPEST","2024","June","13","Saltwater","C5","S2",1790,"LITU",0.8,"D4_PM","1456","EDT","G","109.328987574197","","91266.1407503748","","",NA
"1021","COMPASS","TEMPEST","2024","June","10","Saltwater","C5","S2",1790,"LITU",0.8,"D1_PM","1533","EDT","G","14.8866530608736","","21756.0679901893","","",NA
"1022","COMPASS","TEMPEST","2024","July","12","Saltwater","C5","S2",1790,"LITU",0.8,NA,"1306","EDT","G","351.640191006305","","129495.126565914","","",""
"1023","COMPASS","TEMPEST","2024","October","2","Saltwater","C5","S2",1790,"LITU",0.8,NA,"1338","EDT","G","23.5010639308647","","28289.910882723","",NA,""
"1024","COMPASS","TEMPEST","2024","November","5","Saltwater","C5","S2",1790,"LITU",0.8,NA,"1221","EST","G","67.8375801621661","","88236.115377515","",NA,NA
"1025","COMPASS","TEMPEST","2024","August","6","Saltwater","C5","S2",1790,"LITU",0.8,NA,"1158","EDT","G","456.771338483213","","112065.492215432","","",""
"1026","COMPASS","TEMPEST","2024","June","11","Saltwater","E5","S3",1783,"LITU",0.75,"D2_PM","1508","EDT","G","26.6531685321322","",NA,"",NA,""
"1027","COMPASS","TEMPEST","2024","June","13","Saltwater","E5","S3",1783,"LITU",0.75,"D4_AM","1041","EDT","G","196.064622349035","","99446.9400016288","","",""
"1028","COMPASS","TEMPEST","2024","June","14","Saltwater","E5","S3",1783,"LITU",0.75,"D5_PM","1528","EDT","G","2142.95690387819","","111245.848949895","","",NA
"1029","COMPASS","TEMPEST","2024","April","4","Saltwater","E5","S3",1783,"LITU",0.75,NA,"1414","EDT","G","1319.29557625367","","19563.8420852855","","",""
"1030","COMPASS","TEMPEST","2024","August","6","Saltwater","E5","S3",1783,"LITU",0.75,NA,"1159","EDT","G","42.683349441514","","111039.000288153","","",""
"1031","COMPASS","TEMPEST","2024","June","12","Saltwater","E5","S3",1783,"LITU",0.75,"D3_PM","1526","EDT","G","23.6295480145187","","98470.6578652947","","",""
"1032","COMPASS","TEMPEST","2024","September","5","Saltwater","E5","S3",1783,"LITU",0.75,NA,"1334","EDT","G","497.605512583627","","113742.800202151","",NA,""
"1033","COMPASS","TEMPEST","2024","June","13","Saltwater","E5","S3",1783,"LITU",0.75,"D4_PM","1444","EDT","G","196.905769053105","","114826.595246534","","",NA
"1034","COMPASS","TEMPEST","2024","June","14","Saltwater","E5","S3",1783,"LITU",0.75,"D5_AM","939","EDT","G","33.4307356967351","","108065.431021128","","",NA
"1035","COMPASS","TEMPEST","2024","June","12","Saltwater","E5","S3",1783,"LITU",0.75,"D3_AM","1041","EDT","G","425.740478334353","",NA,"",NA,""
"1036","COMPASS","TEMPEST","2024","October","2","Saltwater","E5","S3",1783,"LITU",0.75,NA,"1339","EDT","G","6.61187646661612","","26652.273852796","",NA,""
"1037","COMPASS","TEMPEST","2024","May","22","Saltwater","E5","S3",1783,"LITU",0.75,NA,"1330","EDT","G","17.292613796484","","93251.6834236215","","",""
"1038","COMPASS","TEMPEST","2024","June","10","Saltwater","E5","S3",1783,"LITU",0.75,"D1_PM","1356","EDT","G","6.80492210149672","","60199.2145726351","","",NA
"1039","COMPASS","TEMPEST","2024","November","5","Saltwater","E5","S3",1783,"LITU",0.75,NA,"1218","EST","G","8365.828503203","","65767.3554718019","",NA,NA
"1040","COMPASS","TEMPEST","2024","June","11","Saltwater","E5","S3",1783,"LITU",0.75,"D2_AM","1015","EDT","G","16.0286367833943","","114050.796569766","","",NA
"1041","COMPASS","TEMPEST","2024","July","12","Saltwater","E5","S3",1783,"LITU",0.75,NA,"1312","EDT","G","133.831956779738","","156507.994094259","","",""
"1042","COMPASS","TEMPEST","2024","June","11","Saltwater","D7","S7_H",1733,"ACRU",1.2,"D2_PM","1539","EDT","G","470901.780972702","adl",NA,"",NA,""
"1043","COMPASS","TEMPEST","2024","June","14","Saltwater","D7","S7_H",1733,"ACRU",1.2,"D5_AM","927","EDT","G","373169.571030809","adl","86370.5772655325","","",NA
"1044","COMPASS","TEMPEST","2024","June","12","Saltwater","D7","S7_H",1733,"ACRU",1.2,"D3_AM","958","EDT","W","32516.1309440348","",NA,"",NA,""
"1045","COMPASS","TEMPEST","2024","June","12","Saltwater","D7","S7_H",1733,"ACRU",1.2,"D3_PM","1338","EDT","W","23741.2537199483","","32649.1927976667","","",""
"1046","COMPASS","TEMPEST","2024","April","4","Saltwater","D7","S7_H",1733,"ACRU",1.2,NA,"1411","EDT","G","374585.885108531","adl","22183.0423397845","","","checked"
"1047","COMPASS","TEMPEST","2024","June","10","Saltwater","D7","S7_H",1733,"ACRU",1.2,"D1_PM","1546","EDT","G","265976.298056231","adl","74409.2198108567","","",NA
"1048","COMPASS","TEMPEST","2024","June","13","Saltwater","D7","S7_H",1733,"ACRU",1.2,"D4_PM","1627","EDT","G","361729.172929534","adl","67994.6647214405","","",NA
"1049","COMPASS","TEMPEST","2024","June","13","Saltwater","D7","S7_H",1733,"ACRU",1.2,"D4_AM","853","EDT","W","413405.744181343","adl","86253.3485081833","","",""
"1050","COMPASS","TEMPEST","2024","June","14","Saltwater","D7","S7_H",1733,"ACRU",1.2,"D5_PM","1431","EDT","G","346981.172433705","adl","68370.8680032903","","",NA
"1051","COMPASS","TEMPEST","2024","June","11","Saltwater","D7","S7_H",1733,"ACRU",1.2,"D2_AM","1041","EDT","G","416718.901955676","adl","75734.5650544908","","",NA
"1052","COMPASS","TEMPEST","2024","May","22","Saltwater","D7","S7_H",1733,"ACRU",1.2,NA,"1356","EDT","G","406855.820379197","adl","52521.3687080148","","","checked"
"1053","COMPASS","TEMPEST","2024","June","11","Saltwater","D7","S7_L",1733,"ACRU",0.75,"D2_PM","1543","EDT","G","458768.267812933","adl",NA,"",NA,""
"1054","COMPASS","TEMPEST","2024","June","12","Saltwater","D7","S7_L",1733,"ACRU",0.75,"D3_PM","1326","EDT","G","385269.056961768","adl","94875.2797475306","","",""
"1055","COMPASS","TEMPEST","2024","June","13","Saltwater","D7","S7_L",1733,"ACRU",0.75,"D4_AM","850","EDT","G","321885.245098531","adl","76908.6227240804","","First 2 times got water but not enough gas; third was only gas",""
"1056","COMPASS","TEMPEST","2024","June","10","Saltwater","D7","S7_L",1733,"ACRU",0.75,"D1_PM","1545","EDT","G","38283.3164763221","","32533.4315375571","","",NA
"1057","COMPASS","TEMPEST","2024","August","6","Saltwater","D7","S7_L",1733,"ACRU",0.75,NA,"1200","EDT","G","413010.529067108","adl","77752.91364068","","",""
"1058","COMPASS","TEMPEST","2024","June","12","Saltwater","D7","S7_L",1733,"ACRU",0.75,"D3_AM","949","EDT","G","36.7930543155463","",NA,"",NA,""
"1059","COMPASS","TEMPEST","2024","October","2","Saltwater","D7","S7_L",1733,"ACRU",0.75,NA,"1336","EDT","G","5675.54003583782","","8927.0192792348","",NA,""
"1060","COMPASS","TEMPEST","2024","June","14","Saltwater","D7","S7_L",1733,"ACRU",0.75,"D5_PM","1431","EDT","W","242661.142247648","adl","100435.415322234","","",NA
"1061","COMPASS","TEMPEST","2024","September","5","Saltwater","D7","S7_L",1733,"ACRU",0.75,NA,"1336","EDT","G","365537.981986329","adl","53783.907630991","",NA,""
"1062","COMPASS","TEMPEST","2024","June","14","Saltwater","D7","S7_L",1733,"ACRU",0.75,"D5_AM","929","EDT","W","7461.61388634812","","51552.3734673099","","",NA
"1063","COMPASS","TEMPEST","2024","June","13","Saltwater","D7","S7_L",1733,"ACRU",0.75,"D4_PM","1625","EDT","W","196166.617421965","adl","67939.1421859204","","",NA
"1064","COMPASS","TEMPEST","2024","November","5","Saltwater","D7","S7_L",1733,"ACRU",0.75,NA,"1217","EST","G","176214.37826661","adl","36286.8597146677","",NA,NA
"1065","COMPASS","TEMPEST","2024","July","12","Saltwater","D7","S7_L",1733,"ACRU",0.75,NA,"1304","EDT","G","464594.468548481","adl","87558.1063193632","","low",""
"1066","COMPASS","TEMPEST","2024","June","11","Saltwater","D7","S7_L",1733,"ACRU",0.75,"D2_AM","1043","EDT","G","399632.211983745","adl","80619.1765376831","","",NA
"1067","COMPASS","TEMPEST","2024","June","11","Saltwater","C6","S8_H",1788,"ACRU",1.2,"D2_PM","1529","EDT","G","10213.2331997211","",NA,"",NA,""
"1068","COMPASS","TEMPEST","2024","June","12","Saltwater","C6","S8_H",1788,"ACRU",1.2,"D3_AM","843","EDT","G","10881.2517605539","",NA,"",NA,""
"1069","COMPASS","TEMPEST","2024","June","13","Saltwater","C6","S8_H",1788,"ACRU",1.2,"D4_AM","814","EDT","G","11602.7989176237","","132440.695056203","","",""
"1070","COMPASS","TEMPEST","2024","June","10","Saltwater","C6","S8_H",1788,"ACRU",1.2,"D1_PM","1549","EDT","G","1869.6663162252","","102713.728445594","","",NA
"1071","COMPASS","TEMPEST","2024","June","14","Saltwater","C6","S8_H",1788,"ACRU",1.2,"D5_PM","1322","EDT","G","13058.0499707694","","147452.812889508","","",NA
"1072","COMPASS","TEMPEST","2024","May","22","Saltwater","C6","S8_H",1788,"ACRU",1.2,NA,"1336","EDT","G","1869.02597991549","","57643.2859921745","","",""
"1073","COMPASS","TEMPEST","2024","April","4","Saltwater","C6","S8_H",1788,"ACRU",1.2,NA,"1412","EDT","G","133.687098186536","","7304.44720004623","","",""
"1074","COMPASS","TEMPEST","2024","June","12","Saltwater","C6","S8_H",1788,"ACRU",1.2,"D3_PM","1352","EDT","G","10616.7496032735","","112495.563243508","","",""
"1075","COMPASS","TEMPEST","2024","June","13","Saltwater","C6","S8_H",1788,"ACRU",1.2,"D4_PM","1602","EDT","G","12660.2911628109","","133236.039047371","","",NA
"1076","COMPASS","TEMPEST","2024","June","11","Saltwater","C6","S8_H",1788,"ACRU",1.2,"D2_AM","827","EDT","G","9161.80079102921","","128081.55191423","","",NA
"1077","COMPASS","TEMPEST","2024","June","14","Saltwater","C6","S8_H",1788,"ACRU",1.2,"D5_AM","822","EDT","G","12163.3153874655","","144195.447258573","","",NA
"1078","COMPASS","TEMPEST","2024","June","12","Saltwater","C6","S8_L",1788,"ACRU",0.8,"D3_AM","849","EDT","G","577.649913344612","",NA,"",NA,""
"1079","COMPASS","TEMPEST","2024","June","10","Saltwater","C6","S8_L",1788,"ACRU",0.8,"D1_PM","1548","EDT","G","4676.86219395427","","26348.5839067537","","",NA
"1080","COMPASS","TEMPEST","2024","June","13","Saltwater","C6","S8_L",1788,"ACRU",0.8,"D4_AM","813","EDT","G","377.350022874209","","49547.8575202295","","",""
"1081","COMPASS","TEMPEST","2024","September","5","Saltwater","C6","S8_L",1788,"ACRU",0.8,NA,"1338","EDT","G","31660.5598345646","","54629.972516761","",NA,""
"1082","COMPASS","TEMPEST","2024","November","5","Saltwater","C6","S8_L",1788,"ACRU",0.8,NA,"1221","EST","G","1455.29682099724","","45545.5909747458","",NA,NA
"1083","COMPASS","TEMPEST","2024","July","12","Saltwater","C6","S8_L",1788,"ACRU",0.8,NA,"1305","EDT","G","3267.32117848974","","52260.4490967668","","low",""
"1084","COMPASS","TEMPEST","2024","June","14","Saltwater","C6","S8_L",1788,"ACRU",0.8,"D5_PM","1322","EDT","G","476.617524486507","","59695.4609414969","","",NA
"1085","COMPASS","TEMPEST","2024","October","2","Saltwater","C6","S8_L",1788,"ACRU",0.8,NA,"1340","EDT","G","23.7680407773786","","12870.6480744364","",NA,""
"1086","COMPASS","TEMPEST","2024","June","13","Saltwater","C6","S8_L",1788,"ACRU",0.8,"D4_PM","1601","EDT","G","452.772844005891","","49410.2487263129","","",NA
"1087","COMPASS","TEMPEST","2024","June","11","Saltwater","C6","S8_L",1788,"ACRU",0.8,"D2_AM","825","EDT","G","238.528792258739","","41937.2652785095","","",NA
"1088","COMPASS","TEMPEST","2024","August","6","Saltwater","C6","S8_L",1788,"ACRU",0.8,NA,"1157","EDT","G","7839.2555632305","","60403.9720418206","","",""
"1089","COMPASS","TEMPEST","2024","June","14","Saltwater","C6","S8_L",1788,"ACRU",0.8,"D5_AM","823","EDT","G","503.741458059805","","70549.7464854473","","",NA
"1090","COMPASS","TEMPEST","2024","June","12","Saltwater","C6","S8_L",1788,"ACRU",0.8,"D3_PM","1353","EDT","G","770.592202293284","","54437.8469779765","","",""
"1091","COMPASS","TEMPEST","2024","June","11","Saltwater","C6","S8_L",1788,"ACRU",0.8,"D2_PM","1531","EDT","G","352.320732275078","",NA,"",NA,""
"1092","COMPASS","TEMPEST","2024","June","10","Saltwater","F2","S9_H",1865,"ACRU",1.3,"D1_PM","1608","EDT","G","1047.22075497351","","132784.962879676","","",NA
"1093","COMPASS","TEMPEST","2024","April","4","Saltwater","F2","S9_H",1865,"ACRU",1.3,NA,"1417","EDT","G","68.5425670531471","","49302.9467027703","","","checked"
"1094","COMPASS","TEMPEST","2024","June","13","Saltwater","F2","S9_H",1865,"ACRU",1.3,"D4_PM","1319","EDT","G","3229.87594092832","","116360.759110357","","",NA
"1095","COMPASS","TEMPEST","2024","June","14","Saltwater","F2","S9_H",1865,"ACRU",1.3,"D5_AM","830","EDT","G","3623.82566437624","","105626.837713997","","",NA
"1096","COMPASS","TEMPEST","2024","June","11","Saltwater","F2","S9_H",1865,"ACRU",1.3,"D2_AM","815","EDT","G","2228.84601899795","","131796.702062321","","",NA
"1097","COMPASS","TEMPEST","2024","June","14","Saltwater","F2","S9_H",1865,"ACRU",1.3,"D5_PM","1409","EDT","G","7149.28186863322","","120456.841630796","","",NA
"1098","COMPASS","TEMPEST","2024","May","22","Saltwater","F2","S9_H",1865,"ACRU",1.3,NA,"1323","EDT","G","4331.35841172149","","103994.979561471","","",""
"1099","COMPASS","TEMPEST","2024","June","13","Saltwater","F2","S9_H",1865,"ACRU",1.3,"D4_AM","1126","EDT","G","3015.37929045579","","113967.977338416","","",""
"1100","COMPASS","TEMPEST","2024","June","12","Saltwater","F2","S9_H",1865,"ACRU",1.3,"D3_PM","1424","EDT","G","2344.06365388479","","104401.248506406","","",""
"1101","COMPASS","TEMPEST","2024","June","12","Saltwater","F2","S9_H",1865,"ACRU",1.3,"D3_AM","831","EDT","G","3849.26977189911","",NA,"",NA,""
"1102","COMPASS","TEMPEST","2024","June","11","Saltwater","F2","S9_H",1865,"ACRU",1.3,"D2_PM","1351","EDT","G","3621.78581004781","",NA,"",NA,""
"1103","COMPASS","TEMPEST","2024","September","5","Saltwater","F2","S9_L",1865,"ACRU",0.8,NA,"1328","EDT","G","1472.19111541538","","80240.9733257962","",NA,""
"1104","COMPASS","TEMPEST","2024","June","13","Saltwater","F2","S9_L",1865,"ACRU",0.8,"D4_PM","1317","EDT","G","1558.39800909175","","111668.125049455","","",NA
"1105","COMPASS","TEMPEST","2024","June","14","Saltwater","F2","S9_L",1865,"ACRU",0.8,"D5_AM","831","EDT","G","1063.63021154742","","114853.55089319","","",NA
"1106","COMPASS","TEMPEST","2024","July","12","Saltwater","F2","S9_L",1865,"ACRU",0.8,NA,"1309","EDT","G","5746.89316120356","","124663.490204322","","low",""
"1107","COMPASS","TEMPEST","2024","June","10","Saltwater","F2","S9_L",1865,"ACRU",0.8,"D1_PM","1611","EDT","G","258.941751298796","","109683.722983114","","",NA
"1108","COMPASS","TEMPEST","2024","November","5","Saltwater","F2","S9_L",1865,"ACRU",0.8,NA,"1213","EST","G","807.065219251255","","59683.2510747547","",NA,NA
"1109","COMPASS","TEMPEST","2024","June","13","Saltwater","F2","S9_L",1865,"ACRU",0.8,"D4_AM","1124","EDT","G","1012.12364167414","","109693.700139272","","",""
"1110","COMPASS","TEMPEST","2024","August","6","Saltwater","F2","S9_L",1865,"ACRU",0.8,NA,"1204","EDT","G","2497.57621573574","","91449.0820615278","","",""
"1111","COMPASS","TEMPEST","2024","June","12","Saltwater","F2","S9_L",1865,"ACRU",0.8,"D3_PM","1425","EDT","G","580.468666109395","","103825.86085007","","",""
"1112","COMPASS","TEMPEST","2024","June","11","Saltwater","F2","S9_L",1865,"ACRU",0.8,"D2_AM","812","EDT","G","454.27587091341","","116737.677357417","","",NA
"1113","COMPASS","TEMPEST","2024","June","12","Saltwater","F2","S9_L",1865,"ACRU",0.8,"D3_AM","832","EDT","G","21.4815362414512","",NA,"",NA,"these readings seem very low ??"
"1114","COMPASS","TEMPEST","2024","October","2","Saltwater","F2","S9_L",1865,"ACRU",0.8,NA,"1344","EDT","G","120.773497573754","","57695.5040981102","",NA,""
"1115","COMPASS","TEMPEST","2024","June","14","Saltwater","F2","S9_L",1865,"ACRU",0.8,"D5_PM","1409","EDT","G","1721.60759625601","","118217.911716104","","",NA
"1116","COMPASS","TEMPEST","2024","June","11","Saltwater","F2","S9_L",1865,"ACRU",0.8,"D2_PM","1355","EDT","G","675.809237468579","",NA,"",NA,""
