"Machine","User","Run_Date","Sample_Year","Sample_Month","Sample_Day","Sample_Time","Time_Zone","G_W","Sample_Plot","Sample_Grid","Sample_Depth","Sample_ID","Dilution_Factor","Notes","CH4_Flag","CO2_Flag","CH4_Conc_ppm_dilcorr","CO2_Conc_ppm_dilcorr","CH4_Conc_umol","CO2_Conc_umol","Field_Notes","Event_Stamp","qaqc_flag"
"Varian GC","Max Wegner","20231121","2023","April","6","1157","EDT","G","Control","C3","10","1","1",NA,"Within Range","Within Range",1,7036,87,438649,NA,NA,NA
"Varian GC","Max Wegner","20231121","2023","April","6","1158","EDT","G","Control","C3","20","2","1",NA,"Within Range","Within Range",1,8605,84,536479,NA,NA,NA
"Varian GC","Max Wegner","20231121","2023","April","6","1159","EDT","G","Control","C3","35","3","1",NA,"Within Range","Within Range",1,10792,38,672810,NA,NA,NA
"Varian GC","Max Wegner","20231121","2023","April","6","1200","EDT","G","Control","C3","50","4","1",NA,"Within Range","Within Range",1,10073,51,627980,NA,NA,NA
"Varian GC","Max Wegner","20231121","2023","April","6","1151","EDT","G","Control","C6","10","5","1",NA,"Within Range","Within Range",2,2880,102,179524,NA,NA,NA
"Varian GC","Max Wegner","20231121","2023","April","6","1152","EDT","G","Control","C6","20","6","1",NA,"Within Range","Within Range",1,15607,49,973000,NA,NA,NA
"Varian GC","Max Wegner","20231121","2023","April","6","1153","EDT","G","Control","C6","35","7","1",NA,"Within Range","Within Range",1,8601,85,536236,NA,NA,NA
"Varian GC","Max Wegner","20231121","2023","April","6","1154","EDT","G","Control","C6","50","8","1",NA,"Within Range","Within Range",1,7992,69,498248,NA,NA,NA
"Varian GC","Max Wegner","20231121","2023","April","6","1200","EDT","G","Control","F4","10","9","1",NA,"Within Range","Within Range",2,2201,98,137213,NA,NA,NA
"Varian GC","Max Wegner","20231121","2023","April","6","1201","EDT","G","Control","F4","20","10","1",NA,"Within Range","Within Range",1,7579,65,472496,NA,NA,NA
"Varian GC","Max Wegner","20231121","2023","April","6","1202","EDT","G","Control","F4","35","11","1",NA,"Within Range","Within Range",1,5595,70,348824,NA,NA,NA
"Varian GC","Max Wegner","20231121","2023","April","6","1203","EDT","G","Control","F4","50","12","1",NA,"Within Range","Within Range",1,6785,84,423008,NA,NA,NA
"Varian GC","Max Wegner","20231121","2023","April","6","1204","EDT","G","Control","F4","ATM","13","1",NA,"Within Range","Within Range",2,462,119,28777,NA,NA,NA
"Varian GC","Max Wegner","20231121","2023","April","6","1205","EDT","G","Control","H3","10","14","1",NA,"Within Range","Within Range",1,3948,68,246161,NA,NA,NA
"Varian GC","Max Wegner","20231121","2023","April","6","1206","EDT","G","Control","H3","20","15","1",NA,"Within Range","Within Range",1,9412,44,586809,NA,NA,NA
"Varian GC","Max Wegner","20231121","2023","April","6","1207","EDT","G","Control","H3","35","16","1",NA,"Within Range","Within Range",1,10878,74,678172,NA,NA,NA
"Varian GC","Max Wegner","20231121","2023","April","6","1208","EDT","G","Control","H3","50","17","1",NA,"Within Range","Within Range",1,13247,51,825902,NA,NA,NA
"Varian GC","Max Wegner","20231121","2023","April","6","1209","EDT","G","Control","H6","10","18","1",NA,"Within Range","Within Range",1,1470,89,91615,NA,NA,NA
"Varian GC","Max Wegner","20231121","2023","April","6","1210","EDT","G","Control","H6","20","19","1",NA,"Within Range","Within Range",1,5843,42,364275,NA,NA,NA
"Varian GC","Max Wegner","20231121","2023","April","6","1211","EDT","G","Control","H6","35","20","1",NA,"Within Range","Within Range",1,9317,41,580883,NA,NA,NA
"Varian GC","Max Wegner","20231121","2023","April","6","1212","EDT","G","Control","H6","50","21","1",NA,"Within Range","Within Range",1,8495,53,529597,NA,NA,NA
"Varian GC","Max Wegner","20231121","2023","April","6","1127","EDT","G","Saltwater","C3","10","22","1",NA,"Within Range","Within Range",1,6393,60,398537,NA,NA,NA
"Varian GC","Max Wegner","20231121","2023","April","6","1128","EDT","G","Saltwater","C3","20","23","1",NA,"Within Range","Within Range",1,17795,39,1109392,NA,NA,NA
"Varian GC","Max Wegner","20231121","2023","April","6","1129","EDT","G","Saltwater","C3","35","24","1",NA,"Within Range","Within Range",1,14831,38,924650,NA,NA,NA
"Varian GC","Max Wegner","20231121","2023","April","6","1130","EDT","G","Saltwater","C3","50","25","1",NA,"Within Range","Within Range",1,19322,35,1204637,NA,NA,NA
"Varian GC","Max Wegner","20231121","2023","April","6","1107","EDT","G","Saltwater","C6","10","26","1",NA,"Within Range","Within Range",1,16417,67,1023498,NA,NA,NA
"Varian GC","Max Wegner","20231121","2023","April","6","1109","EDT","G","Saltwater","C6","20","27","1",NA,"Within Range","Within Range",1,25309,35,1577896,NA,NA,NA
"Varian GC","Max Wegner","20231121","2023","April","6","1111","EDT","G","Saltwater","C6","35","28","1",NA,"Within Range","Within Range",1,13609,62,848462,NA,NA,NA
"Varian GC","Max Wegner","20231121","2023","April","6","1112","EDT","G","Saltwater","C6","50","29","1",NA,"Within Range","Within Range",2,3699,105,230588,NA,NA,NA
"Varian GC","Max Wegner","20231121","2023","April","6","1123","EDT","G","Saltwater","F4","10","30","1",NA,"Within Range","Within Range",1,11062,66,689632,NA,NA,NA
"Varian GC","Max Wegner","20231121","2023","April","6","1124","EDT","G","Saltwater","F4","20","31","1",NA,"Within Range","Within Range",0,20998,10,1309087,NA,NA,NA
"Varian GC","Max Wegner","20231121","2023","April","6","1125","EDT","G","Saltwater","F4","35","32","1",NA,"Within Range","Within Range",2,9945,102,620025,NA,NA,NA
"Varian GC","Max Wegner","20231121","2023","April","6","1125","EDT","G","Saltwater","F4","50","33","1",NA,"Within Range","Within Range",1,12023,69,749558,NA,NA,NA
"Varian GC","Max Wegner","20231121","2023","April","6","1126","EDT","G","Saltwater","F4","ATM","34","1",NA,"Within Range","Within Range",2,385,109,24015,NA,NA,NA
"Varian GC","Max Wegner","20231121","2023","April","6","1119","EDT","G","Saltwater","H3","10","35","1",NA,"Within Range","Within Range",1,2561,81,159641,NA,NA,NA
"Varian GC","Max Wegner","20231121","2023","April","6","1120","EDT","G","Saltwater","H3","20","36","1",NA,"Within Range","Within Range",0,12852,10,801254,NA,NA,NA
"Varian GC","Max Wegner","20231121","2023","April","6","1121","EDT","G","Saltwater","H3","35","37","1",NA,"Within Range","Within Range",1,11300,87,704498,NA,NA,NA
"Varian GC","Max Wegner","20231121","2023","April","6","1122","EDT","G","Saltwater","H3","50","38","1",NA,"Within Range","Within Range",1,10811,35,674015,NA,NA,NA
"Varian GC","Max Wegner","20231121","2023","April","6","1115","EDT","G","Saltwater","H6","10","39","1",NA,"Within Range","Within Range",1,16320,50,1017435,NA,NA,NA
"Varian GC","Max Wegner","20231121","2023","April","6","1116","EDT","G","Saltwater","H6","20","40","1",NA,"Within Range","Within Range",0,25691,10,1601692,NA,NA,NA
"Varian GC","Max Wegner","20231121","2023","April","6","1117","EDT","G","Saltwater","H6","35","41","1",NA,"Within Range","Within Range",1,32291,32,2013133,NA,NA,NA
"Varian GC","Max Wegner","20231121","2023","April","6","1118","EDT","G","Saltwater","H6","50","42","1",NA,"Within Range","Within Range",1,22443,45,1399186,NA,NA,NA
"Varian GC","Max Wegner","20231121","2023","April","6","1030","EDT","G","Freshwater","C3","10","43","1",NA,"Within Range","Within Range",1,11755,35,732857,NA,NA,NA
"Varian GC","Max Wegner","20231121","2023","April","6","1031","EDT","G","Freshwater","C3","20","44","1",NA,"Within Range","Within Range",1,13141,40,819279,NA,NA,NA
"Varian GC","Max Wegner","20231121","2023","April","6","1032","EDT","G","Freshwater","C3","35","45","1",NA,"Within Range","Within Range",1,11115,54,692930,NA,NA,NA
"Varian GC","Max Wegner","20231121","2023","April","6","1033","EDT","G","Freshwater","C3","50","46","1",NA,"Within Range","Within Range",1,15662,50,976423,NA,NA,NA
"Varian GC","Max Wegner","20231121","2023","April","6","1034","EDT","G","Freshwater","C6","10","47","1",NA,"Within Range","Within Range",1,7278,79,453745,NA,NA,NA
"Varian GC","Max Wegner","20231121","2023","April","6","1035","EDT","G","Freshwater","C6","20","48","1",NA,"Within Range","Within Range",0,15023,10,936620,NA,NA,NA
"Varian GC","Max Wegner","20231121","2023","April","6","1036","EDT","G","Freshwater","C6","35","49","1",NA,"Within Range","Within Range",0,13559,10,845335,NA,NA,NA
"Varian GC","Max Wegner","20231122","2023","April","6","1037","EDT","G","Freshwater","C6","50","50","1",NA,"Within Range","Within Range",0,12067,10,752328,NA,NA,NA
"Varian GC","Max Wegner","20231122","2023","April","6","1023","EDT","G","Freshwater","F4","10","51","1",NA,"Within Range","Within Range",1,2935,67,183005,NA,NA,NA
"Varian GC","Max Wegner","20231122","2023","April","6","1024","EDT","G","Freshwater","F4","20","52","1",NA,"Within Range","Within Range",1,11661,33,726998,NA,NA,NA
"Varian GC","Max Wegner","20231122","2023","April","6","1026","EDT","G","Freshwater","F4","35","53","1",NA,"Within Range","Within Range",1,4804,58,299500,NA,NA,NA
"Varian GC","Max Wegner","20231122","2023","April","6","1028","EDT","G","Freshwater","F4","50","54","1",NA,"Within Range","Within Range",1,12196,42,760362,NA,NA,NA
"Varian GC","Max Wegner","20231122","2023","April","6","1029","EDT","G","Freshwater","F4","ATM","55","1",NA,"Within Range","Within Range",2,316,100,19726,NA,NA,NA
"Varian GC","Max Wegner","20231122","2023","April","6","1019","EDT","G","Freshwater","H3","10","56","1",NA,"Within Range","Within Range",1,5506,84,343288,NA,NA,NA
"Varian GC","Max Wegner","20231122","2023","April","6","1020","EDT","G","Freshwater","H3","20","57","1",NA,"Within Range","Within Range",1,13787,37,859569,NA,NA,NA
"Varian GC","Max Wegner","20231122","2023","April","6","1021","EDT","G","Freshwater","H3","35","58","1",NA,"Within Range","Within Range",1,9510,45,592899,NA,NA,NA
"Varian GC","Max Wegner","20231122","2023","April","6","1022","EDT","G","Freshwater","H3","50","59","1",NA,"Within Range","Within Range",1,7552,49,470808,NA,NA,NA
"Varian GC","Max Wegner","20231122","2023","April","6","1013","EDT","G","Freshwater","H6","10","60","1",NA,"Within Range","Within Range",1,8521,68,531260,NA,NA,NA
"Varian GC","Max Wegner","20231122","2023","April","6","1015","EDT","G","Freshwater","H6","20","61","1",NA,"Within Range","Within Range",1,12761,36,795584,NA,NA,NA
"Varian GC","Max Wegner","20231122","2023","April","6","1016","EDT","G","Freshwater","H6","35","62","1",NA,"Within Range","Within Range",1,5198,80,324071,NA,NA,NA
"Varian GC","Max Wegner","20231122","2023","April","6","1017","EDT","G","Freshwater","H6","50","63","1",NA,"Within Range","Within Range",1,13938,50,868922,NA,NA,NA
"Varian GC","Max Wegner","20231130","2023","May","16","929","EDT","G","Control","C3","10","1","1",NA,"Within Range","Within Range",2,5350,113,333572,NA,NA,NA
"Varian GC","Max Wegner","20231130","2023","May","16","931","EDT","G","Control","C3","20","2","1",NA,"Within Range","Within Range",1,8133,75,507055,NA,NA,NA
"Varian GC","Max Wegner","20231130","2023","May","16","933","EDT","G","Control","C3","35","3","1",NA,"Within Range","Within Range",1,12067,58,752329,NA,NA,NA
"Varian GC","Max Wegner","20231130","2023","May","16","935","EDT","G","Control","C3","50","4","1",NA,"Within Range","Within Range",1,15252,55,950891,"a bit of condensation in syringe; used 0.45um filter",NA,NA
"Varian GC","Max Wegner","20231130","2023","May","16","923","EDT","G","Control","C6","10","5","1",NA,"Within Range","Within Range",2,6102,102,380432,NA,NA,NA
"Varian GC","Max Wegner","20231130","2023","May","16","925","EDT","G","Control","C6","20","6","1",NA,"Within Range","Within Range",1,21577,37,1345173,NA,NA,NA
"Varian GC","Max Wegner","20231130","2023","May","16","927","EDT","G","Control","C6","35","7","1",NA,"Within Range","Within Range",1,14111,71,879712,NA,NA,NA
"Varian GC","Max Wegner","20231130","2023","May","16","928","EDT","G","Control","C6","50","8","1",NA,"Within Range","Within Range",1,13228,60,824686,NA,NA,NA
"Varian GC","Max Wegner","20231130","2023","May","16","912","EDT","G","Control","F4","10","9","1",NA,"Within Range","Within Range",2,7006,100,436752,NA,NA,NA
"Varian GC","Max Wegner","20231130","2023","May","16","913","EDT","G","Control","F4","20","10","1",NA,"Within Range","Within Range",1,13959,76,870246,NA,NA,NA
"Varian GC","Max Wegner","20231130","2023","May","16","914","EDT","G","Control","F4","35","11","1",NA,"Within Range","Within Range",1,12248,71,763589,NA,NA,NA
"Varian GC","Max Wegner","20231130","2023","May","16","916","EDT","G","Control","F4","50","12","1",NA,"Within Range","Within Range",1,14978,64,933786,NA,NA,NA
"Varian GC","Max Wegner","20231130","2023","May","16","917","EDT","G","Control","F4","ATM","13","1",NA,"Within Range","Within Range",2,606,140,37759,NA,NA,NA
"Varian GC","Max Wegner","20231130","2023","May","16","902","EDT","G","Control","H3","10","14","1",NA,"Within Range","Within Range",1,5653,84,352436,NA,NA,NA
"Varian GC","Max Wegner","20231130","2023","May","16","904","EDT","G","Control","H3","20","15","1",NA,"Within Range","Within Range",0,13217,25,824005,NA,NA,NA
"Varian GC","Max Wegner","20231130","2023","May","16","906","EDT","G","Control","H3","35","16","1",NA,"Within Range","Within Range",1,17373,59,1083122,NA,NA,NA
"Varian GC","Max Wegner","20231130","2023","May","16","910","EDT","G","Control","H3","50","17","1",NA,"Within Range","Within Range",1,18507,53,1153823,NA,NA,NA
"Varian GC","Max Wegner","20231130","2023","May","16","918","EDT","G","Control","H6","10","18","1",NA,"Within Range","Within Range",2,2376,98,148123,NA,NA,NA
"Varian GC","Max Wegner","20231130","2023","May","16","919","EDT","G","Control","H6","20","19","1",NA,"Within Range","Within Range",1,8198,52,511111,NA,NA,NA
"Varian GC","Max Wegner","20231130","2023","May","16","920","EDT","G","Control","H6","35","20","1",NA,"Within Range","Within Range",1,12619,49,786709,NA,NA,NA
"Varian GC","Max Wegner","20231130","2023","May","16","920","EDT","G","Control","H6","50","21","1",NA,"Within Range","Within Range",1,12689,51,791073,NA,NA,NA
"Varian GC","Max Wegner","20231130","2023","May","16","954","EDT","G","Saltwater","C3","10","22","1",NA,"Within Range","Within Range",1,5742,81,357966,NA,NA,NA
"Varian GC","Max Wegner","20231130","2023","May","16","954","EDT","G","Saltwater","C3","20","23","1",NA,"Within Range","Within Range",1,16000,64,997489,NA,NA,NA
"Varian GC","Max Wegner","20231130","2023","May","16","955","EDT","G","Saltwater","C3","35","24","1",NA,"Within Range","Within Range",1,17660,57,1101000,NA,NA,NA
"Varian GC","Max Wegner","20231130","2023","May","16","955","EDT","G","Saltwater","C3","50","25","1",NA,"Within Range","Within Range",1,28554,43,1780161,NA,NA,NA
"Varian GC","Max Wegner","20231130","2023","May","16","1010","EDT","G","Saltwater","C6","10","26","1",NA,"Within Range","Within Range",1,20088,87,1252390,NA,NA,NA
"Varian GC","Max Wegner","20231130","2023","May","16","1011","EDT","G","Saltwater","C6","20","27","1",NA,"Within Range","Within Range",1,40959,37,2553550,NA,NA,NA
"Varian GC","Max Wegner","20231130","2023","May","16","1013","EDT","G","Saltwater","C6","35","28","1",NA,"Within Range","Within Range",1,28665,52,1787074,NA,NA,NA
"Varian GC","Max Wegner","20231130","2023","May","16","1015","EDT","G","Saltwater","C6","50","29","1",NA,"Within Range","Within Range",1,20955,81,1306392,NA,NA,NA
"Varian GC","Max Wegner","20231130","2023","May","16","956","EDT","G","Saltwater","F4","10","30","1",NA,"Within Range","Within Range",1,15668,87,976819,NA,NA,NA
"Varian GC","Max Wegner","20231130","2023","May","16","957","EDT","G","Saltwater","F4","20","31","1",NA,"Within Range","Within Range",1,32129,40,2003025,NA,NA,NA
"Varian GC","Max Wegner","20231130","2023","May","16","958","EDT","G","Saltwater","F4","35","32","1",NA,"Within Range","Within Range",1,22825,71,1423000,NA,NA,NA
"Varian GC","Max Wegner","20231130","2023","May","16","959","EDT","G","Saltwater","F4","50","33","1",NA,"Within Range","Within Range",1,38077,48,2373875,NA,NA,NA
"Varian GC","Max Wegner","20231130","2023","May","16","959","EDT","G","Saltwater","F4","ATM","34","1",NA,"Within Range","Within Range",2,807,126,50311,NA,NA,NA
"Varian GC","Max Wegner","20231130","2023","May","16","1001","EDT","G","Saltwater","H3","10","35","1",NA,"Within Range","Within Range",1,4729,86,294835,NA,NA,NA
"Varian GC","Max Wegner","20231130","2023","May","16","1002","EDT","G","Saltwater","H3","20","36","1",NA,"Within Range","Within Range",1,17182,40,1071180,NA,NA,NA
"Varian GC","Max Wegner","20231130","2023","May","16","1003","EDT","G","Saltwater","H3","35","37","1",NA,"Within Range","Within Range",1,22375,41,1394968,NA,NA,NA
"Varian GC","Max Wegner","20231130","2023","May","16","1004","EDT","G","Saltwater","H3","50","38","1",NA,"Within Range","Within Range",1,24332,41,1516973,NA,NA,NA
"Varian GC","Max Wegner","20231130","2023","May","16","1007","EDT","G","Saltwater","H6","10","39","1",NA,"Within Range","Within Range",1,26488,59,1651346,NA,NA,NA
"Varian GC","Max Wegner","20231130","2023","May","16","1008","EDT","G","Saltwater","H6","20","40","1",NA,"Within Range","Within Range",1,22217,76,1385121,NA,NA,NA
"Varian GC","Max Wegner","20231130","2023","May","16","1009","EDT","G","Saltwater","H6","35","41","1",NA,"Within Range","Within Range",1,40203,38,2506445,NA,NA,NA
"Varian GC","Max Wegner","20231130","2023","May","16","1009","EDT","G","Saltwater","H6","50","42","1",NA,"Within Range","Within Range",1,36207,38,2257305,NA,NA,NA
"Varian GC","Max Wegner","20231130","2023","May","16","1027","EDT","G","Freshwater","C3","10","43","1",NA,"Within Range","Within Range",1,18007,58,1122641,NA,NA,NA
"Varian GC","Max Wegner","20231130","2023","May","16","1028","EDT","G","Freshwater","C3","20","44","1",NA,"Within Range","Within Range",1,23835,40,1485943,NA,NA,NA
"Varian GC","Max Wegner","20231130","2023","May","16","1030","EDT","G","Freshwater","C3","35","45","1",NA,"Within Range","Within Range",1,25453,56,1586824,NA,NA,NA
"Varian GC","Max Wegner","20231130","2023","May","16","1031","EDT","G","Freshwater","C3","50","46","1",NA,"Within Range","Within Range",1,37831,43,2358541,NA,NA,NA
"Varian GC","Max Wegner","20231130","2023","May","16","1024","EDT","G","Freshwater","C6","10","47","1",NA,"Within Range","Within Range",1,24802,58,1546237,NA,NA,NA
"Varian GC","Max Wegner","20231130","2023","May","16","1025","EDT","G","Freshwater","C6","20","48","1",NA,"Within Range","Within Range",1,26271,40,1637812,NA,NA,NA
"Varian GC","Max Wegner","20231130","2023","May","16","1026","EDT","G","Freshwater","C6","35","49","1",NA,"Within Range","Within Range",1,25844,41,1611226,NA,NA,NA
"Varian GC","Max Wegner","20231130","2023","May","16","1026","EDT","G","Freshwater","C6","50","50","1",NA,"Within Range","Within Range",1,31092,42,1938433,NA,NA,NA
"Varian GC","Max Wegner","20231130","2023","May","16","1033","EDT","G","Freshwater","F4","10","51","1",NA,"Within Range","Within Range",2,4803,95,299412,NA,NA,NA
"Varian GC","Max Wegner","20231130","2023","May","16","1033","EDT","G","Freshwater","F4","20","52","1",NA,"Within Range","Within Range",1,20228,43,1261091,NA,NA,NA
"Varian GC","Max Wegner","20231130","2023","May","16","1034","EDT","G","Freshwater","F4","35","53","1",NA,"Within Range","Within Range",1,13211,69,823642,NA,NA,NA
"Varian GC","Max Wegner","20231130","2023","May","16","1035","EDT","G","Freshwater","F4","50","54","1",NA,"Within Range","Within Range",1,27010,43,1683919,NA,NA,NA
"Varian GC","Max Wegner","20231130","2023","May","16","1035","EDT","G","Freshwater","F4","ATM","55","1",NA,"Within Range","Within Range",2,761,136,47463,NA,NA,NA
"Varian GC","Max Wegner","20231130","2023","May","16","1038","EDT","G","Freshwater","H3","10","56","1",NA,"Within Range","Within Range",2,9637,101,600824,NA,NA,NA
"Varian GC","Max Wegner","20231130","2023","May","16","1039","EDT","G","Freshwater","H3","20","57","1",NA,"Within Range","Within Range",1,24715,51,1540856,NA,NA,NA
"Varian GC","Max Wegner","20231130","2023","May","16","1040","EDT","G","Freshwater","H3","35","58","1",NA,"Within Range","Within Range",1,21178,56,1320299,NA,NA,NA
"Varian GC","Max Wegner","20231130","2023","May","16","1041","EDT","G","Freshwater","H3","50","59","1",NA,"Within Range","Within Range",1,19877,58,1239212,NA,NA,NA
"Varian GC","Max Wegner","20231130","2023","May","16","1043","EDT","G","Freshwater","H6","10","60","1",NA,"Within Range","Within Range",1,18694,68,1165445,NA,NA,NA
"Varian GC","Max Wegner","20231130","2023","May","16","1044","EDT","G","Freshwater","H6","20","61","1",NA,"Within Range","Within Range",1,25059,44,1562295,NA,NA,NA
"Varian GC","Max Wegner","20231130","2023","May","16","1045","EDT","G","Freshwater","H6","35","62","1",NA,"Within Range","Within Range",1,15697,83,978595,NA,NA,NA
"Varian GC","Max Wegner","20231130","2023","May","16","1047","EDT","G","Freshwater","H6","50","63","1",NA,"Within Range","Within Range",1,35734,40,2227792,NA,NA,NA
"Varian GC","Max Wegner","20230627","2023","June","4","1445","EDT","G","Control","C3","10","1","1",NA,"Within Range","Within Range",1,5351,0,4,NA,"0",NA
"Varian GC","Max Wegner","20230627","2023","June","4","1446","EDT","G","Control","C3","20","2","1",NA,"Within Range","Within Range",1,8461,0,7,NA,"0",NA
"Varian GC","Max Wegner","20230627","2023","June","4","1448","EDT","G","Control","C3","35","3","1",NA,"Within Range","Within Range",1,11944,0,10,NA,"0",NA
"Varian GC","Max Wegner","20230627","2023","June","4","1449","EDT","G","Control","C3","50","4","1",NA,"Within Range","Within Range",1,19579,0,16,NA,"0",NA
"Varian GC","Max Wegner","20230627","2023","June","4","1451","EDT","G","Control","C6","10","5","1",NA,"Within Range","Within Range",2,5297,0,4,NA,"0",NA
"Varian GC","Max Wegner","20230627","2023","June","4","1453","EDT","G","Control","C6","20","6","1",NA,"Within Range","Within Range",2,20221,0,17,NA,"0",NA
"Varian GC","Max Wegner","20230627","2023","June","4","1455","EDT","G","Control","C6","35","7","1",NA,"Within Range","Within Range",1,18227,0,15,NA,"0",NA
"Varian GC","Max Wegner","20230627","2023","June","4","1457","EDT","G","Control","C6","50","8","1",NA,"Within Range","Within Range",1,15617,0,13,NA,"0",NA
"Varian GC","Max Wegner","20230627","2023","June","4","1500","EDT","G","Control","F4","10","9","1",NA,"Within Range","Within Range",2,5576,0,5,NA,"0",NA
"Varian GC","Max Wegner","20230627","2023","June","4","1502","EDT","G","Control","F4","20","10","1",NA,"Within Range","Within Range",1,11996,0,10,NA,"0",NA
"Varian GC","Max Wegner","20230627","2023","June","4","1504","EDT","G","Control","F4","35","11","1",NA,"Within Range","Within Range",2,7452,0,6,NA,"0",NA
"Varian GC","Max Wegner","20230627","2023","June","4","1505","EDT","G","Control","F4","50","12","1",NA,"Within Range","Within Range",1,11243,0,9,NA,"0",NA
"Varian GC","Max Wegner","20230627","2023","June","4","1506","EDT","G","Control","F4","ATM","13","1",NA,"Within Range","Within Range",2,409,0,0,NA,"0",NA
"Varian GC","Max Wegner","20230627","2023","June","4","1510","EDT","G","Control","H3","10","14","1",NA,"Within Range","Within Range",1,5263,0,4,NA,"0",NA
"Varian GC","Max Wegner","20230627","2023","June","4","1513","EDT","G","Control","H3","20","15","1",NA,"Within Range","Within Range",1,12549,0,10,NA,"0",NA
"Varian GC","Max Wegner","20230627","2023","June","4","1515","EDT","G","Control","H3","35","16","1",NA,"Within Range","Within Range",1,15440,0,13,NA,"0",NA
"Varian GC","Max Wegner","20230627","2023","June","4","1517","EDT","G","Control","H3","50","17","1",NA,"Within Range","Within Range",1,10604,0,9,"some water; not enough to sample","0",NA
"Varian GC","Max Wegner","20230627","2023","June","4","1519","EDT","G","Control","H6","10","18","1",NA,"Within Range","Within Range",1,2349,0,2,NA,"0",NA
"Varian GC","Max Wegner","20230627","2023","June","4","1520","EDT","G","Control","H6","20","19","1",NA,"Within Range","Within Range",1,8831,0,7,NA,"0",NA
"Varian GC","Max Wegner","20230627","2023","June","4","1522","EDT","G","Control","H6","35","20","1",NA,"Within Range","Within Range",1,14127,0,12,NA,"0",NA
"Varian GC","Max Wegner","20230627","2023","June","4","1524","EDT","G","Control","H6","50","21","1",NA,"Within Range","Within Range",1,13190,0,11,NA,"0",NA
"Varian GC","Max Wegner","20230627","2023","June","4","1340","EDT","G","Saltwater","C3","10","22","1",NA,"Within Range","Within Range",1,3969,0,3,NA,"0",NA
"Varian GC","Max Wegner","20230627","2023","June","4","1342","EDT","G","Saltwater","C3","20","23","1",NA,"Within Range","Within Range",0,23206,0,19,NA,"0",NA
"Varian GC","Max Wegner","20230627","2023","June","4","1346","EDT","G","Saltwater","C3","35","24","1",NA,"Within Range","Within Range",0,21776,0,18,NA,"0",NA
"Varian GC","Max Wegner","20230627","2023","June","4","1348","EDT","G","Saltwater","C3","50","25","1",NA,"Within Range","Within Range",0,34688,0,28,NA,"0",NA
"Varian GC","Max Wegner","20230627","2023","June","4","1350","EDT","G","Saltwater","C6","10","26","1",NA,"Within Range","Within Range",1,16094,0,13,NA,"0",NA
"Varian GC","Max Wegner","20230627","2023","June","4","1352","EDT","G","Saltwater","C6","20","27","1",NA,"Within Range","Within Range",0,34863,0,28,NA,"0",NA
"Varian GC","Max Wegner","20230627","2023","June","4","1354","EDT","G","Saltwater","C6","35","28","1",NA,"Within Range","Within Range",1,21775,0,18,NA,"0",NA
"Varian GC","Max Wegner","20230627","2023","June","4","1358","EDT","W","Saltwater","C6","50","29","1",NA,"Within Range","Within Range",2,11303,0,462,"15mL gas sample","0",NA
"Varian GC","Max Wegner","20230627","2023","June","4","1406","EDT","G","Saltwater","F4","10","30","1",NA,"Within Range","Within Range",1,12879,0,11,NA,"0",NA
"Varian GC","Max Wegner","20230627","2023","June","4","1400","EDT","G","Saltwater","F4","20","31","1",NA,"Within Range","Within Range",0,34127,0,28,NA,"0",NA
"Varian GC","Max Wegner","20230627","2023","June","4","1410","EDT","G","Saltwater","F4","35","32","1",NA,"Within Range","Within Range",1,14765,0,12,NA,"0",NA
"Varian GC","Max Wegner","20230627","2023","June","4","1412","EDT","G","Saltwater","F4","50","33","1",NA,"Within Range","Within Range",1,28443,0,23,NA,"0",NA
"Varian GC","Max Wegner","20230627","2023","June","4","1414","EDT","G","Saltwater","F4","ATM","34","1",NA,"Within Range","Within Range",2,426,0,0,NA,"0",NA
"Varian GC","Max Wegner","20230627","2023","June","4","1416","EDT","G","Saltwater","H3","10","35","1",NA,"Within Range","Within Range",1,3893,0,3,NA,"0",NA
"Varian GC","Max Wegner","20230627","2023","June","4","1418","EDT","G","Saltwater","H3","20","36","1",NA,"Within Range","Within Range",0,19340,0,16,NA,"0",NA
"Varian GC","Max Wegner","20230627","2023","June","4","1419","EDT","G","Saltwater","H3","35","37","1",NA,"Within Range","Within Range",0,21771,0,18,NA,"0",NA
"Varian GC","Max Wegner","20230627","2023","June","4","1420","EDT","G","Saltwater","H3","50","38","1",NA,"Within Range","Within Range",0,29671,0,24,NA,"0",NA
"Varian GC","Max Wegner","20230627","2023","June","4","1422","EDT","G","Saltwater","H6","10","39","1",NA,"Within Range","Within Range",1,25969,0,21,NA,"0",NA
"Varian GC","Max Wegner","20230627","2023","June","4","1424","EDT","G","Saltwater","H6","20","40","1",NA,"Within Range","Within Range",0,39330,0,32,NA,"0",NA
"Varian GC","Max Wegner","20230627","2023","June","4","1426","EDT","G","Saltwater","H6","35","41","1",NA,"Within Range","Within Range",1,48898,0,40,NA,"0",NA
"Varian GC","Max Wegner","20230627","2023","June","4","1428","EDT","G","Saltwater","H6","50","42","1",NA,"Within Range","Within Range",1,39916,0,33,NA,"0",NA
"Varian GC","Max Wegner","20230627","2023","June","4","1220","EDT","G","Freshwater","C3","10","43","1",NA,"Within Range","Within Range",1,10363,0,8,NA,"0",NA
"Varian GC","Max Wegner","20230627","2023","June","4","1225","EDT","G","Freshwater","C3","20","44","1",NA,"Within Range","Within Range",1,19202,0,16,NA,"0",NA
"Varian GC","Max Wegner","20230627","2023","June","4","1230","EDT","G","Freshwater","C3","35","45","1",NA,"Within Range","Within Range",1,18744,0,15,NA,"0",NA
"Varian GC","Max Wegner","20230627","2023","June","4","1234","EDT","G","Freshwater","C3","50","46","1",NA,"Within Range","Within Range",1,28470,0,23,NA,"0",NA
"Varian GC","Max Wegner","20230627","2023","June","4","1238","EDT","G","Freshwater","C6","10","47","1",NA,"Within Range","Within Range",1,22762,0,19,NA,"0",NA
"Varian GC","Max Wegner","20230627","2023","June","4","1240","EDT","G","Freshwater","C6","20","48","1",NA,"Within Range","Within Range",0,28660,0,23,NA,"0",NA
"Varian GC","Max Wegner","20230627","2023","June","4","1242","EDT","G","Freshwater","C6","35","49","1",NA,"Within Range","Within Range",0,29072,0,24,NA,"0",NA
"Varian GC","Max Wegner","20230627","2023","June","4","1244","EDT","G","Freshwater","C6","50","50","1",NA,"Within Range","Within Range",0,36780,0,30,NA,"0",NA
"Varian GC","Max Wegner","20230627","2023","June","4","1250","EDT","G","Freshwater","F4","10","51","1",NA,"Within Range","Within Range",1,5315,0,4,NA,"0",NA
"Varian GC","Max Wegner","20230627","2023","June","4","1252","EDT","G","Freshwater","F4","20","52","1",NA,"Within Range","Within Range",1,20655,0,17,NA,"0",NA
"Varian GC","Max Wegner","20230627","2023","June","4","1254","EDT","G","Freshwater","F4","35","53","1",NA,"Within Range","Within Range",1,12558,0,10,NA,"0",NA
"Varian GC","Max Wegner","20230627","2023","June","4","1255","EDT","G","Freshwater","F4","50","54","1",NA,"Within Range","Within Range",0,26888,0,22,NA,"0",NA
"Varian GC","Max Wegner","20230627","2023","June","4","1248","EDT","G","Freshwater","F4","ATM","55","1",NA,"Within Range","Within Range",2,422,0,0,NA,"0",NA
"Varian GC","Max Wegner","20230627","2023","June","4","1258","EDT","G","Freshwater","H3","10","56","1",NA,"Within Range","Within Range",1,10552,0,9,NA,"0",NA
"Varian GC","Max Wegner","20230627","2023","June","4","1300","EDT","G","Freshwater","H3","20","57","1",NA,"Within Range","Within Range",1,22972,0,19,NA,"0",NA
"Varian GC","Max Wegner","20230627","2023","June","4","1301","EDT","G","Freshwater","H3","35","58","1",NA,"Within Range","Within Range",1,23397,0,19,NA,"0",NA
"Varian GC","Max Wegner","20230627","2023","June","4","1304","EDT","G","Freshwater","H3","50","59","1",NA,"Within Range","Within Range",1,20779,0,17,NA,"0",NA
"Varian GC","Max Wegner","20230627","2023","June","4","1305","EDT","G","Freshwater","H6","10","60","1",NA,"Within Range","Within Range",1,12292,0,10,NA,"0",NA
"Varian GC","Max Wegner","20230627","2023","June","4","1306","EDT","G","Freshwater","H6","20","61","1",NA,"Within Range","Within Range",1,24936,0,20,NA,"0",NA
"Varian GC","Max Wegner","20230627","2023","June","4","1308","EDT","G","Freshwater","H6","35","62","1",NA,"Within Range","Within Range",1,16819,0,14,NA,"0",NA
"Varian GC","Max Wegner","20230627","2023","June","4","1310","EDT","G","Freshwater","H6","50","63","1",NA,"Within Range","Within Range",1,32020,0,26,NA,"0",NA
"Varian GC","Max Wegner","20230627","2023","June","5","1412","EDT","G","Control","C3","10","64","1",NA,"Within Range","Within Range",1,4445,0,4,NA,"1",NA
"Varian GC","Max Wegner","20230627","2023","June","5","1443","EDT","G","Control","C3","20","65","1",NA,"Within Range","Within Range",1,7444,0,6,NA,"1",NA
"Varian GC","Max Wegner","20230627","2023","June","5","1447","EDT","G","Control","C3","35","66","1",NA,"Within Range","Within Range",1,10616,0,9,NA,"1",NA
"Varian GC","Max Wegner","20230627","2023","June","5","1445","EDT","G","Control","C3","50","67","1",NA,"Within Range","Within Range",0,17158,0,14,NA,"1",NA
"Varian GC","Max Wegner","20230627","2023","June","5","1450","EDT","G","Control","C6","10","68","1",NA,"Within Range","Within Range",1,4005,0,3,NA,"1",NA
"Varian GC","Max Wegner","20230627","2023","June","5","1453","EDT","G","Control","C6","20","69","1",NA,"Within Range","Within Range",1,15564,0,13,NA,"1",NA
"Varian GC","Max Wegner","20230627","2023","June","5","1455","EDT","G","Control","C6","35","70","1",NA,"Within Range","Within Range",1,14789,0,12,NA,"1",NA
"Varian GC","Max Wegner","20230627","2023","June","5","1456","EDT","G","Control","C6","50","71","1",NA,"Within Range","Within Range",1,14898,0,12,NA,"1",NA
"Varian GC","Max Wegner","20230627","2023","June","5","1605","EDT","G","Control","F4","10","72","1",NA,"Within Range","Within Range",1,4537,0,4,NA,"1",NA
"Varian GC","Max Wegner","20230627","2023","June","5","1607","EDT","G","Control","F4","20","73","1",NA,"Within Range","Within Range",1,10483,0,9,NA,"1",NA
"Varian GC","Max Wegner","20230627","2023","June","5","1609","EDT","G","Control","F4","35","74","1",NA,"Within Range","Within Range",2,7864,0,6,NA,"1",NA
"Varian GC","Max Wegner","20230627","2023","June","5","1611","EDT","G","Control","F4","50","75","1",NA,"Within Range","Within Range",1,12464,0,10,NA,"1",NA
"Varian GC","Max Wegner","20230627","2023","June","5","1612","EDT","G","Control","F4","ATM","76","1",NA,"Within Range","Within Range",2,662,0,1,NA,"1",NA
"Varian GC","Max Wegner","20230627","2023","June","5","1613","EDT","G","Control","H3","10","77","1",NA,"Within Range","Within Range",1,4673,0,4,NA,"1",NA
"Varian GC","Max Wegner","20230627","2023","June","5","1614","EDT","G","Control","H3","20","78","1",NA,"Within Range","Within Range",1,10946,0,9,NA,"1",NA
"Varian GC","Max Wegner","20230627","2023","June","5","1616","EDT","G","Control","H3","35","79","1",NA,"Within Range","Within Range",1,15838,0,13,NA,"1",NA
"Varian GC","Max Wegner","20230627","2023","June","5","1618","EDT","G","Control","H3","50","80","1",NA,"Within Range","Within Range",1,16191,0,13,NA,"1",NA
"Varian GC","Max Wegner","20230627","2023","June","5","1627","EDT","G","Control","H6","35","83","1",NA,"Within Range","Within Range",1,15393,0,13,NA,"1",NA
"Varian GC","Max Wegner","20230627","2023","June","5","1629","EDT","G","Control","H6","50","84","1",NA,"Within Range","Within Range",1,15007,0,12,NA,"1",NA
"Varian GC","Max Wegner","20230815","2023","June","5","1421","EDT","G","Saltwater","C3","10","85","1",NA,"Within Range","Within Range",2,4417,0,4,NA,"1",NA
"Varian GC","Max Wegner","20230815","2023","June","5","1422","EDT","G","Saltwater","C3","20","86","1",NA,"Within Range","Within Range",1,22634,0,19,NA,"1",NA
"Varian GC","Max Wegner","20230815","2023","June","5","1424","EDT","G","Saltwater","C3","35","87","1",NA,"Within Range","Within Range",1,22729,0,19,NA,"1",NA
"Varian GC","Max Wegner","20230815","2023","June","5","1425","EDT","G","Saltwater","C3","50","88","1",NA,"Within Range","Within Range",0,37941,0,31,NA,"1",NA
"Varian GC","Max Wegner","20230815","2023","June","5","1433","EDT","G","Saltwater","C6","10","89","1",NA,"Within Range","Within Range",1,16069,0,13,NA,"1",NA
"Varian GC","Max Wegner","20230815","2023","June","5","1434","EDT","G","Saltwater","C6","20","90","1",NA,"Within Range","Within Range",0,37033,0,30,NA,"1",NA
"Varian GC","Max Wegner","20230815","2023","June","5","1435","EDT","G","Saltwater","C6","35","91","1",NA,"Within Range","Within Range",1,24932,0,20,NA,"1",NA
"Varian GC","Max Wegner","20230815","2023","June","5","1436","EDT","G","Saltwater","C6","50","92","1",NA,"Within Range","Within Range",2,14533,0,12,"cap ajar a bit but held vaccuum","1",NA
"Varian GC","Max Wegner","20230815","2023","June","5","1543","EDT","G","Saltwater","F4","10","93","1",NA,"Within Range","Within Range",1,11920,0,10,NA,"1",NA
"Varian GC","Max Wegner","20230815","2023","June","5","1544","EDT","G","Saltwater","F4","20","94","1",NA,"Within Range","Within Range",0,34982,0,29,NA,"1",NA
"Varian GC","Max Wegner","20230815","2023","June","5","1546","EDT","G","Saltwater","F4","35","95","1",NA,"Within Range","Within Range",1,19711,0,16,NA,"1",NA
"Varian GC","Max Wegner","20230815","2023","June","5","1547","EDT","G","Saltwater","F4","50","96","1",NA,"Within Range","Within Range",1,40067,0,33,NA,"1",NA
"Varian GC","Max Wegner","20230815","2023","June","5","1549","EDT","G","Saltwater","F4","ATM","97","1",NA,"Within Range","Within Range",2,467,0,0,NA,"1",NA
"Varian GC","Max Wegner","20230815","2023","June","5","1551","EDT","G","Saltwater","H3","10","98","1",NA,"Within Range","Within Range",2,4126,0,3,NA,"1",NA
"Varian GC","Max Wegner","20230815","2023","June","5","1552","EDT","G","Saltwater","H3","20","99","1",NA,"Within Range","Within Range",0,18476,0,15,NA,"1",NA
"Varian GC","Max Wegner","20230815","2023","June","5","1553","EDT","G","Saltwater","H3","35","100","1",NA,"Within Range","Within Range",0,22914,0,19,NA,"1",NA
"Varian GC","Max Wegner","20230815","2023","June","5","1554","EDT","G","Saltwater","H3","50","101","1",NA,"Within Range","Within Range",0,31382,0,26,NA,"1",NA
"Varian GC","Max Wegner","20230815","2023","June","5","1556","EDT","G","Saltwater","H6","10","102","1",NA,"Within Range","Within Range",1,27694,0,23,NA,"1",NA
"Varian GC","Max Wegner","20230815","2023","June","5","1557","EDT","G","Saltwater","H6","20","103","1",NA,"Within Range","Within Range",0,42746,0,35,NA,"1",NA
"Varian GC","Max Wegner","20230815","2023","June","5","1558","EDT","G","Saltwater","H6","35","104","1",NA,"Within Range","Needs Dilution",0,51169,0,42,NA,"1",NA
"Varian GC","Max Wegner","20230815","2023","June","5","1600","EDT","G","Saltwater","H6","50","105","1",NA,"Within Range","Within Range",0,45141,0,37,NA,"1",NA
"Varian GC","Max Wegner","20230815","2023","June","5","1207","EDT","G","Freshwater","C3","10","106","1",NA,"Within Range","Within Range",1,9755,0,8,NA,"1",NA
"Varian GC","Max Wegner","20230815","2023","June","5","1210","EDT","G","Freshwater","C3","20","107","1",NA,"Within Range","Within Range",1,19880,0,16,NA,"1",NA
"Varian GC","Max Wegner","20230815","2023","June","5","1212","EDT","G","Freshwater","C3","35","108","1",NA,"Within Range","Within Range",1,19715,0,16,NA,"1",NA
"Varian GC","Max Wegner","20230815","2023","June","5","1214","EDT","G","Freshwater","C3","50","109","1",NA,"Within Range","Within Range",1,32354,0,26,NA,"1",NA
"Varian GC","Max Wegner","20230815","2023","June","5","1408","EDT","G","Freshwater","C6","10","110","1",NA,"Within Range","Within Range",1,22896,0,19,NA,"1",NA
"Varian GC","Max Wegner","20230815","2023","June","5","1419","EDT","G","Freshwater","C6","20","111","1",NA,"Within Range","Within Range",0,28397,0,23,NA,"1",NA
"Varian GC","Max Wegner","20230815","2023","June","5","1416","EDT","G","Freshwater","C6","35","112","1",NA,"Within Range","Within Range",0,31053,0,25,NA,"1",NA
"Varian GC","Max Wegner","20230815","2023","June","5","1502","EDT","G","Freshwater","C6","50","113","1",NA,"Within Range","Within Range",0,40805,0,33,"water in vial","1",NA
"Varian GC","Max Wegner","20230815","2023","June","5","1526","EDT","G","Freshwater","F4","10","114","1",NA,"Within Range","Within Range",2,5341,0,4,NA,"1",NA
"Varian GC","Max Wegner","20230815","2023","June","5","1528","EDT","G","Freshwater","F4","20","115","1",NA,"Within Range","Within Range",1,20232,0,17,NA,"1",NA
"Varian GC","Max Wegner","20230815","2023","June","5","1530","EDT","G","Freshwater","F4","35","116","1",NA,"Within Range","Within Range",1,13382,0,11,NA,"1",NA
"Varian GC","Max Wegner","20230815","2023","June","5","1531","EDT","G","Freshwater","F4","50","117","1",NA,"Within Range","Within Range",0,30520,0,25,NA,"1",NA
"Varian GC","Max Wegner","20230815","2023","June","5","1532","EDT","G","Freshwater","F4","ATM","118","1",NA,"Within Range","Within Range",2,439,0,0,NA,"1",NA
"Varian GC","Max Wegner","20230815","2023","June","5","1518","EDT","G","Freshwater","H3","10","119","1",NA,"Within Range","Within Range",2,9335,0,8,NA,"1",NA
"Varian GC","Max Wegner","20230815","2023","June","5","1520","EDT","G","Freshwater","H3","20","120","1",NA,"Within Range","Within Range",1,23433,0,19,NA,"1",NA
"Varian GC","Max Wegner","20230815","2023","June","5","1522","EDT","G","Freshwater","H3","35","121","1",NA,"Within Range","Within Range",1,24511,0,20,NA,"1",NA
"Varian GC","Max Wegner","20230815","2023","June","5","1524","EDT","G","Freshwater","H3","50","122","1",NA,"Within Range","Within Range",1,24302,0,20,NA,"1",NA
"Varian GC","Max Wegner","20230815","2023","June","5","1534","EDT","G","Freshwater","H6","10","123","1",NA,"Within Range","Within Range",1,13780,0,11,NA,"1",NA
"Varian GC","Max Wegner","20230815","2023","June","5","1535","EDT","G","Freshwater","H6","20","124","1",NA,"Within Range","Within Range",1,27813,0,23,NA,"1",NA
"Varian GC","Max Wegner","20230815","2023","June","5","1537","EDT","G","Freshwater","H6","35","125","1",NA,"Within Range","Within Range",1,19789,0,16,NA,"1",NA
"Varian GC","Max Wegner","20230815","2023","June","5","1539","EDT","G","Freshwater","H6","50","126","1",NA,"Within Range","Within Range",2,37917,0,31,NA,"1",NA
"Varian GC","Max Wegner","20230815","2023","June","6","1348","EDT","G","Control","C3","10","127","1",NA,"Within Range","Within Range",2,4572,0,4,NA,"2",NA
"Varian GC","Max Wegner","20230815","2023","June","6","1350","EDT","G","Control","C3","20","128","1",NA,"Within Range","Within Range",1,7770,0,6,NA,"2",NA
"Varian GC","Max Wegner","20230815","2023","June","6","1351","EDT","G","Control","C3","35","129","1",NA,"Within Range","Within Range",1,11187,0,9,NA,"2",NA
"Varian GC","Max Wegner","20230815","2023","June","6","1352","EDT","G","Control","C3","50","130","1",NA,"Within Range","Within Range",0,18971,0,16,NA,"2",NA
"Varian GC","Max Wegner","20230815","2023","June","6","1355","EDT","G","Control","C6","10","131","1",NA,"Within Range","Within Range",2,4656,0,4,NA,"2",NA
"Varian GC","Max Wegner","20230815","2023","June","6","1357","EDT","G","Control","C6","20","132","1",NA,"Within Range","Within Range",1,15970,0,13,NA,"2",NA
"Varian GC","Max Wegner","20230815","2023","June","6","1411","EDT","G","Control","C6","35","133","1",NA,"Within Range","Within Range",1,15061,0,12,NA,"2",NA
"Varian GC","Max Wegner","20230815","2023","June","6","1412","EDT","G","Control","C6","50","134","1",NA,"Within Range","Within Range",1,16479,0,13,NA,"2",NA
"Varian GC","Max Wegner","20230815","2023","June","6","1632","EDT","G","Control","F4","10","135","1",NA,"Within Range","Within Range",2,4171,0,3,NA,"2",NA
"Varian GC","Max Wegner","20230815","2023","June","6","1635","EDT","G","Control","F4","20","136","1",NA,"Within Range","Within Range",1,11923,0,10,NA,"2",NA
"Varian GC","Max Wegner","20230815","2023","June","6","1636","EDT","G","Control","F4","35","137","1",NA,"Within Range","Within Range",1,8434,0,7,NA,"2",NA
"Varian GC","Max Wegner","20230815","2023","June","6","1637","EDT","G","Control","F4","50","138","1",NA,"Within Range","Within Range",1,12809,0,10,NA,"2",NA
"Varian GC","Max Wegner","20230815","2023","June","6","1638","EDT","G","Control","F4","ATM","139","1",NA,"Within Range","Within Range",2,647,0,1,NA,"2",NA
"Varian GC","Max Wegner","20230815","2023","June","6","1640","EDT","G","Control","H3","10","140","1",NA,"Within Range","Within Range",1,4864,0,4,NA,"2",NA
"Varian GC","Max Wegner","20230815","2023","June","6","1641","EDT","G","Control","H3","20","141","1",NA,"Within Range","Within Range",1,12025,0,10,NA,"2",NA
"Varian GC","Max Wegner","20230815","2023","June","6","1642","EDT","G","Control","H3","35","142","1",NA,"Within Range","Within Range",1,15602,0,13,NA,"2",NA
"Varian GC","Max Wegner","20230815","2023","June","6","1644","EDT","G","Control","H3","50","143","1",NA,"Within Range","Within Range",1,18745,0,15,NA,"2",NA
"Varian GC","Max Wegner","20230815","2023","June","6","1645","EDT","G","Control","H6","10","144","1",NA,"Within Range","Within Range",2,2716,0,2,NA,"2",NA
"Varian GC","Max Wegner","20230815","2023","June","6","1646","EDT","G","Control","H6","20","145","1",NA,"Within Range","Within Range",1,9186,0,8,NA,"2",NA
"Varian GC","Max Wegner","20230815","2023","June","6","1647","EDT","G","Control","H6","35","146","1",NA,"Within Range","Within Range",1,15579,0,13,NA,"2",NA
"Varian GC","Max Wegner","20230815","2023","June","6","1648","EDT","G","Control","H6","50","147","1",NA,"Within Range","Within Range",1,14876,0,12,NA,"2",NA
"Varian GC","Max Wegner","20230815","2023","June","6","1214","EDT","W","Freshwater","C3","10","169","1",NA,"Within Range","Within Range",2,5730,0,234,"15 mL gas / 15 water","2",NA
"Varian GC","Max Wegner","20230815","2023","June","6","1220","EDT","W","Freshwater","C3","20","170","1",NA,"Within Range","Within Range",2,8782,0,359,NA,"2",NA
"Varian GC","Max Wegner","20230815","2023","June","6","1226","EDT","W","Freshwater","C3","35","171","1",NA,"Within Range","Within Range",2,10162,0,415,NA,"2",NA
"Varian GC","Max Wegner","20230815","2023","June","6","1230","EDT","W","Freshwater","C3","50","172","1",NA,"Within Range","Within Range",2,17663,0,722,NA,"2",NA
"Varian GC","Max Wegner","20230815","2023","June","6","1236","EDT","W","Freshwater","C6","10","173","1",NA,"Within Range","Within Range",2,6770,0,277,"15 mL gas & W","2",NA
"Varian GC","Max Wegner","20230815","2023","June","6","1240","EDT","G","Freshwater","C6","20","174","1",NA,"Within Range","Within Range",1,24728,0,20,NA,"2",NA
"Varian GC","Max Wegner","20230815","2023","June","6","1242","EDT","W","Freshwater","C6","35","175","1",NA,"Within Range","Within Range",2,13134,0,537,NA,"2",NA
"Varian GC","Max Wegner","20230815","2023","June","6","1250","EDT","W","Freshwater","C6","50","176","1",NA,"Within Range","Within Range",2,19096,0,780,NA,"2",NA
"Varian GC","Max Wegner","20230815","2023","June","6","1420","EDT","W","Freshwater","F4","10","177","1",NA,"Within Range","Within Range",2,6439,0,263,NA,"2",NA
"Varian GC","Max Wegner","20230815","2023","June","6","1428","EDT","W","Freshwater","F4","20","178","1",NA,"Within Range","Within Range",2,13851,0,566,NA,"2",NA
"Varian GC","Max Wegner","20230815","2023","June","6","1430","EDT","W","Freshwater","F4","35","179","1",NA,"Within Range","Within Range",2,7732,0,316,NA,"2",NA
"Varian GC","Max Wegner","20230815","2023","June","6","1440","EDT","W","Freshwater","F4","50","180","1",NA,"Within Range","Within Range",2,16457,0,673,NA,"2",NA
"Varian GC","Max Wegner","20230815","2023","June","6","1443","EDT","G","Freshwater","F4","ATM","181","1",NA,"Within Range","Within Range",2,423,0,0,NA,"2",NA
"Varian GC","Max Wegner","20230815","2023","June","6","1444","EDT","W","Freshwater","H3","10","182","1",NA,"Within Range","Within Range",2,4671,0,191,NA,"2",NA
"Varian GC","Max Wegner","20230815","2023","June","6","1449","EDT","G","Freshwater","H3","20","183","1",NA,"Within Range","Within Range",1,19075,0,16,NA,"2",NA
"Varian GC","Max Wegner","20230816","2023","June","6","1259","EDT","W","Saltwater","C3","10","148","1",NA,"Within Range","Within Range",5,8797,0,360,NA,"2",NA
"Varian GC","Max Wegner","20230816","2023","June","6","1305","EDT","W","Saltwater","C3","20","149","1",NA,"Within Range","Within Range",3,11453,0,468,"water in vial","2",NA
"Varian GC","Max Wegner","20230816","2023","June","6","1310","EDT","W","Saltwater","C3","35","150","1",NA,"Within Range","Within Range",3,15236,0,623,NA,"2",NA
"Varian GC","Max Wegner","20230816","2023","June","6","1315","EDT","W","Saltwater","C3","50","151","1",NA,"Within Range","Within Range",2,18307,0,748,NA,"2",NA
"Varian GC","Max Wegner","20230816","2023","June","6","1322","EDT","W","Saltwater","C6","10","152","1",NA,"Within Range","Within Range",4,9043,0,370,"water in vial","2",NA
"Varian GC","Max Wegner","20230816","2023","June","6","1331","EDT","W","Saltwater","C6","20","153","1",NA,"Within Range","Within Range",3,14590,0,596,NA,"2",NA
"Varian GC","Max Wegner","20230816","2023","June","6","1336","EDT","W","Saltwater","C6","35","154","1",NA,"Within Range","Within Range",3,15116,0,618,NA,"2",NA
"Varian GC","Max Wegner","20230816","2023","June","6","1342","EDT","W","Saltwater","C6","50","155","1",NA,"Within Range","Within Range",3,15137,0,619,NA,"2",NA
"Varian GC","Max Wegner","20230816","2023","June","6","1534","EDT","W","Saltwater","F4","10","156","1",NA,"Within Range","Within Range",5,5729,0,234,NA,"2",NA
"Varian GC","Max Wegner","20230816","2023","June","6","1540","EDT","G","Saltwater","F4","20","157","1",NA,"Within Range","Within Range",2,24701,0,20,NA,"2",NA
"Varian GC","Max Wegner","20230816","2023","June","6","1546","EDT","W","Saltwater","F4","35","158","1",NA,"Within Range","Within Range",3,14235,0,582,NA,"2",NA
"Varian GC","Max Wegner","20230816","2023","June","6","1549","EDT","W","Saltwater","F4","50","159","1",NA,"Within Range","Within Range",3,12925,0,528,NA,"2",NA
"Varian GC","Max Wegner","20230816","2023","June","6","1551","EDT","G","Saltwater","F4","ATM","160","1",NA,"Within Range","Within Range",2,402,0,0,NA,"2",NA
"Varian GC","Max Wegner","20230816","2023","June","6","1554","EDT","G","Saltwater","H3","10","161","1",NA,"Within Range","Within Range",3,3645,0,3,NA,"2",NA
"Varian GC","Max Wegner","20230816","2023","June","6","1559","EDT","G","Saltwater","H3","20","162","1",NA,"Within Range","Within Range",2,20284,0,17,NA,"2",NA
"Varian GC","Max Wegner","20230816","2023","June","6","1603","EDT","W","Saltwater","H3","35","163","1",NA,"Within Range","Within Range",3,14984,0,612,NA,"2",NA
"Varian GC","Max Wegner","20230816","2023","June","6","1608","EDT","W","Saltwater","H3","50","164","1",NA,"Within Range","Within Range",2,14654,0,599,NA,"2",NA
"Varian GC","Max Wegner","20230816","2023","June","6","1613","EDT","W","Saltwater","H6","10","165","1",NA,"Within Range","Within Range",5,14493,0,592,NA,"2",NA
"Varian GC","Max Wegner","20230816","2023","June","6","1618","EDT","W","Saltwater","H6","20","166","1",NA,"Within Range","Within Range",3,17918,0,732,NA,"2",NA
"Varian GC","Max Wegner","20230816","2023","June","6","1622","EDT","W","Saltwater","H6","35","167","1",NA,"Within Range","Within Range",3,19112,0,781,NA,"2",NA
"Varian GC","Max Wegner","20230816","2023","June","6","1626","EDT","W","Saltwater","H6","50","168","1",NA,"Within Range","Within Range",3,22764,0,930,NA,"2",NA
"Varian GC","Max Wegner","20230816","2023","June","6","1508","EDT","W","Freshwater","H6","20","187","1",NA,"Within Range","Within Range",0,57,0,2,NA,"2",NA
"Varian GC","Max Wegner","20230816","2023","June","6","1510","EDT","G","Freshwater","H6","35","188","1",NA,"Within Range","Within Range",1,17031,0,14,NA,"2",NA
"Varian GC","Max Wegner","20230816","2023","June","6","1512","EDT","G","Freshwater","H6","50","189","1",NA,"Within Range","Within Range",1,30791,0,25,NA,"2",NA
"Varian GC","Max Wegner","20230816","2023","June","7","953","EDT","G","Control","C3","10","190","1",NA,"Within Range","Within Range",2,4677,0,4,NA,"3_AM",NA
"Varian GC","Max Wegner","20230816","2023","June","7","955","EDT","G","Control","C3","20","191","1",NA,"Within Range","Within Range",1,8673,0,7,NA,"3_AM",NA
"Varian GC","Max Wegner","20230816","2023","June","7","956","EDT","G","Control","C3","35","192","1",NA,"Within Range","Within Range",1,11833,0,10,NA,"3_AM",NA
"Varian GC","Max Wegner","20230816","2023","June","7","958","EDT","G","Control","C3","50","193","1",NA,"Within Range","Within Range",1,20618,0,17,NA,"3_AM",NA
"Varian GC","Max Wegner","20230816","2023","June","7","1000","EDT","G","Control","C6","10","194","1",NA,"Within Range","Within Range",2,5011,0,4,NA,"3_AM",NA
"Varian GC","Max Wegner","20230816","2023","June","7","1001","EDT","G","Control","C6","20","195","1",NA,"Within Range","Within Range",1,16237,0,13,NA,"3_AM",NA
"Varian GC","Max Wegner","20230816","2023","June","7","1002","EDT","G","Control","C6","35","196","1",NA,"Within Range","Within Range",1,16359,0,13,NA,"3_AM",NA
"Varian GC","Max Wegner","20230816","2023","June","7","1003","EDT","G","Control","C6","50","197","1",NA,"Within Range","Within Range",1,17492,0,14,NA,"3_AM",NA
"Varian GC","Max Wegner","20230816","2023","June","7","1005","EDT","G","Control","F4","10","198","1",NA,"Within Range","Within Range",2,5012,0,4,NA,"3_AM",NA
"Varian GC","Max Wegner","20230816","2023","June","7","1006","EDT","G","Control","F4","20","199","1",NA,"Within Range","Within Range",1,12535,0,10,NA,"3_AM",NA
"Varian GC","Max Wegner","20230816","2023","June","7","1008","EDT","G","Control","F4","35","200","1",NA,"Within Range","Within Range",1,9637,0,8,NA,"3_AM",NA
"Varian GC","Max Wegner","20230816","2023","June","7","1009","EDT","G","Control","F4","50","201","1",NA,"Within Range","Within Range",1,15007,0,12,NA,"3_AM",NA
"Varian GC","Max Wegner","20230816","2023","June","7","1010","EDT","G","Control","F4","ATM","202","1",NA,"Within Range","Within Range",2,447,0,0,NA,"3_AM",NA
"Varian GC","Max Wegner","20230816","2023","June","7","1011","EDT","G","Control","H3","10","203","1",NA,"Within Range","Within Range",1,5482,0,4,NA,"3_AM",NA
"Varian GC","Max Wegner","20230816","2023","June","7","1012","EDT","G","Control","H3","20","204","1",NA,"Within Range","Within Range",1,11921,0,10,NA,"3_AM",NA
"Varian GC","Max Wegner","20230816","2023","June","7","1013","EDT","G","Control","H3","35","205","1",NA,"Within Range","Within Range",1,17275,0,14,NA,"3_AM",NA
"Varian GC","Max Wegner","20230816","2023","June","7","1014","EDT","G","Control","H3","50","206","1",NA,"Within Range","Within Range",1,18856,0,15,NA,"3_AM",NA
"Varian GC","Max Wegner","20230816","2023","June","7","1017","EDT","G","Control","H6","10","207","1",NA,"Within Range","Within Range",2,2587,0,2,NA,"3_AM",NA
"Varian GC","Max Wegner","20230816","2023","June","7","1019","EDT","G","Control","H6","20","208","1",NA,"Within Range","Within Range",1,9469,0,8,NA,"3_AM",NA
"Varian GC","Max Wegner","20230816","2023","June","7","1021","EDT","G","Control","H6","35","209","1",NA,"Within Range","Within Range",1,16366,0,13,NA,"3_AM",NA
"Varian GC","Max Wegner","20230816","2023","June","7","1023","EDT","G","Control","H6","50","210","1",NA,"Within Range","Within Range",1,16669,0,14,NA,"3_AM",NA
"Varian GC","Max Wegner","20230816","2023","June","7","812","EDT","W","Saltwater","C3","10","211","1",NA,"Within Range","Within Range",4,6708,0,274,NA,"3_AM",NA
"Varian GC","Max Wegner","20230816","2023","June","7","816","EDT","G","Saltwater","C3","20","212","1",NA,"Within Range","Within Range",4,18468,0,15,NA,"3_AM",NA
"Varian GC","Max Wegner","20230816","2023","June","7","821","EDT","W","Saltwater","C3","35","213","1",NA,"Within Range","Within Range",3,16005,0,654,NA,"3_AM",NA
"Varian GC","Max Wegner","20230816","2023","June","7","827","EDT","W","Saltwater","C3","50","214","1",NA,"Within Range","Within Range",3,20472,0,837,NA,"3_AM",NA
"Varian GC","Max Wegner","20230816","2023","June","7","943","EDT","W","Saltwater","C6","10","215","1",NA,"Within Range","Within Range",4,8145,0,333,NA,"3_AM",NA
"Varian GC","Max Wegner","20230816","2023","June","7","949","EDT","W","Saltwater","C6","20","216","1",NA,"Within Range","Within Range",3,18492,0,756,NA,"3_AM",NA
"Varian GC","Max Wegner","20230816","2023","June","7","953","EDT","W","Saltwater","C6","35","217","1",NA,"Within Range","Within Range",3,16117,0,659,NA,"3_AM",NA
"Varian GC","Max Wegner","20230816","2023","June","7","1013","EDT","W","Saltwater","C6","50","218","1",NA,"Within Range","Within Range",4,14313,0,585,NA,"3_AM",NA
"Varian GC","Max Wegner","20230816","2023","June","7","837","EDT","W","Saltwater","F4","10","219","1",NA,"Within Range","Within Range",5,5663,0,231,NA,"3_AM",NA
"Varian GC","Max Wegner","20230816","2023","June","7","842","EDT","W","Saltwater","F4","20","220","1",NA,"Within Range","Within Range",4,14609,0,597,NA,"3_AM",NA
"Varian GC","Max Wegner","20230816","2023","June","7","848","EDT","W","Saltwater","F4","35","221","1",NA,"Within Range","Within Range",3,16350,0,668,NA,"3_AM",NA
"Varian GC","Max Wegner","20230816","2023","June","7","854","EDT","W","Saltwater","F4","50","222","1",NA,"Within Range","Within Range",3,19244,0,787,NA,"3_AM",NA
"Varian GC","Max Wegner","20230816","2023","June","7","857","EDT","G","Saltwater","F4","ATM","223","1",NA,"Within Range","Within Range",3,528,0,0,NA,"3_AM",NA
"Varian GC","Max Wegner","20230816","2023","June","7","820","EDT","W","Freshwater","C3","10","232","1",NA,"Within Range","Within Range",2,8100,0,331,NA,"3_AM",NA
"Varian GC","Max Wegner","20230816","2023","June","7","823","EDT","W","Freshwater","C3","20","233","1",NA,"Within Range","Within Range",2,10013,0,409,NA,"3_AM",NA
"Varian GC","Max Wegner","20230816","2023","June","7","825","EDT","W","Freshwater","C3","35","234","1",NA,"Within Range","Within Range",2,10876,0,445,NA,"3_AM",NA
"Varian GC","Max Wegner","20230816","2023","June","7","830","EDT","W","Freshwater","C3","50","235","1",NA,"Within Range","Within Range",2,18495,0,756,NA,"3_AM",NA
"Varian GC","Max Wegner","20230816","2023","June","7","840","EDT","W","Freshwater","C6","10","236","1",NA,"Within Range","Within Range",2,14415,0,589,NA,"3_AM",NA
"Varian GC","Max Wegner","20230816","2023","June","7","850","EDT","W","Freshwater","C6","20","237","1",NA,"Within Range","Within Range",1,36006,0,1472,"water in vial","3_AM",NA
"Varian GC","Max Wegner","20230816","2023","June","7","840","EDT","W","Freshwater","C6","35","238","1",NA,"Within Range","Within Range",2,13033,0,533,NA,"3_AM",NA
"Varian GC","Max Wegner","20230816","2023","June","7","852","EDT","W","Freshwater","C6","50","239","1",NA,"Within Range","Within Range",2,19875,0,812,"vented to ATM prior to evac","3_AM",NA
"Varian GC","Max Wegner","20230816","2023","June","7","856","EDT","W","Freshwater","F4","10","240","1",NA,"Within Range","Within Range",2,6803,0,278,"water in vial","3_AM",NA
"Varian GC","Max Wegner","20230816","2023","June","7","906","EDT","W","Freshwater","F4","20","241","1",NA,"Within Range","Within Range",2,21304,0,871,"19 mL gas","3_AM",NA
"Varian GC","Max Wegner","20230816","2023","June","7","856","EDT","W","Freshwater","F4","35","242","1",NA,"Within Range","Within Range",2,10282,0,420,NA,"3_AM",NA
"Varian GC","Max Wegner","20230816","2023","June","7","906","EDT","W","Freshwater","F4","50","243","1",NA,"Within Range","Within Range",2,17062,0,697,NA,"3_AM",NA
"Varian GC","Max Wegner","20230816","2023","June","7","910","EDT","G","Freshwater","F4","ATM","244","1",NA,"Within Range","Within Range",2,521,0,0,NA,"3_AM",NA
"Varian GC","Max Wegner","20230816","2023","June","7","915","EDT","G","Freshwater","H3","10","245","1",NA,"Within Range","Within Range",2,8726,0,7,NA,"3_AM",NA
"Varian GC","Max Wegner","20230816","2023","June","7","910","EDT","G","Freshwater","H3","20","246","1",NA,"Within Range","Within Range",2,16962,0,14,NA,"3_AM",NA
"Varian GC","Max Wegner","20230816","2023","June","7","913","EDT","W","Freshwater","H3","35","247","1",NA,"Within Range","Within Range",2,15199,0,621,NA,"3_AM",NA
"Varian GC","Max Wegner","20230816","2023","June","7","915","EDT","W","Freshwater","H3","50","248","1",NA,"Within Range","Within Range",2,16109,0,658,NA,"3_AM",NA
"Varian GC","Max Wegner","20230816","2023","June","7","920","EDT","W","Freshwater","H6","10","249","1",NA,"Within Range","Within Range",2,5851,0,239,NA,"3_AM",NA
"Varian GC","Max Wegner","20230816","2023","June","7","925","EDT","W","Freshwater","H6","20","250","1",NA,"Within Range","Within Range",2,10349,0,423,NA,"3_AM",NA
"Varian GC","Max Wegner","20230816","2023","June","7","930","EDT","W","Freshwater","H6","35","251","1",NA,"Within Range","Within Range",2,8671,0,354,NA,"3_AM",NA
"Varian GC","Max Wegner","20230816","2023","June","7","932","EDT","W","Freshwater","H6","50","252","1",NA,"Within Range","Within Range",2,19596,0,801,NA,"3_AM",NA
"Varian GC","Max Wegner","20230825","2023","June","5","1620","EDT","G","Control","H6","10","81","1",NA,"Within Range","Within Range",2,3007,0,2,NA,"1",NA
"Varian GC","Max Wegner","20230825","2023","June","5","1625","EDT","G","Control","H6","20","82","1",NA,"Within Range","Within Range",1,11837,0,10,NA,"1",NA
"Varian GC","Max Wegner","20230825","2023","June","6","1455","EDT","W","Freshwater","H3","35","184","1",NA,"Within Range","Within Range",2,14378,0,588,NA,"2",NA
"Varian GC","Max Wegner","20230825","2023","June","6","1500","EDT","W","Freshwater","H3","50","185","1",NA,"Within Range","Within Range",2,16467,0,673,NA,"2",NA
"Varian GC","Max Wegner","20230825","2023","June","6","1503","EDT","W","Freshwater","H6","10","186","1",NA,"Within Range","Within Range",2,3849,0,157,NA,"2",NA
"Varian GC","Max Wegner","20230825","2023","June","7","903","EDT","W","Saltwater","H3","10","224","1",NA,"Within Range","Within Range",3,3080,0,126,NA,"3_AM",NA
"Varian GC","Max Wegner","20230825","2023","June","7","908","EDT","G","Saltwater","H3","20","225","1",NA,"Within Range","Within Range",2,26931,0,22,NA,"3_AM",NA
"Varian GC","Max Wegner","20230825","2023","June","7","910","EDT","W","Saltwater","H3","35","226","1",NA,"Within Range","Within Range",3,17191,0,703,NA,"3_AM",NA
"Varian GC","Max Wegner","20230825","2023","June","7","915","EDT","W","Saltwater","H3","50","227","1",NA,"Within Range","Within Range",3,15579,0,637,NA,"3_AM",NA
"Varian GC","Max Wegner","20230825","2023","June","7","922","EDT","W","Saltwater","H6","10","228","1",NA,"Within Range","Within Range",8,12649,0,517,NA,"3_AM",NA
"Varian GC","Max Wegner","20230825","2023","June","7","927","EDT","W","Saltwater","H6","20","229","1",NA,"Within Range","Within Range",3,24733,0,1011,NA,"3_AM",NA
"Varian GC","Max Wegner","20230825","2023","June","7","932","EDT","W","Saltwater","H6","35","230","1",NA,"Within Range","Within Range",3,23622,0,966,NA,"3_AM",NA
"Varian GC","Max Wegner","20230825","2023","June","7","936","EDT","W","Saltwater","H6","50","231","1",NA,"Within Range","Within Range",3,24760,0,1012,NA,"3_AM",NA
"Varian GC","Max Wegner","20230825","2023","June","8","1313","EDT","G","Control","C3","10","253","1",NA,"Within Range","Within Range",3,6288,0,5,NA,"3_PM",NA
"Varian GC","Max Wegner","20230825","2023","June","8","1315","EDT","G","Control","C3","20","254","1",NA,"Within Range","Within Range",2,10335,0,8,NA,"3_PM",NA
"Varian GC","Max Wegner","20230825","2023","June","8","1316","EDT","G","Control","C3","35","255","1",NA,"Within Range","Within Range",1,15883,0,13,NA,"3_PM",NA
"Varian GC","Max Wegner","20230825","2023","June","8","1317","EDT","G","Control","C3","50","256","1",NA,"Within Range","Within Range",3,873,0,1,NA,"3_PM",NA
"Varian GC","Max Wegner","20230825","2023","June","8","1318","EDT","G","Control","C6","10","257","1",NA,"Within Range","Within Range",3,6450,0,5,NA,"3_PM",NA
"Varian GC","Max Wegner","20230825","2023","June","8","1320","EDT","G","Control","C6","20","258","1",NA,"Within Range","Within Range",2,19365,0,16,NA,"3_PM",NA
"Varian GC","Max Wegner","20230825","2023","June","8","1321","EDT","G","Control","C6","35","259","1",NA,"Within Range","Within Range",2,18999,0,16,NA,"3_PM",NA
"Varian GC","Max Wegner","20230825","2023","June","8","1322","EDT","G","Control","C6","50","260","1",NA,"Within Range","Within Range",2,19658,0,16,NA,"3_PM",NA
"Varian GC","Max Wegner","20230825","2023","June","8","1323","EDT","G","Control","F4","10","261","1",NA,"Within Range","Within Range",2,6860,0,6,NA,"3_PM",NA
"Varian GC","Max Wegner","20230825","2023","June","8","1324","EDT","G","Control","F4","20","262","1",NA,"Within Range","Within Range",2,14345,0,12,NA,"3_PM",NA
"Varian GC","Max Wegner","20230825","2023","June","8","1325","EDT","G","Control","F4","35","263","1",NA,"Within Range","Within Range",2,11233,0,9,NA,"3_PM",NA
"Varian GC","Max Wegner","20230825","2023","June","8","1326","EDT","G","Control","F4","50","264","1",NA,"Within Range","Within Range",2,17087,0,14,NA,"3_PM",NA
"Varian GC","Max Wegner","20230825","2023","June","8","1327","EDT","G","Control","F4","ATM","265","1",NA,"Within Range","Within Range",3,847,0,1,NA,"3_PM",NA
"Varian GC","Max Wegner","20230825","2023","June","8","1418","EDT","G","Control","H3","10","266","1",NA,"Within Range","Within Range",2,7124,0,6,NA,"3_PM",NA
"Varian GC","Max Wegner","20230825","2023","June","8","1420","EDT","G","Control","H3","20","267","1",NA,"Within Range","Within Range",2,13821,0,11,NA,"3_PM",NA
"Varian GC","Max Wegner","20230825","2023","June","8","1421","EDT","G","Control","H3","35","268","1",NA,"Within Range","Within Range",2,18949,0,15,NA,"3_PM",NA
"Varian GC","Max Wegner","20230825","2023","June","8","1421","EDT","G","Control","H3","50","269","1",NA,"Within Range","Within Range",2,20845,0,17,NA,"3_PM",NA
"Varian GC","Max Wegner","20230825","2023","June","8","1423","EDT","G","Control","H6","10","270","1",NA,"Within Range","Within Range",2,4214,0,3,NA,"3_PM",NA
"Varian GC","Max Wegner","20230825","2023","June","8","1424","EDT","G","Control","H6","20","271","1",NA,"Within Range","Within Range",1,11384,0,9,NA,"3_PM",NA
"Varian GC","Max Wegner","20230825","2023","June","8","1426","EDT","G","Control","H6","35","272","1",NA,"Within Range","Within Range",1,18649,0,15,NA,"3_PM",NA
"Varian GC","Max Wegner","20230825","2023","June","8","1428","EDT","G","Control","H6","50","273","1",NA,"Within Range","Within Range",1,18782,0,15,NA,"3_PM",NA
"Varian GC","Max Wegner","20230825","2023","June","8","1238","EDT","G","Saltwater","C3","10","274","1",NA,"Within Range","Within Range",6,10175,0,8,NA,"3_PM",NA
"Varian GC","Max Wegner","20230825","2023","June","8","1239","EDT","G","Saltwater","C3","20","275","1",NA,"Within Range","Within Range",3,7976,0,7,NA,"3_PM",NA
"Varian GC","Max Wegner","20230825","2023","June","8","1240","EDT","G","Saltwater","C3","35","276","1",NA,"Within Range","Within Range",3,18958,0,15,NA,"3_PM",NA
"Varian GC","Max Wegner","20230825","2023","June","8","1243","EDT","G","Saltwater","C3","50","277","1",NA,"Within Range","Within Range",3,22068,0,18,NA,"3_PM",NA
"Varian GC","Max Wegner","20230825","2023","June","8","1245","EDT","G","Saltwater","C6","10","278","1",NA,"Within Range","Within Range",6,7853,0,6,NA,"3_PM",NA
"Varian GC","Max Wegner","20230825","2023","June","8","1247","EDT","G","Saltwater","C6","20","279","1",NA,"Within Range","Within Range",4,21164,0,17,NA,"3_PM",NA
"Varian GC","Max Wegner","20230825","2023","June","8","1252","EDT","W","Saltwater","C6","35","280","1",NA,"Within Range","Within Range",4,16800,0,687,NA,"3_PM",NA
"Varian GC","Max Wegner","20230825","2023","June","8","1256","EDT","W","Saltwater","C6","50","281","1",NA,"Within Range","Within Range",6,15063,0,616,NA,"3_PM",NA
"Varian GC","Max Wegner","20230825","2023","June","8","1259","EDT","G","Saltwater","F4","10","282","1",NA,"Within Range","Within Range",6,6555,0,5,"water in vial","3_PM",NA
"Varian GC","Max Wegner","20230825","2023","June","8","1302","EDT","G","Saltwater","F4","20","283","1",NA,"Within Range","Within Range",6,10670,0,9,NA,"3_PM",NA
"Varian GC","Max Wegner","20230825","2023","June","8","1303","EDT","W","Saltwater","F4","35","284","1",NA,"Within Range","Within Range",3,19713,0,806,NA,"3_PM",NA
"Varian GC","Max Wegner","20230825","2023","June","8","1305","EDT","W","Saltwater","F4","50","285","1",NA,"Within Range","Within Range",4,21960,0,898,NA,"3_PM",NA
"Varian GC","Max Wegner","20230825","2023","June","8","1331","EDT","G","Saltwater","F4","ATM","286","1",NA,"Within Range","Within Range",3,722,0,1,NA,"3_PM",NA
"Varian GC","Max Wegner","20230825","2023","June","8","1357","EDT","G","Saltwater","H3","10","287","1",NA,"Within Range","Within Range",3,3205,0,3,NA,"3_PM",NA
"Varian GC","Max Wegner","20230825","2023","June","8","1358","EDT","G","Saltwater","H3","20","288","1",NA,"Within Range","Within Range",4,16389,0,13,NA,"3_PM",NA
"Varian GC","Max Wegner","20230825","2023","June","8","1359","EDT","G","Saltwater","H3","35","289","1",NA,"Within Range","Within Range",4,17542,0,14,NA,"3_PM",NA
"Varian GC","Max Wegner","20230825","2023","June","8","1401","EDT","G","Saltwater","H3","50","290","1",NA,"Within Range","Within Range",3,15846,0,13,NA,"3_PM",NA
"Varian GC","Max Wegner","20230825","2023","June","8","1405","EDT","G","Saltwater","H6","10","291","1",NA,"Within Range","Within Range",7,17698,0,14,NA,"3_PM",NA
"Varian GC","Max Wegner","20230825","2023","June","8","1407","EDT","G","Saltwater","H6","20","292","1",NA,"Within Range","Within Range",4,25136,0,21,NA,"3_PM",NA
"Varian GC","Max Wegner","20230825","2023","June","8","1408","EDT","G","Saltwater","H6","35","293","1",NA,"Within Range","Within Range",4,24706,0,20,NA,"3_PM",NA
"Varian GC","Max Wegner","20230825","2023","June","8","1410","EDT","W","Saltwater","H6","50","294","1",NA,"Within Range","Within Range",4,22216,0,908,NA,"3_PM",NA
"Varian GC","Max Wegner","20230825","2023","June","8","1201","EDT","G","Freshwater","C3","10","295","1",NA,"Within Range","Within Range",3,8426,0,7,NA,"3_PM",NA
"Varian GC","Max Wegner","20230825","2023","June","8","1203","EDT","G","Freshwater","C3","20","296","1",NA,"Within Range","Within Range",3,10705,0,9,NA,"3_PM",NA
"Varian GC","Max Wegner","20230825","2023","June","8","1209","EDT","W","Freshwater","C3","35","297","1",NA,"Within Range","Within Range",3,13676,0,559,NA,"3_PM",NA
"Varian GC","Max Wegner","20230825","2023","June","8","1212","EDT","W","Freshwater","C3","50","298","1",NA,"Within Range","Within Range",3,21115,0,863,NA,"3_PM",NA
"Varian GC","Max Wegner","20230825","2023","June","8","1214","EDT","G","Freshwater","C6","10","299","1",NA,"Within Range","Within Range",3,10114,0,8,NA,"3_PM",NA
"Varian GC","Max Wegner","20230825","2023","June","8","1216","EDT","G","Freshwater","C6","20","300","1",NA,"Within Range","Within Range",3,18782,0,15,NA,"3_PM",NA
"Varian GC","Max Wegner","20230825","2023","June","8","1218","EDT","G","Freshwater","C6","35","301","1",NA,"Within Range","Within Range",3,16044,0,13,NA,"3_PM",NA
"Varian GC","Max Wegner","20230825","2023","June","8","1220","EDT","G","Freshwater","C6","50","302","1",NA,"Within Range","Within Range",3,19807,0,16,NA,"3_PM",NA
"Varian GC","Max Wegner","20230825","2023","June","8","1224","EDT","G","Freshwater","F4","10","303","1",NA,"Within Range","Within Range",3,8132,0,7,NA,"3_PM",NA
"Varian GC","Max Wegner","20230825","2023","June","8","1225","EDT","G","Freshwater","F4","20","304","1",NA,"Within Range","Within Range",3,17350,0,14,NA,"3_PM",NA
"Varian GC","Max Wegner","20230825","2023","June","8","1228","EDT","W","Freshwater","F4","35","305","1",NA,"Within Range","Within Range",3,10255,0,419,NA,"3_PM",NA
"Varian GC","Max Wegner","20230825","2023","June","8","1232","EDT","W","Freshwater","F4","50","306","1",NA,"Within Range","Within Range",3,20250,0,828,NA,"3_PM",NA
"Varian GC","Max Wegner","20230825","2023","June","8","1235","EDT","G","Freshwater","F4","ATM","307","1",NA,"Within Range","Within Range",3,688,0,1,NA,"3_PM",NA
"Varian GC","Max Wegner","20230825","2023","June","8","1333","EDT","G","Freshwater","H3","10","308","1",NA,"Within Range","Within Range",3,5350,0,4,NA,"3_PM",NA
"Varian GC","Max Wegner","20230825","2023","June","8","1334","EDT","W","Freshwater","H3","20","309","1",NA,"Within Range","Within Range",3,18212,0,744,NA,"3_PM",NA
"Varian GC","Max Wegner","20230825","2023","June","8","1338","EDT","W","Freshwater","H3","35","310","1",NA,"Within Range","Within Range",3,15899,0,650,NA,"3_PM",NA
"Varian GC","Max Wegner","20230825","2023","June","8","1344","EDT","W","Freshwater","H3","50","311","1",NA,"Within Range","Within Range",3,18294,0,748,NA,"3_PM",NA
"Varian GC","Max Wegner","20230825","2023","June","8","1347","EDT","G","Freshwater","H6","10","312","1",NA,"Within Range","Within Range",3,5225,0,4,NA,"3_PM",NA
"Varian GC","Max Wegner","20230825","2023","June","8","1348","EDT","G","Freshwater","H6","20","313","1",NA,"Within Range","Within Range",3,11217,0,9,NA,"3_PM",NA
"Varian GC","Max Wegner","20230825","2023","June","8","1351","EDT","G","Freshwater","H6","35","314","1",NA,"Within Range","Within Range",3,8546,0,7,NA,"3_PM",NA
"Varian GC","Max Wegner","20230825","2023","June","8","1353","EDT","G","Freshwater","H6","50","315","1",NA,"Within Range","Within Range",3,20628,0,17,NA,"3_PM",NA
"Varian GC","Max Wegner","20231116","2023","June","8","1313","EDT","G","Control","C3","10","316","1",NA,"Within Range","Within Range",2,4201,0,3,NA,"4",NA
"Varian GC","Max Wegner","20231116","2023","June","8","1315","EDT","G","Control","C3","20","317","1",NA,"Within Range","Within Range",1,7938,0,6,NA,"4",NA
"Varian GC","Max Wegner","20231116","2023","June","8","1316","EDT","G","Control","C3","35","318","1",NA,"Within Range","Within Range",1,11845,0,10,NA,"4",NA
"Varian GC","Max Wegner","20231116","2023","June","8","1317","EDT","G","Control","C3","50","319","1",NA,"Within Range","Within Range",1,18921,0,15,NA,"4",NA
"Varian GC","Max Wegner","20231116","2023","June","8","1318","EDT","G","Control","C6","10","320","1",NA,"Within Range","Within Range",2,5097,0,4,NA,"4",NA
"Varian GC","Max Wegner","20231116","2023","June","8","1320","EDT","G","Control","C6","20","321","1",NA,"Within Range","Within Range",1,17769,0,15,NA,"4",NA
"Varian GC","Max Wegner","20231116","2023","June","8","1321","EDT","G","Control","C6","35","322","1",NA,"Within Range","Within Range",1,18401,0,15,NA,"4",NA
"Varian GC","Max Wegner","20231116","2023","June","8","1322","EDT","G","Control","C6","50","323","1",NA,"Within Range","Within Range",1,17671,0,14,NA,"4",NA
"Varian GC","Max Wegner","20231116","2023","June","8","1323","EDT","G","Control","F4","10","324","1",NA,"Within Range","Within Range",2,4751,0,4,NA,"4",NA
"Varian GC","Max Wegner","20231116","2023","June","8","1324","EDT","G","Control","F4","20","325","1",NA,"Within Range","Within Range",1,10817,0,9,NA,"4",NA
"Varian GC","Max Wegner","20231116","2023","June","8","1325","EDT","G","Control","F4","35","326","1",NA,"Within Range","Within Range",1,8707,0,7,NA,"4",NA
"Varian GC","Max Wegner","20231116","2023","June","8","1320","EDT","G","Control","F4","50","327","1",NA,"Within Range","Within Range",1,14345,0,12,NA,"4",NA
"Varian GC","Max Wegner","20231116","2023","June","8","1327","EDT","G","Control","F4","ATM","328","1",NA,"Within Range","Within Range",2,671,0,1,NA,"4",NA
"Varian GC","Max Wegner","20231116","2023","June","8","1418","EDT","G","Control","H3","10","329","1",NA,"Within Range","Within Range",1,4958,0,4,NA,"4",NA
"Varian GC","Max Wegner","20231116","2023","June","8","1420","EDT","G","Control","H3","20","330","1",NA,"Within Range","Within Range",1,11228,0,9,NA,"4",NA
"Varian GC","Max Wegner","20231116","2023","June","8","1421","EDT","G","Control","H3","35","331","1",NA,"Within Range","Within Range",1,15787,0,13,NA,"4",NA
"Varian GC","Max Wegner","20231116","2023","June","8","1421","EDT","G","Control","H3","50","332","1",NA,"Within Range","Within Range",1,17178,0,14,NA,"4",NA
"Varian GC","Max Wegner","20231116","2023","June","8","1423","EDT","G","Control","H6","10","333","1",NA,"Within Range","Within Range",1,2639,0,2,NA,"4",NA
"Varian GC","Max Wegner","20231116","2023","June","8","1424","EDT","G","Control","H6","20","334","1",NA,"Within Range","Within Range",1,9423,0,8,NA,"4",NA
"Varian GC","Max Wegner","20231116","2023","June","8","1426","EDT","G","Control","H6","35","335","1",NA,"Within Range","Within Range",1,16624,0,14,NA,"4",NA
"Varian GC","Max Wegner","20231116","2023","June","8","1428","EDT","G","Control","H6","50","336","1",NA,"Within Range","Within Range",1,16079,0,13,NA,"4",NA
"Varian GC","Max Wegner","20231116","2023","June","8","1238","EDT","G","Saltwater","C3","10","337","1",NA,"Within Range","Within Range",2,14387,0,12,NA,"4",NA
"Varian GC","Max Wegner","20231116","2023","June","8","1239","EDT","G","Saltwater","C3","20","338","1",NA,"Within Range","Within Range",3,26641,0,22,NA,"4",NA
"Varian GC","Max Wegner","20231116","2023","June","8","1240","EDT","G","Saltwater","C3","35","339","1",NA,"Within Range","Within Range",2,36809,0,30,NA,"4",NA
"Varian GC","Max Wegner","20231116","2023","June","8","1243","EDT","G","Saltwater","C3","50","340","1",NA,"Within Range","Within Range",2,24561,0,20,NA,"4",NA
"Varian GC","Max Wegner","20231116","2023","June","8","1245","EDT","G","Saltwater","C6","10","341","1",NA,"Within Range","Within Range",2,10405,0,9,NA,"4",NA
"Varian GC","Max Wegner","20231116","2023","June","8","1247","EDT","G","Saltwater","C6","20","342","1",NA,"Within Range","Within Range",2,20547,0,17,NA,"4",NA
"Varian GC","Max Wegner","20231116","2023","June","8","1252","EDT","W","Saltwater","C6","35","343","1",NA,"Within Range","Within Range",3,18045,0,738,NA,"4",NA
"Varian GC","Max Wegner","20231116","2023","June","8","1256","EDT","W","Saltwater","C6","50","344","1",NA,"Within Range","Within Range",4,15561,0,636,NA,"4",NA
"Varian GC","Max Wegner","20231116","2023","June","8","1259","EDT","G","Saltwater","F4","10","345","1",NA,"Within Range","Within Range",2,18358,0,15,NA,"4",NA
"Varian GC","Max Wegner","20231116","2023","June","8","1302","EDT","G","Saltwater","F4","20","346","1",NA,"Within Range","Within Range",3,34565,0,28,NA,"4",NA
"Varian GC","Max Wegner","20231116","2023","June","8","1303","EDT","W","Saltwater","F4","35","347","1",NA,"Within Range","Within Range",2,25156,0,1028,NA,"4",NA
"Varian GC","Max Wegner","20231116","2023","June","8","1305","EDT","W","Saltwater","F4","50","348","1",NA,"Within Range","Within Range",3,20445,0,836,NA,"4",NA
"Varian GC","Max Wegner","20231116","2023","June","8","1331","EDT","G","Saltwater","F4","ATM","349","1",NA,"Within Range","Within Range",2,561,0,0,NA,"4",NA
"Varian GC","Max Wegner","20231116","2023","June","8","1357","EDT","G","Saltwater","H3","10","350","1",NA,"Within Range","Within Range",2,5893,0,5,NA,"4",NA
"Varian GC","Max Wegner","20231116","2023","June","8","1358","EDT","G","Saltwater","H3","20","351","1",NA,"Within Range","Within Range",1,35879,0,29,NA,"4",NA
"Varian GC","Max Wegner","20231116","2023","June","8","1359","EDT","G","Saltwater","H3","35","352","1",NA,"Within Range","Within Range",2,32077,0,26,NA,"4",NA
"Varian GC","Max Wegner","20231116","2023","June","8","1401","EDT","G","Saltwater","H3","50","353","1",NA,"Within Range","Within Range",2,16566,0,14,NA,"4",NA
"Varian GC","Max Wegner","20231116","2023","June","8","1405","EDT","G","Saltwater","H6","10","354","1",NA,"Within Range","Within Range",3,39000,0,32,NA,"4",NA
"Varian GC","Max Wegner","20231116","2023","June","8","1407","EDT","G","Saltwater","H6","20","355","1",NA,"Within Range","Needs Dilution",3,51536,0,42,NA,"4",NA
"Varian GC","Max Wegner","20231116","2023","June","8","1408","EDT","G","Saltwater","H6","35","356","1",NA,"Within Range","Within Range",3,39947,0,33,NA,"4",NA
"Varian GC","Max Wegner","20231116","2023","June","8","1410","EDT","W","Saltwater","H6","50","357","1",NA,"Within Range","Within Range",2,24985,0,1021,NA,"4",NA
"Varian GC","Max Wegner","20231116","2023","June","8","1201",NA,"G","Freshwater","C3","10","358","1",NA,"Within Range","Within Range",1,24144,0,20,NA,"4",NA
"Varian GC","Max Wegner","20231116","2023","June","8","1203",NA,"G","Freshwater","C3","20","359","1",NA,"Within Range","Within Range",2,15516,0,13,NA,"4",NA
"Varian GC","Max Wegner","20231116","2023","June","8","1209",NA,"W","Freshwater","C3","35","360","1",NA,"Within Range","Within Range",2,11205,0,458,NA,"4",NA
"Varian GC","Max Wegner","20231116","2023","June","8","1212",NA,"W","Freshwater","C3","50","361","1",NA,"Within Range","Within Range",2,16717,0,683,NA,"4",NA
"Varian GC","Max Wegner","20231116","2023","June","8","1214",NA,"G","Freshwater","C6","10","362","1",NA,"Within Range","Within Range",2,28221,0,23,NA,"4",NA
"Varian GC","Max Wegner","20231116","2023","June","8","1216",NA,"G","Freshwater","C6","20","363","1",NA,"Within Range","Within Range",1,44444,0,36,NA,"4",NA
"Varian GC","Max Wegner","20231116","2023","June","8","1218",NA,"G","Freshwater","C6","35","364","1",NA,"Within Range","Within Range",1,20234,0,17,NA,"4",NA
"Varian GC","Max Wegner","20231116","2023","June","8","1220",NA,"G","Freshwater","C6","50","365","1",NA,"Within Range","Within Range",1,32132,0,26,NA,"4",NA
"Varian GC","Max Wegner","20231116","2023","June","8","1224",NA,"G","Freshwater","F4","10","366","1",NA,"Within Range","Within Range",2,9388,0,8,NA,"4",NA
"Varian GC","Max Wegner","20231116","2023","June","8","1225",NA,"G","Freshwater","F4","20","367","1",NA,"Within Range","Within Range",2,30908,0,25,NA,"4",NA
"Varian GC","Max Wegner","20231116","2023","June","8","1228",NA,"W","Freshwater","F4","35","368","1",NA,"Within Range","Within Range",2,11964,0,489,NA,"4",NA
"Varian GC","Max Wegner","20231116","2023","June","8","1232",NA,"W","Freshwater","F4","50","369","1",NA,"Within Range","Within Range",2,18392,0,752,NA,"4",NA
"Varian GC","Max Wegner","20231116","2023","June","8","1235",NA,"G","Freshwater","F4","ATM","370","1",NA,"Within Range","Within Range",2,563,0,0,NA,"4",NA
"Varian GC","Max Wegner","20231116","2023","June","8","1333",NA,"G","Freshwater","H3","10","371","1",NA,"Within Range","Within Range",2,14081,0,12,NA,"4",NA
"Varian GC","Max Wegner","20231116","2023","June","8","1334",NA,"W","Freshwater","H3","20","372","1",NA,"Within Range","Within Range",2,27149,0,1110,NA,"4",NA
"Varian GC","Max Wegner","20231116","2023","June","8","1338",NA,"W","Freshwater","H3","35","373","1",NA,"Within Range","Within Range",1,27563,0,1127,NA,"4",NA
"Varian GC","Max Wegner","20231116","2023","June","8","1344",NA,"W","Freshwater","H3","50","374","1",NA,"Within Range","Within Range",2,16254,0,664,NA,"4",NA
"Varian GC","Max Wegner","20231116","2023","June","8","1347",NA,"G","Freshwater","H6","10","375","1",NA,"Within Range","Within Range",1,21030,0,17,NA,"4",NA
"Varian GC","Max Wegner","20231116","2023","June","8","1348",NA,"G","Freshwater","H6","20","376","1",NA,"Within Range","Within Range",1,35595,0,29,NA,"4",NA
"Varian GC","Max Wegner","20231116","2023","June","8","1351",NA,"G","Freshwater","H6","35","377","1",NA,"Within Range","Within Range",2,10171,0,8,NA,"4",NA
"Varian GC","Max Wegner","20231116","2023","June","8","1353",NA,"G","Freshwater","H6","50","378","1",NA,"Within Range","Within Range",2,16702,0,14,NA,"4",NA
"Varian GC","Max Wegner","20231116","2023","June","9","1225",NA,"G","Control","C3","10","379","1",NA,"Within Range","Within Range",2,3506,0,3,NA,"5",NA
"Varian GC","Max Wegner","20231116","2023","June","9","1226",NA,"G","Control","C3","20","380","1",NA,"Within Range","Within Range",1,6670,0,5,NA,"5",NA
"Varian GC","Max Wegner","20231116","2023","June","9","1228",NA,"G","Control","C3","35","381","1",NA,"Within Range","Within Range",1,9838,0,8,NA,"5",NA
"Varian GC","Max Wegner","20231116","2023","June","9","1229",NA,"G","Control","C3","50","382","1",NA,"Within Range","Within Range",1,17308,0,14,NA,"5",NA
"Varian GC","Max Wegner","20231116","2023","June","9","1238",NA,"G","Control","C6","10","383","1",NA,"Within Range","Within Range",2,4378,0,4,NA,"5",NA
"Varian GC","Max Wegner","20231116","2023","June","9","1239",NA,"G","Control","C6","20","384","1",NA,"Within Range","Within Range",1,13888,0,11,NA,"5",NA
"Varian GC","Max Wegner","20231116","2023","June","9","1240",NA,"G","Control","C6","35","385","1",NA,"Within Range","Within Range",1,13919,0,11,NA,"5",NA
"Varian GC","Max Wegner","20231116","2023","June","9","1241",NA,"G","Control","C6","50","386","1",NA,"Within Range","Within Range",1,14807,0,12,NA,"5",NA
"Varian GC","Max Wegner","20231116","2023","June","9","1242",NA,"G","Control","F4","10","387","1",NA,"Within Range","Within Range",2,4094,0,3,NA,"5",NA
"Varian GC","Max Wegner","20231116","2023","June","9","1243",NA,"G","Control","F4","20","388","1",NA,"Within Range","Within Range",1,10228,0,8,NA,"5",NA
"Varian GC","Max Wegner","20231116","2023","June","9","1244",NA,"G","Control","F4","35","389","1",NA,"Within Range","Within Range",1,8557,0,7,NA,"5",NA
"Varian GC","Max Wegner","20231116","2023","June","9","1245",NA,"G","Control","F4","50","390","1",NA,"Within Range","Within Range",1,13240,0,11,NA,"5",NA
"Varian GC","Max Wegner","20231116","2023","June","9","1247",NA,"G","Control","F4","ATM","391","1",NA,"Within Range","Within Range",2,551,0,0,NA,"5",NA
"Varian GC","Max Wegner","20231116","2023","June","9","1248",NA,"G","Control","H3","10","392","1",NA,"Within Range","Within Range",1,4318,0,4,NA,"5",NA
"Varian GC","Max Wegner","20231117","2023","June","9","1249","EDT","G","Control","H3","20","393","1",NA,"Within Range","Within Range",1,9382,0,8,NA,"5",NA
"Varian GC","Max Wegner","20231117","2023","June","9","1251","EDT","G","Control","H3","35","394","1",NA,"Within Range","Within Range",1,13354,0,11,NA,"5",NA
"Varian GC","Max Wegner","20231117","2023","June","9","1252","EDT","G","Control","H3","50","395","1",NA,"Within Range","Within Range",1,16200,0,13,NA,"5",NA
"Varian GC","Max Wegner","20231117","2023","June","9","1253","EDT","G","Control","H6","10","396","1",NA,"Within Range","Within Range",2,2194,0,2,NA,"5",NA
"Varian GC","Max Wegner","20231117","2023","June","9","1255","EDT","G","Control","H6","20","397","1",NA,"Within Range","Within Range",1,7765,0,6,NA,"5",NA
"Varian GC","Max Wegner","20231117","2023","June","9","1256","EDT","G","Control","H6","35","398","1",NA,"Within Range","Within Range",1,13402,0,11,NA,"5",NA
"Varian GC","Max Wegner","20231117","2023","June","9","1257","EDT","G","Control","H6","50","399","1",NA,"Within Range","Within Range",1,13836,0,11,NA,"5",NA
"Varian GC","Max Wegner","20231117","2023","June","9","1127","EDT","G","Saltwater","C3","10","400","1",NA,"Within Range","Within Range",2,7052,0,6,NA,"5",NA
"Varian GC","Max Wegner","20231117","2023","June","9","1129","EDT","G","Saltwater","C3","20","401","1",NA,"Within Range","Within Range",2,27957,0,23,NA,"5",NA
"Varian GC","Max Wegner","20231117","2023","June","9","1131","EDT","G","Saltwater","C3","35","402","1",NA,"Within Range","Within Range",1,29034,0,24,NA,"5",NA
"Varian GC","Max Wegner","20231117","2023","June","9","1135","EDT","G","Saltwater","C3","50","403","1",NA,"Within Range","Within Range",2,36219,0,30,NA,"5",NA
"Varian GC","Max Wegner","20231117","2023","June","9","1136","EDT","G","Saltwater","C6","10","404","1",NA,"Within Range","Within Range",2,15048,0,12,NA,"5",NA
"Varian GC","Max Wegner","20231117","2023","June","9","1138","EDT","G","Saltwater","C6","20","405","1",NA,"Within Range","Within Range",1,41329,0,34,NA,"5",NA
"Varian GC","Max Wegner","20231117","2023","June","9","1140","EDT","G","Saltwater","C6","35","406","1",NA,"Within Range","Within Range",2,16194,0,13,NA,"5",NA
"Varian GC","Max Wegner","20231117","2023","June","9","1142","EDT","W","Saltwater","C6","50","407","1",NA,"Within Range","Within Range",3,15630,0,639,NA,"5",NA
"Varian GC","Max Wegner","20231117","2023","June","9","1144","EDT","G","Saltwater","F4","10","408","1",NA,"Within Range","Within Range",2,15041,0,12,NA,"5",NA
"Varian GC","Max Wegner","20231117","2023","June","9","1146","EDT","G","Saltwater","F4","20","409","1",NA,"Within Range","Within Range",1,37135,0,30,NA,"5",NA
"Varian GC","Max Wegner","20231117","2023","June","9","1148","EDT","G","Saltwater","F4","35","410","1",NA,"Within Range","Within Range",2,19346,0,16,NA,"5",NA
"Varian GC","Max Wegner","20231117","2023","June","9","1150","EDT","W","Saltwater","F4","50","411","1",NA,"Within Range","Within Range",2,22032,0,901,NA,"5",NA
"Varian GC","Max Wegner","20231117","2023","June","9","1157","EDT","G","Saltwater","F4","ATM","412","1",NA,"Within Range","Within Range",2,771,0,1,NA,"5",NA
"Varian GC","Max Wegner","20231117","2023","June","9","1159","EDT","G","Saltwater","H3","10","413","1",NA,"Within Range","Within Range",2,4712,0,4,NA,"5",NA
"Varian GC","Max Wegner","20231117","2023","June","9","1202","EDT","G","Saltwater","H3","20","414","1",NA,"Within Range","Within Range",1,28493,0,23,NA,"5",NA
"Varian GC","Max Wegner","20231117","2023","June","9","1203","EDT","G","Saltwater","H3","35","415","1",NA,"Within Range","Within Range",1,26233,0,21,NA,"5",NA
"Varian GC","Max Wegner","20231117","2023","June","9","1205","EDT","G","Saltwater","H3","50","416","1",NA,"Within Range","Within Range",2,21212,0,17,NA,"5",NA
"Varian GC","Max Wegner","20231117","2023","June","9","1211","EDT","G","Saltwater","H6","10","417","1",NA,"Within Range","Within Range",1,34438,0,28,NA,"5",NA
"Varian GC","Max Wegner","20231117","2023","June","9","1213","EDT","G","Saltwater","H6","20","418","1",NA,"Within Range","Within Range",1,47797,0,39,NA,"5",NA
"Varian GC","Max Wegner","20231117","2023","June","9","1215","EDT","G","Saltwater","H6","35","419","1",NA,"Within Range","Needs Dilution",2,56638,0,46,NA,"5",NA
"Varian GC","Max Wegner","20231117","2023","June","9","1219","EDT","G","Saltwater","H6","50","420","1",NA,"Within Range","Within Range",2,28561,0,23,NA,"5",NA
"Varian GC","Max Wegner","20231117","2023","June","9","1027","EDT","G","Freshwater","C3","10","421","1",NA,"Within Range","Within Range",1,18944,0,15,NA,"5",NA
"Varian GC","Max Wegner","20231117","2023","June","9","1029","EDT","G","Freshwater","C3","20","422","1",NA,"Within Range","Within Range",1,24616,0,20,NA,"5",NA
"Varian GC","Max Wegner","20231117","2023","June","9","1030","EDT","G","Freshwater","C3","35","423","1",NA,"Within Range","Within Range",1,17742,0,15,NA,"5",NA
"Varian GC","Max Wegner","20231117","2023","June","9","1032","EDT","G","Freshwater","C3","50","424","1",NA,"Within Range","Within Range",1,25125,0,21,NA,"5",NA
"Varian GC","Max Wegner","20231117","2023","June","9","1035","EDT","G","Freshwater","C6","10","425","1",NA,"Within Range","Within Range",1,27168,0,22,NA,"5",NA
"Varian GC","Max Wegner","20231117","2023","June","9","1037","EDT","G","Freshwater","C6","20","426","1",NA,"Within Range","Within Range",1,37439,0,31,NA,"5",NA
"Varian GC","Max Wegner","20231117","2023","June","9","1039","EDT","G","Freshwater","C6","35","427","1",NA,"Within Range","Within Range",1,32174,0,26,NA,"5",NA
"Varian GC","Max Wegner","20231117","2023","June","9","1041","EDT","G","Freshwater","C6","50","428","1",NA,"Within Range","Within Range",1,31989,0,26,NA,"5",NA
"Varian GC","Max Wegner","20231117","2023","June","9","1044","EDT","G","Freshwater","F4","10","429","1",NA,"Within Range","Within Range",2,7804,0,6,NA,"5",NA
"Varian GC","Max Wegner","20231117","2023","June","9","1047","EDT","G","Freshwater","F4","20","430","1",NA,"Within Range","Within Range",1,35238,0,29,NA,"5",NA
"Varian GC","Max Wegner","20231117","2023","June","9","1049","EDT","G","Freshwater","F4","35","431","1",NA,"Within Range","Within Range",2,12238,0,10,NA,"5",NA
"Varian GC","Max Wegner","20231117","2023","June","9","1053","EDT","W","Freshwater","F4","50","432","1",NA,"Within Range","Within Range",2,18142,0,742,NA,"5",NA
"Varian GC","Max Wegner","20231117","2023","June","9","1051","EDT","G","Freshwater","F4","ATM","433","1",NA,"Within Range","Within Range",2,547,0,0,NA,"5",NA
"Varian GC","Max Wegner","20231117","2023","June","9","1059","EDT","G","Freshwater","H3","10","434","1",NA,"Within Range","Within Range",2,12287,0,10,NA,"5",NA
"Varian GC","Max Wegner","20231117","2023","June","9","1108","EDT","G","Freshwater","H3","20","435","1",NA,"Within Range","Within Range",1,29928,0,24,NA,"5",NA
"Varian GC","Max Wegner","20231117","2023","June","9","1112","EDT","G","Freshwater","H3","50","437","1",NA,"Within Range","Within Range",2,20347,0,17,NA,"5",NA
"Varian GC","Max Wegner","20231117","2023","June","9","1115","EDT","G","Freshwater","H6","10","438","1",NA,"Within Range","Within Range",1,13993,0,11,NA,"5",NA
"Varian GC","Max Wegner","20231117","2023","June","9","1117","EDT","G","Freshwater","H6","20","439","1",NA,"Within Range","Within Range",1,24954,0,20,NA,"5",NA
"Varian GC","Max Wegner","20231117","2023","June","9","1119","EDT","G","Freshwater","H6","35","440","1",NA,"Within Range","Within Range",2,13214,0,11,NA,"5",NA
"Varian GC","Max Wegner","20231117","2023","June","9","1121","EDT","G","Freshwater","H6","50","441","1",NA,"Within Range","Within Range",2,13642,0,11,NA,"5",NA
"Varian GC","Max Wegner","20231205","2023","July","12","1151","EDT","G","Control","C3","10","1","1",NA,"Within Range","Within Range",2,6798,154,423844,NA,NA,NA
"Varian GC","Max Wegner","20231205","2023","July","12","1153","EDT","G","Control","C3","20","2","1",NA,"Within Range","Within Range",0,11091,31,691432,NA,NA,NA
"Varian GC","Max Wegner","20231205","2023","July","12","1154","EDT","G","Control","C3","35","3","1",NA,"Within Range","Within Range",0,17087,17,1065259,NA,NA,NA
"Varian GC","Max Wegner","20231205","2023","July","12","1155","EDT","G","Control","C3","50","4","1",NA,"Within Range","Within Range",0,20515,9,1279016,NA,NA,NA
"Varian GC","Max Wegner","20231205","2023","July","12","1156","EDT","G","Control","C6","10","5","1",NA,"Within Range","Within Range",1,6794,68,423578,NA,NA,NA
"Varian GC","Max Wegner","20231205","2023","July","12","1158","EDT","G","Control","C6","20","6","1",NA,"Within Range","Needs Dilution",1,53218,83,3317849,NA,NA,NA
"Varian GC","Max Wegner","20231205","2023","July","12","1159","EDT","G","Control","C6","35","7","1",NA,"Within Range","Within Range",1,25741,44,1604789,NA,NA,NA
"Varian GC","Max Wegner","20231205","2023","July","12","1200","EDT","G","Control","C6","50","8","1",NA,"Within Range","Within Range",0,29857,27,1861389,NA,NA,NA
"Varian GC","Max Wegner","20231205","2023","July","12","1144","EDT","G","Control","F4","10","9","1",NA,"Within Range","Within Range",3,5288,187,329694,NA,NA,NA
"Varian GC","Max Wegner","20231205","2023","July","12","1145","EDT","G","Control","F4","20","10","1",NA,"Within Range","Within Range",1,13120,65,817953,NA,NA,NA
"Varian GC","Max Wegner","20231205","2023","July","12","1146","EDT","W","Control","F4","35","11","1",NA,"Within Range","Within Range",2,7264,0,297,NA,NA,NA
"Varian GC","Max Wegner","20231205","2023","July","12","1150","EDT","G","Control","F4","50","12","1",NA,"Within Range","Within Range",1,16349,49,1019271,NA,NA,NA
"Varian GC","Max Wegner","20231205","2023","July","12","1151","EDT","G","Control","F4","ATM","13","1",NA,"Within Range","Within Range",2,586,113,36543,NA,NA,NA
"Varian GC","Max Wegner","20231205","2023","July","12","1102","EDT","G","Control","H3","10","14","1",NA,"Within Range","Within Range",1,6050,68,377188,NA,NA,NA
"Varian GC","Max Wegner","20231205","2023","July","12","1103","EDT","G","Control","H3","20","15","1",NA,"Within Range","Within Range",1,12253,39,763908,NA,NA,NA
"Varian GC","Max Wegner","20231205","2023","July","12","1109","EDT","G","Control","H3","35","16","1",NA,"Within Range","Within Range",1,13795,62,860022,NA,NA,NA
"Varian GC","Max Wegner","20231205","2023","July","12","1116","EDT","W","Control","H3","50","17","1",NA,"Within Range","Within Range",2,13634,0,557,NA,NA,NA
"Varian GC","Max Wegner","20231205","2023","July","12","1122","EDT","G","Control","H6","10","18","1",NA,"Within Range","Within Range",1,3364,73,209717,NA,NA,NA
"Varian GC","Max Wegner","20231205","2023","July","12","1123","EDT","G","Control","H6","20","19","1",NA,"Within Range","Within Range",1,11642,36,725811,NA,NA,NA
"Varian GC","Max Wegner","20231205","2023","July","12","1124","EDT","G","Control","H6","35","20","1",NA,"Within Range","Within Range",0,25642,24,1598622,NA,NA,NA
"Varian GC","Max Wegner","20231205","2023","July","12","1124","EDT","G","Control","H6","50","21","1",NA,"Within Range","Within Range",0,23275,28,1451042,NA,NA,NA
"Varian GC","Max Wegner","20231205","2023","July","12","1205","EDT","G","Saltwater","C3","10","22","1",NA,"Within Range","Within Range",1,5950,83,370960,NA,NA,NA
"Varian GC","Max Wegner","20231205","2023","July","12","1206","EDT","G","Saltwater","C3","20","23","1",NA,"Within Range","Within Range",1,26226,65,1635066,NA,NA,NA
"Varian GC","Max Wegner","20231205","2023","July","12","1207","EDT","G","Saltwater","C3","35","24","1",NA,"Within Range","Within Range",1,25824,63,1609995,NA,NA,NA
"Varian GC","Max Wegner","20231205","2023","July","12","1208","EDT","G","Saltwater","C3","50","25","1",NA,"Within Range","Within Range",1,43673,54,2722755,NA,NA,NA
"Varian GC","Max Wegner","20231205","2023","July","12","1210","EDT","G","Saltwater","C6","10","26","1",NA,"Within Range","Within Range",1,15451,81,963280,NA,NA,NA
"Varian GC","Max Wegner","20231205","2023","July","12","1212","EDT","G","Saltwater","C6","20","27","1",NA,"Within Range","Within Range",1,36771,46,2292430,NA,NA,NA
"Varian GC","Max Wegner","20231205","2023","July","12","1214","EDT","G","Saltwater","C6","35","28","1",NA,"Within Range","Within Range",2,24271,116,1513125,NA,NA,NA
"Varian GC","Max Wegner","20231205","2023","July","12","1217","EDT","W","Saltwater","C6","50","29","1",NA,"Within Range","Within Range",2,9604,0,393,NA,NA,NA
"Varian GC","Max Wegner","20231205","2023","July","12","1220","EDT","G","Saltwater","F4","10","30","1",NA,"Within Range","Within Range",1,12606,71,785926,NA,NA,NA
"Varian GC","Max Wegner","20231205","2023","July","12","1222","EDT","G","Saltwater","F4","20","31","1",NA,"Within Range","Within Range",0,36610,24,2282415,NA,NA,NA
"Varian GC","Max Wegner","20231205","2023","July","12","1223","EDT","G","Saltwater","F4","35","32","1",NA,"Within Range","Within Range",1,22767,64,1419377,NA,NA,NA
"Varian GC","Max Wegner","20231205","2023","July","12","1225","EDT","G","Saltwater","F4","50","33","1",NA,"Within Range","Within Range",1,31394,75,1957252,NA,NA,NA
"Varian GC","Max Wegner","20231205","2023","July","12","1226","EDT","G","Saltwater","F4","ATM","34","1",NA,"Within Range","Within Range",2,1719,108,107145,NA,NA,NA
"Varian GC","Max Wegner","20231205","2023","July","12","1227","EDT","G","Saltwater","H3","10","35","1",NA,"Within Range","Within Range",1,5292,71,329919,NA,NA,NA
"Varian GC","Max Wegner","20231205","2023","July","12","1228","EDT","G","Saltwater","H3","20","36","1",NA,"Within Range","Within Range",1,23841,36,1486318,NA,NA,NA
"Varian GC","Max Wegner","20231205","2023","July","12","1229","EDT","G","Saltwater","H3","35","37","1",NA,"Within Range","Within Range",1,31052,35,1935880,NA,NA,NA
"Varian GC","Max Wegner","20231205","2023","July","12","1230","EDT","G","Saltwater","H3","50","38","1",NA,"Within Range","Within Range",1,27971,36,1743852,NA,NA,NA
"Varian GC","Max Wegner","20231205","2023","July","12","1231","EDT","G","Saltwater","H6","10","39","1",NA,"Within Range","Within Range",1,28150,46,1754959,NA,NA,NA
"Varian GC","Max Wegner","20231205","2023","July","12","1232","EDT","G","Saltwater","H6","20","40","1",NA,"Within Range","Within Range",1,44921,33,2800553,NA,NA,NA
"Varian GC","Max Wegner","20231205","2023","July","12","1233","EDT","G","Saltwater","H6","35","41","1",NA,"Within Range","Needs Dilution",1,59635,32,3717870,NA,NA,NA
"Varian GC","Max Wegner","20231205","2023","July","12","1235","EDT","G","Saltwater","H6","50","42","1",NA,"Within Range","Needs Dilution",1,53126,50,3312065,NA,NA,NA
"Varian GC","Max Wegner","20231205","2023","July","12","1243","EDT","G","Freshwater","C3","10","43","1",NA,"Within Range","Within Range",1,17124,52,1067597,NA,NA,NA
"Varian GC","Max Wegner","20231205","2023","July","12","1244","EDT","G","Freshwater","C3","20","44","1",NA,"Within Range","Within Range",0,29154,26,1817562,NA,NA,NA
"Varian GC","Max Wegner","20231205","2023","July","12","1245","EDT","G","Freshwater","C3","35","45","1",NA,"Within Range","Within Range",1,29168,39,1818469,NA,NA,NA
"Varian GC","Max Wegner","20231205","2023","July","12","1247","EDT","G","Freshwater","C3","50","46","1",NA,"Within Range","Within Range",0,40096,24,2499739,NA,NA,NA
"Varian GC","Max Wegner","20231205","2023","July","12","1238","EDT","G","Freshwater","C6","10","47","1",NA,"Within Range","Within Range",1,37417,46,2332721,NA,NA,NA
"Varian GC","Max Wegner","20231205","2023","July","12","1239","EDT","G","Freshwater","C6","20","48","1",NA,"Within Range","Within Range",0,40305,22,2512790,NA,NA,NA
"Varian GC","Max Wegner","20231205","2023","July","12","1241","EDT","G","Freshwater","C6","35","49","1",NA,"Within Range","Within Range",0,41772,25,2604244,NA,NA,NA
"Varian GC","Max Wegner","20231205","2023","July","12","1242","EDT","G","Freshwater","C6","50","50","1",NA,"Within Range","Needs Dilution",0,55510,15,3460724,NA,NA,NA
"Varian GC","Max Wegner","20231205","2023","July","12","1248","EDT","G","Freshwater","F4","10","51","1",NA,"Within Range","Within Range",1,8745,69,545179,NA,NA,NA
"Varian GC","Max Wegner","20231205","2023","July","12","1250","EDT","G","Freshwater","F4","20","52","1",NA,"Within Range","Within Range",1,28445,38,1773362,NA,NA,NA
"Varian GC","Max Wegner","20231205","2023","July","12","1251","EDT","G","Freshwater","F4","35","53","1",NA,"Within Range","Within Range",1,19857,58,1237966,NA,NA,NA
"Varian GC","Max Wegner","20231205","2023","July","12","1253","EDT","G","Freshwater","F4","50","54","1",NA,"Within Range","Within Range",1,35832,41,2233909,NA,NA,NA
"Varian GC","Max Wegner","20231205","2023","July","12","1554","EDT","G","Freshwater","F4","ATM","55","1",NA,"Within Range","Within Range",2,944,117,58859,NA,NA,NA
"Varian GC","Max Wegner","20231205","2023","July","12","1555","EDT","G","Freshwater","H3","10","56","1",NA,"Within Range","Within Range",1,14624,87,911730,NA,NA,NA
"Varian GC","Max Wegner","20231205","2023","July","12","1557","EDT","G","Freshwater","H3","20","57","1",NA,"Within Range","Within Range",1,36153,41,2253916,NA,NA,NA
"Varian GC","Max Wegner","20231205","2023","July","12","1559","EDT","G","Freshwater","H3","35","58","1",NA,"Within Range","Within Range",1,32374,41,2018312,NA,NA,NA
"Varian GC","Max Wegner","20231205","2023","July","12","1300","EDT","G","Freshwater","H3","50","59","1",NA,"Within Range","Within Range",1,29311,54,1827399,NA,NA,NA
"Varian GC","Max Wegner","20231205","2023","July","12","1301","EDT","G","Freshwater","H6","10","60","1",NA,"Within Range","Within Range",1,17096,77,1065855,NA,NA,NA
"Varian GC","Max Wegner","20231205","2023","July","12","1303","EDT","G","Freshwater","H6","20","61","1",NA,"Within Range","Within Range",1,30534,38,1903613,NA,NA,NA
"Varian GC","Max Wegner","20231205","2023","July","12","1304","EDT","G","Freshwater","H6","35","62","1",NA,"Within Range","Within Range",1,23258,59,1449995,NA,NA,NA
"Varian GC","Max Wegner","20231205","2023","July","12","1305","EDT","G","Freshwater","H6","50","63","1",NA,"Within Range","Within Range",1,43111,47,2687748,NA,NA,NA
"Varian GC","Max Wegner","20231211","2023","August","14","949","EDT","G","Control","C3","10","1","1",NA,"Within Range","Within Range",1,6211,45,387211,NA,NA,NA
"Varian GC","Max Wegner","20231211","2023","August","14","950","EDT","G","Control","C3","20","2","1",NA,"Within Range","Within Range",1,11689,49,728718,NA,NA,NA
"Varian GC","Max Wegner","20231211","2023","August","14","951","EDT","G","Control","C3","35","3","1",NA,"Within Range","Within Range",1,14557,41,907531,NA,NA,NA
"Varian GC","Max Wegner","20231211","2023","August","14","952","EDT","G","Control","C3","50","4","1",NA,"Within Range","Within Range",0,27000,30,1683276,NA,NA,NA
"Varian GC","Max Wegner","20231211","2023","August","14","955","EDT","G","Control","C6","10","5","1",NA,"Within Range","Within Range",2,9538,112,594645,NA,NA,NA
"Varian GC","Max Wegner","20231211","2023","August","14","956","EDT","G","Control","C6","20","6","1",NA,"Within Range","Within Range",1,29942,73,1866708,NA,NA,NA
"Varian GC","Max Wegner","20231211","2023","August","14","956","EDT","G","Control","C6","35","7","1",NA,"Within Range","Within Range",1,24045,53,1499083,NA,NA,NA
"Varian GC","Max Wegner","20231211","2023","August","14","957","EDT","G","Control","C6","50","8","1",NA,"Within Range","Within Range",1,25913,42,1615550,NA,NA,NA
"Varian GC","Max Wegner","20231211","2023","August","14","939","EDT","G","Control","F4","10","9","1",NA,"Within Range","Within Range",2,6450,95,402129,NA,NA,NA
"Varian GC","Max Wegner","20231211","2023","August","14","940","EDT","G","Control","F4","20","10","1",NA,"Within Range","Within Range",1,17310,56,1079189,NA,NA,NA
"Varian GC","Max Wegner","20231211","2023","August","14","941","EDT","G","Control","F4","35","11","1",NA,"Within Range","Within Range",1,13376,87,833923,NA,NA,NA
"Varian GC","Max Wegner","20231211","2023","August","14","942","EDT","G","Control","F4","50","12","1",NA,"Within Range","Within Range",1,20804,91,1297025,NA,NA,NA
"Varian GC","Max Wegner","20231211","2023","August","14","943","EDT","G","Control","F4","ATM","13","1",NA,"Within Range","Within Range",3,986,166,61481,NA,NA,NA
"Varian GC","Max Wegner","20231211","2023","August","14","934","EDT","G","Control","H3","10","14","1",NA,"Within Range","Within Range",1,8079,80,503690,NA,NA,NA
"Varian GC","Max Wegner","20231211","2023","August","14","935","EDT","G","Control","H3","20","15","1",NA,"Within Range","Within Range",1,15338,43,956239,NA,NA,NA
"Varian GC","Max Wegner","20231211","2023","August","14","936","EDT","G","Control","H3","35","16","1",NA,"Within Range","Within Range",1,23196,35,1446146,NA,NA,NA
"Varian GC","Max Wegner","20231211","2023","August","14","937","EDT","G","Control","H3","50","17","1",NA,"Within Range","Within Range",1,24258,51,1512371,"a little water in exetainer",NA,NA
"Varian GC","Max Wegner","20231211","2023","August","14","944","EDT","G","Control","H6","10","18","1",NA,"Within Range","Within Range",1,3683,85,229596,NA,NA,NA
"Varian GC","Max Wegner","20231211","2023","August","14","945","EDT","G","Control","H6","20","19","1",NA,"Within Range","Within Range",1,13299,39,829087,NA,NA,NA
"Varian GC","Max Wegner","20231211","2023","August","14","946","EDT","G","Control","H6","35","20","1",NA,"Within Range","Within Range",0,24334,28,1517081,NA,NA,NA
"Varian GC","Max Wegner","20231211","2023","August","14","947","EDT","G","Control","H6","50","21","1",NA,"Within Range","Within Range",0,24096,29,1502269,NA,NA,NA
"Varian GC","Max Wegner","20231211","2023","August","14","1059","EDT","G","Saltwater","C3","10","22","1",NA,"Within Range","Within Range",2,4692,113,292503,NA,NA,NA
"Varian GC","Max Wegner","20231211","2023","August","14","1100","EDT","G","Saltwater","C3","20","23","1",NA,"Within Range","Within Range",2,15685,106,977857,NA,NA,NA
"Varian GC","Max Wegner","20231211","2023","August","14","1101","EDT","G","Saltwater","C3","35","24","1",NA,"Within Range","Within Range",2,17618,98,1098407,NA,NA,NA
"Varian GC","Max Wegner","20231211","2023","August","14","1102","EDT","G","Saltwater","C3","50","25","1",NA,"Within Range","Within Range",1,46032,74,2869842,NA,NA,NA
"Varian GC","Max Wegner","20231211","2023","August","14","1123","EDT","G","Saltwater","C6","10","26","1",NA,"Within Range","Within Range",1,31673,82,1974607,NA,NA,NA
"Varian GC","Max Wegner","20231211","2023","August","14","1124","EDT","G","Saltwater","C6","20","27","1",NA,"Within Range","Within Range",1,39436,73,2458592,NA,NA,NA
"Varian GC","Max Wegner","20231211","2023","August","14","1125","EDT","G","Saltwater","C6","35","28","1",NA,"Within Range","Within Range",2,32108,97,2001739,NA,NA,NA
"Varian GC","Max Wegner","20231211","2023","August","14","1125","EDT","G","Saltwater","C6","50","29","1",NA,"Within Range","Within Range",2,28788,138,1794755,NA,NA,NA
"Varian GC","Max Wegner","20231211","2023","August","14","1104","EDT","G","Saltwater","F4","10","30","1",NA,"Within Range","Within Range",2,16373,104,1020745,NA,NA,NA
"Varian GC","Max Wegner","20231211","2023","August","14","1105","EDT","G","Saltwater","F4","20","31","1",NA,"Within Range","Within Range",1,38142,57,2377960,NA,NA,NA
"Varian GC","Max Wegner","20231211","2023","August","14","1105","EDT","G","Saltwater","F4","35","32","1",NA,"Within Range","Within Range",1,28598,83,1782915,NA,NA,NA
"Varian GC","Max Wegner","20231211","2023","August","14","1106","EDT","G","Saltwater","F4","50","33","1",NA,"Within Range","Needs Dilution",1,54793,82,3415999,NA,NA,NA
"Varian GC","Max Wegner","20231211","2023","August","14","1107","EDT","G","Saltwater","F4","ATM","34","1",NA,"Within Range","Within Range",2,1377,145,85876,NA,NA,NA
"Varian GC","Max Wegner","20231211","2023","August","14","1108","EDT","G","Saltwater","H3","10","35","1",NA,"Within Range","Within Range",2,5570,100,347282,NA,NA,NA
"Varian GC","Max Wegner","20231211","2023","August","14","1109","EDT","G","Saltwater","H3","20","36","1",NA,"Within Range","Within Range",1,21386,62,1333267,NA,NA,NA
"Varian GC","Max Wegner","20231211","2023","August","14","1110","EDT","G","Saltwater","H3","35","37","1",NA,"Within Range","Within Range",1,30665,62,1911766,NA,NA,NA
"Varian GC","Max Wegner","20231211","2023","August","14","1111","EDT","G","Saltwater","H3","50","38","1",NA,"Within Range","Within Range",1,40339,55,2514926,NA,NA,NA
"Varian GC","Max Wegner","20231211","2023","August","14","1112","EDT","G","Saltwater","H6","10","39","1",NA,"Within Range","Within Range",1,45985,48,2866905,NA,NA,NA
"Varian GC","Max Wegner","20231211","2023","August","14","1114","EDT","G","Saltwater","H6","20","40","1",NA,"Within Range","Needs Dilution",1,60203,32,3753325,NA,NA,NA
"Varian GC","Max Wegner","20231211","2023","August","14","1116","EDT","G","Saltwater","H6","35","41","1",NA,"Within Range","Needs Dilution",1,57494,59,3584406,NA,NA,NA
"Varian GC","Max Wegner","20231211","2023","August","14","1119","EDT","G","Saltwater","H6","50","42","1",NA,"Within Range","Needs Dilution",1,55894,68,3484649,NA,NA,NA
"Varian GC","Max Wegner","20231211","2023","August","14","1233","EDT","G","Freshwater","C3","10","43","1",NA,"Within Range","Within Range",1,14120,91,880279,NA,NA,NA
"Varian GC","Max Wegner","20231211","2023","August","14","1234","EDT","G","Freshwater","C3","20","44","1",NA,"Within Range","Within Range",1,29277,60,1825267,NA,NA,NA
"Varian GC","Max Wegner","20231211","2023","August","14","1235","EDT","G","Freshwater","C3","35","45","1",NA,"Within Range","Within Range",1,29646,67,1848261,NA,NA,NA
"Varian GC","Max Wegner","20231211","2023","August","14","1237","EDT","G","Freshwater","C3","50","46","1",NA,"Within Range","Within Range",1,49977,49,3115793,NA,NA,NA
"Varian GC","Max Wegner","20231211","2023","August","14","1227","EDT","G","Freshwater","C6","10","47","1",NA,"Within Range","Within Range",1,35247,87,2197416,NA,NA,NA
"Varian GC","Max Wegner","20231211","2023","August","14","1227","EDT","G","Freshwater","C6","20","48","1",NA,"Within Range","Within Range",1,35978,55,2243024,NA,NA,NA
"Varian GC","Max Wegner","20231211","2023","August","14","1228","EDT","G","Freshwater","C6","35","49","1",NA,"Within Range","Within Range",1,47967,48,2990471,NA,NA,NA
"Varian GC","Max Wegner","20231211","2023","August","14","1229","EDT","G","Freshwater","C6","50","50","1",NA,"Within Range","Needs Dilution",1,70256,45,4380046,NA,NA,NA
"Varian GC","Max Wegner","20231211","2023","August","14","1237","EDT","G","Freshwater","F4","10","51","1",NA,"Within Range","Within Range",2,9630,104,600370,NA,NA,NA
"Varian GC","Max Wegner","20231211","2023","August","14","1238","EDT","G","Freshwater","F4","20","52","1",NA,"Within Range","Within Range",1,33285,56,2075103,NA,NA,NA
"Varian GC","Max Wegner","20231211","2023","August","14","1239","EDT","G","Freshwater","F4","35","53","1",NA,"Within Range","Within Range",1,29907,66,1864556,NA,NA,NA
"Varian GC","Max Wegner","20231211","2023","August","14","1240","EDT","G","Freshwater","F4","50","54","1",NA,"Within Range","Within Range",1,48307,54,3011663,NA,NA,NA
"Varian GC","Max Wegner","20231211","2023","August","14","1240","EDT","G","Freshwater","F4","ATM","55","1",NA,"Within Range","Within Range",2,1104,150,68811,NA,NA,NA
"Varian GC","Max Wegner","20231211","2023","August","14","1241","EDT","G","Freshwater","H3","10","56","1",NA,"Within Range","Within Range",2,10593,117,660402,NA,NA,NA
"Varian GC","Max Wegner","20231211","2023","August","14","1242","EDT","G","Freshwater","H3","20","57","1",NA,"Within Range","Within Range",1,26434,61,1647980,NA,NA,NA
"Varian GC","Max Wegner","20231211","2023","August","14","1243","EDT","G","Freshwater","H3","35","58","1",NA,"Within Range","Within Range",1,30660,54,1911477,NA,NA,NA
"Varian GC","Max Wegner","20231211","2023","August","14","1244","EDT","G","Freshwater","H3","50","59","1",NA,"Within Range","Within Range",1,36007,59,2244801,NA,NA,NA
"Varian GC","Max Wegner","20231211","2023","August","14","1245","EDT","G","Freshwater","H6","10","60","1",NA,"Within Range","Within Range",2,12733,104,793828,NA,NA,NA
"Varian GC","Max Wegner","20231211","2023","August","14","1246","EDT","G","Freshwater","H6","20","61","1",NA,"Within Range","Within Range",1,23446,64,1461749,NA,NA,NA
"Varian GC","Max Wegner","20231211","2023","August","14","1247","EDT","G","Freshwater","H6","35","62","1",NA,"Within Range","Within Range",1,26317,56,1640718,NA,NA,NA
"Varian GC","Max Wegner","20231211","2023","August","14","1248","EDT","G","Freshwater","H6","50","63","1",NA,"Within Range","Within Range",1,44901,46,2799342,NA,NA,NA
"Varian GC","Max Wegner","20231212","2023","September","12","1016","EDT","G","Control","C3","10","1","1",NA,"Within Range","Within Range",1,4074,88,253969,NA,NA,NA
"Varian GC","Max Wegner","20231212","2023","September","12","1017","EDT","G","Control","C3","20","2","1",NA,"Within Range","Within Range",1,7477,58,466146,NA,NA,NA
"Varian GC","Max Wegner","20231212","2023","September","12","1018","EDT","G","Control","C3","35","3","1",NA,"Within Range","Within Range",1,10506,48,655001,NA,NA,NA
"Varian GC","Max Wegner","20231212","2023","September","12","1019","EDT","G","Control","C3","50","4","1",NA,"Within Range","Within Range",1,16210,37,1010622,NA,NA,NA
"Varian GC","Max Wegner","20231212","2023","September","12","1020","EDT","G","Control","C6","10","5","1",NA,"Within Range","Within Range",2,7862,101,490149,NA,NA,NA
"Varian GC","Max Wegner","20231212","2023","September","12","1021","EDT","G","Control","C6","20","6","1",NA,"Within Range","Within Range",1,15075,88,939851,NA,NA,NA
"Varian GC","Max Wegner","20231212","2023","September","12","1022","EDT","G","Control","C6","35","7","1",NA,"Within Range","Within Range",1,16026,60,999109,NA,NA,NA
"Varian GC","Max Wegner","20231212","2023","September","12","1023","EDT","G","Control","C6","50","8","1",NA,"Within Range","Within Range",1,17329,51,1080376,NA,NA,NA
"Varian GC","Max Wegner","20231212","2023","September","12","1004","EDT","G","Control","F4","10","9","1",NA,"Within Range","Within Range",1,3354,92,209072,NA,NA,NA
"Varian GC","Max Wegner","20231212","2023","September","12","1006","EDT","G","Control","F4","20","10","1",NA,"Within Range","Within Range",1,6744,66,420473,NA,NA,NA
"Varian GC","Max Wegner","20231212","2023","September","12","1008","EDT","G","Control","F4","35","11","1",NA,"Within Range","Within Range",1,6954,55,433570,NA,NA,NA
"Varian GC","Max Wegner","20231212","2023","September","12","1009","EDT","G","Control","F4","50","12","1",NA,"Within Range","Within Range",1,13030,42,812369,NA,NA,NA
"Varian GC","Max Wegner","20231212","2023","September","12","1003","EDT","G","Control","F4","ATM","13","1",NA,"Within Range","Within Range",2,931,129,58046,NA,NA,NA
"Varian GC","Max Wegner","20231212","2023","September","12","951","EDT","G","Control","H3","10","14","1",NA,"Within Range","Within Range",1,4520,69,281769,NA,NA,NA
"Varian GC","Max Wegner","20231212","2023","September","12","952","EDT","G","Control","H3","20","15","1",NA,"Within Range","Within Range",1,7651,46,477008,NA,NA,NA
"Varian GC","Max Wegner","20231212","2023","September","12","954","EDT","G","Control","H3","35","16","1",NA,"Within Range","Within Range",1,11165,43,696081,NA,NA,NA
"Varian GC","Max Wegner","20231212","2023","September","12","956","EDT","G","Control","H3","50","17","1",NA,"Within Range","Within Range",1,14324,39,892995,NA,NA,NA
"Varian GC","Max Wegner","20231212","2023","September","12","958","EDT","G","Control","H6","10","18","1",NA,"Within Range","Within Range",1,3013,82,187844,NA,NA,NA
"Varian GC","Max Wegner","20231212","2023","September","12","959","EDT","G","Control","H6","20","19","1",NA,"Within Range","Within Range",1,8385,43,522730,NA,NA,NA
"Varian GC","Max Wegner","20231212","2023","September","12","1000","EDT","G","Control","H6","35","20","1",NA,"Within Range","Within Range",0,16091,14,1003162,NA,NA,NA
"Varian GC","Max Wegner","20231212","2023","September","12","1002","EDT","G","Control","H6","50","21","1",NA,"Within Range","Within Range",1,18102,37,1128565,NA,NA,NA
"Varian GC","Max Wegner","20231212","2023","September","12","1212","EDT","G","Saltwater","C3","10","22","1",NA,"Within Range","Within Range",2,2467,97,153829,NA,NA,NA
"Varian GC","Max Wegner","20231212","2023","September","12","1213","EDT","G","Saltwater","C3","20","23","1",NA,"Within Range","Within Range",1,7983,92,497669,NA,NA,NA
"Varian GC","Max Wegner","20231212","2023","September","12","1214","EDT","G","Saltwater","C3","35","24","1",NA,"Within Range","Within Range",2,10222,128,637274,NA,NA,NA
"Varian GC","Max Wegner","20231212","2023","September","12","1215","EDT","G","Saltwater","C3","50","25","1",NA,"Within Range","Within Range",2,21086,122,1314558,NA,NA,NA
"Varian GC","Max Wegner","20231212","2023","September","12","1217","EDT","G","Saltwater","C6","10","26","1",NA,"Within Range","Within Range",1,5743,83,358023,NA,NA,NA
"Varian GC","Max Wegner","20231212","2023","September","12","1218","EDT","G","Saltwater","C6","20","27","1",NA,"Within Range","Within Range",1,11935,72,744096,NA,NA,NA
"Varian GC","Max Wegner","20231212","2023","September","12","1219","EDT","G","Saltwater","C6","35","28","1",NA,"Within Range","Within Range",2,14583,124,909149,NA,NA,NA
"Varian GC","Max Wegner","20231212","2023","September","12","1220","EDT","G","Saltwater","C6","50","29","1",NA,"Within Range","Within Range",2,15932,116,993258,NA,NA,NA
"Varian GC","Max Wegner","20231212","2023","September","12","1223","EDT","G","Saltwater","F4","10","30","1",NA,"Within Range","Within Range",2,7023,96,437817,NA,NA,NA
"Varian GC","Max Wegner","20231212","2023","September","12","1224","EDT","G","Saltwater","F4","20","31","1",NA,"Within Range","Within Range",1,21236,53,1323959,NA,NA,NA
"Varian GC","Max Wegner","20231212","2023","September","12","1225","EDT","G","Saltwater","F4","35","32","1",NA,"Within Range","Within Range",1,17605,61,1097593,NA,NA,NA
"Varian GC","Max Wegner","20231212","2023","September","12","1226","EDT","G","Saltwater","F4","50","33","1",NA,"Within Range","Within Range",1,27963,40,1743320,NA,NA,NA
"Varian GC","Max Wegner","20231212","2023","September","12","1222","EDT","G","Saltwater","F4","ATM","34","1",NA,"Within Range","Within Range",2,491,127,30588,NA,NA,NA
"Varian GC","Max Wegner","20231212","2023","September","12","1227","EDT","G","Saltwater","H3","10","35","1",NA,"Within Range","Within Range",2,3844,126,239634,NA,NA,NA
"Varian GC","Max Wegner","20231212","2023","September","12","1228","EDT","G","Saltwater","H3","20","36","1",NA,"Within Range","Within Range",1,14075,84,877522,NA,NA,NA
"Varian GC","Max Wegner","20231212","2023","September","12","1229","EDT","G","Saltwater","H3","35","37","1",NA,"Within Range","Within Range",1,17783,84,1108635,NA,NA,NA
"Varian GC","Max Wegner","20231212","2023","September","12","1230","EDT","G","Saltwater","H3","50","38","1",NA,"Within Range","Within Range",0,18442,14,1149776,NA,NA,NA
"Varian GC","Max Wegner","20231212","2023","September","12","1231","EDT","G","Saltwater","H6","10","39","1",NA,"Within Range","Within Range",2,13930,95,868450,NA,NA,NA
"Varian GC","Max Wegner","20231212","2023","September","12","1232","EDT","G","Saltwater","H6","20","40","1",NA,"Within Range","Within Range",1,16700,85,1041160,NA,NA,NA
"Varian GC","Max Wegner","20231212","2023","September","12","1233","EDT","G","Saltwater","H6","35","41","1",NA,"Within Range","Within Range",2,19235,99,1199180,NA,NA,NA
"Varian GC","Max Wegner","20231212","2023","September","12","1235","EDT","G","Saltwater","H6","50","42","1",NA,"Within Range","Within Range",1,20555,71,1281514,NA,NA,NA
"Varian GC","Max Wegner","20231212","2023","September","12","1258","EDT","G","Freshwater","C3","10","43","1",NA,"Within Range","Within Range",1,3708,83,231148,NA,NA,NA
"Varian GC","Max Wegner","20231212","2023","September","12","1259","EDT","G","Freshwater","C3","20","44","1",NA,"Within Range","Within Range",1,8960,54,558587,NA,NA,NA
"Varian GC","Max Wegner","20231212","2023","September","12","1300","EDT","G","Freshwater","C3","35","45","1",NA,"Within Range","Within Range",1,10472,47,652843,NA,NA,NA
"Varian GC","Max Wegner","20231212","2023","September","12","1301","EDT","G","Freshwater","C3","50","46","1",NA,"Within Range","Within Range",0,17667,14,1101443,NA,NA,NA
"Varian GC","Max Wegner","20231212","2023","September","12","1253","EDT","G","Freshwater","C6","10","47","1",NA,"Within Range","Within Range",1,2970,83,185170,NA,NA,NA
"Varian GC","Max Wegner","20231212","2023","September","12","1254","EDT","G","Freshwater","C6","20","48","1",NA,"Within Range","Within Range",1,7697,48,479852,NA,NA,NA
"Varian GC","Max Wegner","20231212","2023","September","12","1255","EDT","G","Freshwater","C6","35","49","1",NA,"Within Range","Within Range",0,12294,14,766437,NA,NA,NA
"Varian GC","Max Wegner","20231212","2023","September","12","1257","EDT","G","Freshwater","C6","50","50","1",NA,"Within Range","Within Range",0,15688,14,978039,NA,NA,NA
"Varian GC","Max Wegner","20231212","2023","September","12","1304","EDT","G","Freshwater","F4","10","51","1",NA,"Within Range","Within Range",1,3392,91,211501,NA,NA,NA
"Varian GC","Max Wegner","20231212","2023","September","12","1305","EDT","G","Freshwater","F4","20","52","1",NA,"Within Range","Within Range",1,7045,50,439222,NA,NA,NA
"Varian GC","Max Wegner","20231212","2023","September","12","1306","EDT","G","Freshwater","F4","35","53","1",NA,"Within Range","Within Range",0,10426,14,649986,NA,NA,NA
"Varian GC","Max Wegner","20231212","2023","September","12","1307","EDT","G","Freshwater","F4","50","54","1",NA,"Within Range","Within Range",1,14575,36,908696,NA,NA,NA
"Varian GC","Max Wegner","20231212","2023","September","12","1308","EDT","G","Freshwater","F4","ATM","55","1",NA,"Within Range","Within Range",2,352,122,21960,NA,NA,NA
"Varian GC","Max Wegner","20231212","2023","September","12","1309","EDT","G","Freshwater","H3","10","56","1",NA,"Within Range","Within Range",1,2739,92,170749,NA,NA,NA
"Varian GC","Max Wegner","20231212","2023","September","12","1310","EDT","G","Freshwater","H3","20","57","1",NA,"Within Range","Within Range",1,6985,49,435471,NA,NA,NA
"Varian GC","Max Wegner","20231212","2023","September","12","1311","EDT","G","Freshwater","H3","35","58","1",NA,"Within Range","Within Range",1,7535,48,469754,NA,NA,NA
"Varian GC","Max Wegner","20231212","2023","September","12","1313","EDT","G","Freshwater","H3","50","59","1",NA,"Within Range","Within Range",1,8752,54,545635,NA,NA,NA
"Varian GC","Max Wegner","20231212","2023","September","12","1316","EDT","G","Freshwater","H6","10","60","1",NA,"Within Range","Within Range",1,3853,90,240201,NA,NA,NA
"Varian GC","Max Wegner","20231212","2023","September","12","1317","EDT","G","Freshwater","H6","20","61","1",NA,"Within Range","Within Range",1,7320,93,456370,NA,NA,NA
"Varian GC","Max Wegner","20231212","2023","September","12","1318","EDT","G","Freshwater","H6","35","62","1",NA,"Within Range","Within Range",1,9677,87,603302,NA,NA,NA
"Varian GC","Max Wegner","20231212","2023","September","12","1319","EDT","G","Freshwater","H6","50","63","1",NA,"Within Range","Within Range",1,14239,78,887736,NA,NA,NA
"Varian GC","Max Wegner","20240102","2023","October","3","1024","EDT","G","Control","C3","10","1","1",NA,"Within Range","Within Range",3,3199,158,199444,NA,NA,NA
"Varian GC","Max Wegner","20240102","2023","October","3","1025","EDT","G","Control","C3","20","2","1",NA,"Within Range","Within Range",2,5914,120,368698,NA,NA,NA
"Varian GC","Max Wegner","20240102","2023","October","3","1027","EDT","G","Control","C3","35","3","1",NA,"Within Range","Within Range",2,10094,103,629326,NA,NA,NA
"Varian GC","Max Wegner","20240102","2023","October","3","1028","EDT","G","Control","C3","50","4","1",NA,"Within Range","Within Range",2,15508,95,966827,NA,NA,NA
"Varian GC","Max Wegner","20240102","2023","October","3","1019","EDT","G","Control","C6","10","5","1",NA,"Within Range","Within Range",3,3668,169,228679,NA,NA,NA
"Varian GC","Max Wegner","20240102","2023","October","3","1020","EDT","G","Control","C6","20","6","1",NA,"Within Range","Within Range",2,13590,145,847230,NA,NA,NA
"Varian GC","Max Wegner","20240102","2023","October","3","1022","EDT","G","Control","C6","35","7","1",NA,"Within Range","Within Range",2,13088,110,815961,NA,NA,NA
"Varian GC","Max Wegner","20240102","2023","October","3","1023","EDT","G","Control","C6","50","8","1",NA,"Within Range","Within Range",2,16927,100,1055317,NA,NA,NA
"Varian GC","Max Wegner","20240102","2023","October","3","1007","EDT","G","Control","F4","10","9","1",NA,"Within Range","Within Range",3,2483,167,154772,NA,NA,NA
"Varian GC","Max Wegner","20240102","2023","October","3","1008","EDT","G","Control","F4","20","10","1",NA,"Within Range","Within Range",2,5793,129,361173,NA,NA,NA
"Varian GC","Max Wegner","20240102","2023","October","3","1009","EDT","G","Control","F4","35","11","1",NA,"Within Range","Within Range",2,5973,123,372394,NA,NA,NA
"Varian GC","Max Wegner","20240102","2023","October","3","1010","EDT","G","Control","F4","50","12","1",NA,"Within Range","Within Range",2,12274,136,765203,NA,NA,NA
"Varian GC","Max Wegner","20240102","2023","October","3","1012","EDT","G","Control","F4","ATM","13","1",NA,"Within Range","Within Range",3,720,197,44872,NA,NA,NA
"Varian GC","Max Wegner","20240102","2023","October","3","1003","EDT","G","Control","H3","10","14","1",NA,"Within Range","Within Range",2,3540,142,220700,NA,NA,NA
"Varian GC","Max Wegner","20240102","2023","October","3","1004","EDT","G","Control","H3","20","15","1",NA,"Within Range","Within Range",2,7545,105,470414,NA,NA,NA
"Varian GC","Max Wegner","20240102","2023","October","3","1005","EDT","G","Control","H3","35","16","1",NA,"Within Range","Within Range",2,9782,113,609872,NA,NA,NA
"Varian GC","Max Wegner","20240102","2023","October","3","1006","EDT","G","Control","H3","50","17","1",NA,"Within Range","Within Range",2,12998,96,810345,NA,NA,NA
"Varian GC","Max Wegner","20240102","2023","October","3","1013","EDT","G","Control","H6","10","18","1",NA,"Within Range","Within Range",2,2024,145,126155,NA,NA,NA
"Varian GC","Max Wegner","20240102","2023","October","3","1014","EDT","G","Control","H6","20","19","1",NA,"Within Range","Within Range",2,6767,104,421904,NA,NA,NA
"Varian GC","Max Wegner","20240102","2023","October","3","1016","EDT","G","Control","H6","35","20","1",NA,"Within Range","Within Range",2,13851,96,863505,NA,NA,NA
"Varian GC","Max Wegner","20240102","2023","October","3","1017","EDT","G","Control","H6","50","21","1",NA,"Within Range","Within Range",2,14274,99,889903,NA,NA,NA
"Varian GC","Max Wegner","20240102","2023","October","3","1043","EDT","G","Saltwater","C3","10","22","1",NA,"Within Range","Within Range",3,2182,157,136024,NA,NA,NA
"Varian GC","Max Wegner","20240102","2023","October","3","1044","EDT","G","Saltwater","C3","20","23","1",NA,"Within Range","Within Range",2,9119,147,568535,NA,NA,NA
"Varian GC","Max Wegner","20240102","2023","October","3","1045","EDT","G","Saltwater","C3","35","24","1",NA,"Within Range","Within Range",2,10237,134,638212,NA,NA,NA
"Varian GC","Max Wegner","20240102","2023","October","3","1045","EDT","G","Saltwater","C3","50","25","1",NA,"Within Range","Within Range",2,20959,117,1306676,NA,NA,NA
"Varian GC","Max Wegner","20240102","2023","October","3","1107","EDT","G","Saltwater","C6","10","26","1",NA,"Within Range","Within Range",2,5570,150,347271,NA,NA,NA
"Varian GC","Max Wegner","20240102","2023","October","3","1107","EDT","G","Saltwater","C6","20","27","1",NA,"Within Range","Within Range",2,14787,118,921883,NA,NA,NA
"Varian GC","Max Wegner","20240102","2023","October","3","1108","EDT","G","Saltwater","C6","35","28","1",NA,"Within Range","Within Range",2,16212,135,1010707,NA,NA,NA
"Varian GC","Max Wegner","20240102","2023","October","3","1109","EDT","G","Saltwater","C6","50","29","1",NA,"Within Range","Within Range",2,18690,128,1165195,NA,NA,NA
"Varian GC","Max Wegner","20240102","2023","October","3","1051","EDT","G","Saltwater","F4","10","30","1",NA,"Within Range","Within Range",3,3667,157,228598,NA,NA,NA
"Varian GC","Max Wegner","20240102","2023","October","3","1053","EDT","G","Saltwater","F4","20","31","1",NA,"Within Range","Within Range",2,14241,101,887858,NA,NA,NA
"Varian GC","Max Wegner","20240102","2023","October","3","1054","EDT","G","Saltwater","F4","35","32","1",NA,"Within Range","Within Range",2,18960,120,1182025,NA,NA,NA
"Varian GC","Max Wegner","20240102","2023","October","3","1055","EDT","G","Saltwater","F4","50","33","1",NA,"Within Range","Within Range",2,31755,113,1979744,NA,NA,NA
"Varian GC","Max Wegner","20240102","2023","October","3","1057","EDT","G","Saltwater","F4","ATM","34","1",NA,"Within Range","Within Range",3,546,176,34052,NA,NA,NA
"Varian GC","Max Wegner","20240102","2023","October","3","1058","EDT","G","Saltwater","H3","10","35","1",NA,"Within Range","Within Range",2,2862,131,178417,NA,NA,NA
"Varian GC","Max Wegner","20240102","2023","October","3","1059","EDT","G","Saltwater","H3","20","36","1",NA,"Within Range","Within Range",2,10920,96,680828,NA,NA,NA
"Varian GC","Max Wegner","20240102","2023","October","3","1100","EDT","G","Saltwater","H3","35","37","1",NA,"Within Range","Within Range",1,15981,86,996308,NA,NA,NA
"Varian GC","Max Wegner","20240102","2023","October","3","1101","EDT","G","Saltwater","H3","50","38","1",NA,"Within Range","Within Range",1,19618,82,1223047,NA,NA,NA
"Varian GC","Max Wegner","20240102","2023","October","3","1102","EDT","G","Saltwater","H6","10","39","1",NA,"Within Range","Within Range",2,12456,112,776564,NA,NA,NA
"Varian GC","Max Wegner","20240102","2023","October","3","1103","EDT","G","Saltwater","H6","20","40","1",NA,"Within Range","Within Range",1,19047,83,1187450,NA,NA,NA
"Varian GC","Max Wegner","20240102","2023","October","3","1104","EDT","G","Saltwater","H6","35","41","1",NA,"Within Range","Within Range",2,23650,98,1474413,NA,NA,NA
"Varian GC","Max Wegner","20240102","2023","October","3","1105","EDT","G","Saltwater","H6","50","42","1",NA,"Within Range","Within Range",2,20786,107,1295872,NA,NA,NA
"Varian GC","Max Wegner","20240102","2023","October","3","1240","EDT","G","Freshwater","C3","10","43","1",NA,"Within Range","Within Range",2,3616,131,225457,NA,NA,NA
"Varian GC","Max Wegner","20240102","2023","October","3","1241","EDT","G","Freshwater","C3","20","44","1",NA,"Within Range","Within Range",1,8722,93,543752,NA,NA,NA
"Varian GC","Max Wegner","20240102","2023","October","3","1242","EDT","G","Freshwater","C3","35","45","1",NA,"Within Range","Within Range",2,9649,99,601547,NA,NA,NA
"Varian GC","Max Wegner","20240102","2023","October","3","1243","EDT","G","Freshwater","C3","50","46","1",NA,"Within Range","Within Range",1,18793,84,1171637,NA,NA,NA
"Varian GC","Max Wegner","20240102","2023","October","3","1236","EDT","G","Freshwater","C6","10","47","1",NA,"Within Range","Within Range",2,2780,143,173323,NA,NA,NA
"Varian GC","Max Wegner","20240102","2023","October","3","1237","EDT","G","Freshwater","C6","20","48","1",NA,"Within Range","Within Range",2,7142,102,445284,NA,NA,NA
"Varian GC","Max Wegner","20240102","2023","October","3","1238","EDT","G","Freshwater","C6","35","49","1",NA,"Within Range","Within Range",1,12614,88,786427,NA,NA,NA
"Varian GC","Max Wegner","20240102","2023","October","3","1239","EDT","G","Freshwater","C6","50","50","1",NA,"Within Range","Within Range",1,15644,88,975332,NA,NA,NA
"Varian GC","Max Wegner","20240102","2023","October","3","1244","EDT","G","Freshwater","F4","10","51","1",NA,"Within Range","Within Range",2,2903,139,180982,NA,NA,NA
"Varian GC","Max Wegner","20240102","2023","October","3","1245","EDT","G","Freshwater","F4","20","52","1",NA,"Within Range","Within Range",2,6679,105,416366,NA,NA,NA
"Varian GC","Max Wegner","20240102","2023","October","3","1246","EDT","G","Freshwater","F4","35","53","1",NA,"Within Range","Within Range",1,8641,93,538687,NA,NA,NA
"Varian GC","Max Wegner","20240102","2023","October","3","1247","EDT","G","Freshwater","F4","50","54","1",NA,"Within Range","Within Range",1,15296,91,953602,NA,NA,NA
"Varian GC","Max Wegner","20240102","2023","October","3","1248","EDT","G","Freshwater","F4","ATM","55","1",NA,"Within Range","Within Range",3,520,179,32436,NA,NA,NA
"Varian GC","Max Wegner","20240102","2023","October","3","1249","EDT","G","Freshwater","H3","10","56","1",NA,"Within Range","Within Range",2,2480,155,154607,NA,NA,NA
"Varian GC","Max Wegner","20240102","2023","October","3","1250","EDT","G","Freshwater","H3","20","57","1",NA,"Within Range","Within Range",2,7025,107,437978,NA,NA,NA
"Varian GC","Max Wegner","20240102","2023","October","3","1251","EDT","G","Freshwater","H3","35","58","1",NA,"Within Range","Within Range",2,7734,100,482179,NA,NA,NA
"Varian GC","Max Wegner","20240102","2023","October","3","1252","EDT","G","Freshwater","H3","50","59","1",NA,"Within Range","Within Range",2,11157,95,695566,NA,NA,NA
"Varian GC","Max Wegner","20240102","2023","October","3","1253","EDT","G","Freshwater","H6","10","60","1",NA,"Within Range","Within Range",2,3075,143,191721,NA,NA,NA
"Varian GC","Max Wegner","20240102","2023","October","3","1254","EDT","G","Freshwater","H6","20","61","1",NA,"Within Range","Within Range",2,6069,108,378376,NA,NA,NA
"Varian GC","Max Wegner","20240102","2023","October","3","1255","EDT","G","Freshwater","H6","35","62","1",NA,"Within Range","Within Range",2,7848,99,489284,NA,NA,NA
"Varian GC","Max Wegner","20240102","2023","October","3","1256","EDT","G","Freshwater","H6","50","63","1",NA,"Within Range","Within Range",2,11898,96,741801,NA,NA,NA
"Varian GC","Max Wegner","20240109","2023","November","3","1403","EDT","G","Control","C3","10","1","1",NA,"Within Range","Within Range",2,1561,139,97317,NA,NA,NA
"Varian GC","Max Wegner","20240109","2023","November","3","1404","EDT","G","Control","C3","20","2","1",NA,"Within Range","Within Range",2,3106,101,193668,NA,NA,NA
"Varian GC","Max Wegner","20240109","2023","November","3","1405","EDT","G","Control","C3","35","3","1",NA,"Within Range","Within Range",2,4561,97,284336,NA,NA,NA
"Varian GC","Max Wegner","20240109","2023","November","3","1406","EDT","G","Control","C3","50","4","1",NA,"Within Range","Within Range",1,8916,92,555856,NA,NA,NA
"Varian GC","Max Wegner","20240109","2023","November","3","1412","EDT","G","Control","C6","10","5","1",NA,"Within Range","Within Range",2,2083,149,129883,NA,NA,NA
"Varian GC","Max Wegner","20240109","2023","November","3","1413","EDT","G","Control","C6","20","6","1",NA,"Within Range","Within Range",2,4953,122,308801,NA,NA,NA
"Varian GC","Max Wegner","20240109","2023","November","3","1414","EDT","G","Control","C6","35","7","1",NA,"Within Range","Within Range",2,7779,96,484987,NA,NA,NA
"Varian GC","Max Wegner","20240109","2023","November","3","1415","EDT","G","Control","C6","50","8","1",NA,"Within Range","Within Range",1,10517,87,655688,NA,NA,NA
"Varian GC","Max Wegner","20240109","2023","November","3","1416","EDT","G","Control","F4","10","9","1",NA,"Within Range","Within Range",2,1379,133,85984,NA,NA,NA
"Varian GC","Max Wegner","20240109","2023","November","3","1417","EDT","G","Control","F4","20","10","1",NA,"Within Range","Within Range",2,3118,108,194365,NA,NA,NA
"Varian GC","Max Wegner","20240109","2023","November","3","1419","EDT","G","Control","F4","35","11","1",NA,"Within Range","Within Range",1,3544,93,220954,NA,NA,NA
"Varian GC","Max Wegner","20240109","2023","November","3","1420","EDT","G","Control","F4","50","12","1",NA,"Within Range","Within Range",1,9076,81,565813,NA,NA,NA
"Varian GC","Max Wegner","20240109","2023","November","3","1421","EDT","G","Control","F4","ATM","13","1",NA,"Within Range","Within Range",3,516,162,32165,NA,NA,NA
"Varian GC","Max Wegner","20240109","2023","November","3","1357","EDT","G","Control","H3","10","14","1",NA,"Within Range","Within Range",2,1933,113,120511,NA,NA,NA
"Varian GC","Max Wegner","20240109","2023","November","3","1358","EDT","G","Control","H3","20","15","1",NA,"Within Range","Within Range",1,3876,89,241618,NA,NA,NA
"Varian GC","Max Wegner","20240109","2023","November","3","1359","EDT","G","Control","H3","35","16","1",NA,"Within Range","Within Range",2,5385,101,335741,NA,NA,NA
"Varian GC","Max Wegner","20240109","2023","November","3","1401","EDT","G","Control","H3","50","17","1",NA,"Within Range","Within Range",1,8947,73,557784,NA,NA,NA
"Varian GC","Max Wegner","20240109","2023","November","3","1422","EDT","G","Control","H6","10","18","1",NA,"Within Range","Within Range",2,1441,116,89829,NA,NA,NA
"Varian GC","Max Wegner","20240109","2023","November","3","1423","EDT","G","Control","H6","20","19","1",NA,"Within Range","Within Range",1,3829,89,238738,NA,NA,NA
"Varian GC","Max Wegner","20240109","2023","November","3","1424","EDT","G","Control","H6","35","20","1",NA,"Within Range","Within Range",1,8001,75,498846,NA,NA,NA
"Varian GC","Max Wegner","20240109","2023","November","3","1425","EDT","G","Control","H6","50","21","1",NA,"Within Range","Within Range",1,8624,75,537637,NA,NA,NA
"Varian GC","Max Wegner","20240109","2023","November","3","1126","EDT","G","Saltwater","C3","10","22","1",NA,"Within Range","Within Range",2,1336,140,83303,NA,NA,NA
"Varian GC","Max Wegner","20240109","2023","November","3","1128","EDT","G","Saltwater","C3","20","23","1",NA,"Within Range","Within Range",2,4914,125,306335,NA,NA,NA
"Varian GC","Max Wegner","20240109","2023","November","3","1130","EDT","G","Saltwater","C3","35","24","1",NA,"Within Range","Within Range",2,6798,117,423821,NA,NA,NA
"Varian GC","Max Wegner","20240109","2023","November","3","1132","EDT","G","Saltwater","C3","50","25","1",NA,"Within Range","Within Range",2,14321,112,892845,NA,NA,NA
"Varian GC","Max Wegner","20240109","2023","November","3","1107","EDT","G","Saltwater","C6","10","26","1",NA,"Within Range","Within Range",2,2658,126,165683,NA,NA,NA
"Varian GC","Max Wegner","20240109","2023","November","3","1108","EDT","G","Saltwater","C6","20","27","1",NA,"Within Range","Within Range",1,9518,93,593368,NA,NA,NA
"Varian GC","Max Wegner","20240109","2023","November","3","1109","EDT","G","Saltwater","C6","35","28","1",NA,"Within Range","Within Range",2,10708,108,667563,NA,NA,NA
"Varian GC","Max Wegner","20240109","2023","November","3","1110","EDT","G","Saltwater","C6","50","29","1",NA,"Within Range","Within Range",2,13177,109,821500,NA,NA,NA
"Varian GC","Max Wegner","20240109","2023","November","3","1121","EDT","G","Saltwater","F4","10","30","1",NA,"Within Range","Within Range",2,2521,136,157143,NA,NA,NA
"Varian GC","Max Wegner","20240109","2023","November","3","1122","EDT","G","Saltwater","F4","20","31","1",NA,"Within Range","Within Range",1,10503,83,654818,NA,NA,NA
"Varian GC","Max Wegner","20240109","2023","November","3","1123","EDT","G","Saltwater","F4","35","32","1",NA,"Within Range","Within Range",2,12896,103,804009,NA,NA,NA
"Varian GC","Max Wegner","20240109","2023","November","3","1124","EDT","G","Saltwater","F4","50","33","1",NA,"Within Range","Within Range",1,26258,93,1637029,NA,NA,NA
"Varian GC","Max Wegner","20240109","2023","November","3","1125","EDT","G","Saltwater","F4","ATM","34","1",NA,"Within Range","Within Range",2,495,153,30864,NA,NA,NA
"Varian GC","Max Wegner","20240109","2023","November","3","1118","EDT","G","Saltwater","H3","10","35","1",NA,"Within Range","Within Range",2,1565,120,97568,NA,NA,NA
"Varian GC","Max Wegner","20240109","2023","November","3","1119","EDT","G","Saltwater","H3","20","36","1",NA,"Within Range","Within Range",1,5297,89,330262,NA,NA,NA
"Varian GC","Max Wegner","20240109","2023","November","3","1120","EDT","G","Saltwater","H3","35","37","1",NA,"Within Range","Within Range",1,8985,73,560183,NA,NA,NA
"Varian GC","Max Wegner","20240109","2023","November","3","1121","EDT","G","Saltwater","H3","50","38","1",NA,"Within Range","Within Range",1,10610,69,661494,NA,NA,NA
"Varian GC","Max Wegner","20240109","2023","November","3","1113","EDT","G","Saltwater","H6","10","39","1",NA,"Within Range","Within Range",1,8542,91,532518,NA,NA,NA
"Varian GC","Max Wegner","20240109","2023","November","3","1114","EDT","G","Saltwater","H6","20","40","1",NA,"Within Range","Within Range",1,14366,76,895618,NA,NA,NA
"Varian GC","Max Wegner","20240109","2023","November","3","1115","EDT","G","Saltwater","H6","35","41","1",NA,"Within Range","Within Range",1,16978,84,1058492,NA,NA,NA
"Varian GC","Max Wegner","20240109","2023","November","3","1117","EDT","G","Saltwater","H6","50","42","1",NA,"Within Range","Within Range",1,16688,93,1040423,NA,NA,NA
"Varian GC","Max Wegner","20240109","2023","November","3","1040","EDT","G","Freshwater","C3","10","43","1",NA,"Within Range","Within Range",2,1778,124,110861,NA,NA,NA
"Varian GC","Max Wegner","20240109","2023","November","3","1041","EDT","G","Freshwater","C3","20","44","1",NA,"Within Range","Within Range",1,4191,86,261299,NA,NA,NA
"Varian GC","Max Wegner","20240109","2023","November","3","1042","EDT","G","Freshwater","C3","35","45","1",NA,"Within Range","Within Range",1,5739,88,357787,NA,NA,NA
"Varian GC","Max Wegner","20240109","2023","November","3","1042","EDT","G","Freshwater","C3","50","46","1",NA,"Within Range","Within Range",1,10331,75,644082,NA,NA,NA
"Varian GC","Max Wegner","20240109","2023","November","3","1044","EDT","G","Freshwater","C6","10","47","1",NA,"Within Range","Within Range",2,1451,126,90483,NA,NA,NA
"Varian GC","Max Wegner","20240109","2023","November","3","1045","EDT","G","Freshwater","C6","20","48","1",NA,"Within Range","Within Range",1,3135,91,195438,NA,NA,NA
"Varian GC","Max Wegner","20240109","2023","November","3","1046","EDT","G","Freshwater","C6","35","49","1",NA,"Within Range","Within Range",1,5828,76,363344,NA,NA,NA
"Varian GC","Max Wegner","20240110","2023","November","3","1047","EDT","G","Freshwater","C6","50","50","1",NA,"Within Range","Within Range",1,8501,88,529981,NA,NA,NA
"Varian GC","Max Wegner","20240110","2023","November","3","1031","EDT","G","Freshwater","F4","10","51","1",NA,"Within Range","Within Range",2,1521,149,94856,NA,NA,NA
"Varian GC","Max Wegner","20240110","2023","November","3","1032","EDT","G","Freshwater","F4","20","52","1",NA,"Within Range","Within Range",2,3508,101,218677,NA,NA,NA
"Varian GC","Max Wegner","20240110","2023","November","3","1033","EDT","G","Freshwater","F4","35","53","1",NA,"Within Range","Within Range",1,4926,92,307086,NA,NA,NA
"Varian GC","Max Wegner","20240110","2023","November","3","1034","EDT","G","Freshwater","F4","50","54","1",NA,"Within Range","Within Range",1,9673,78,603025,NA,NA,NA
"Varian GC","Max Wegner","20240110","2023","November","3","1035","EDT","G","Freshwater","F4","ATM","55","1",NA,"Within Range","Within Range",3,503,163,31380,NA,NA,NA
"Varian GC","Max Wegner","20240110","2023","November","3","1027","EDT","G","Freshwater","H3","10","56","1",NA,"Within Range","Within Range",2,1084,142,67565,NA,NA,NA
"Varian GC","Max Wegner","20240110","2023","November","3","1028","EDT","G","Freshwater","H3","20","57","1",NA,"Within Range","Within Range",2,2494,103,155465,NA,NA,NA
"Varian GC","Max Wegner","20240110","2023","November","3","1029","EDT","G","Freshwater","H3","35","58","1",NA,"Within Range","Within Range",2,3411,100,212657,NA,NA,NA
"Varian GC","Max Wegner","20240110","2023","November","3","1030","EDT","G","Freshwater","H3","50","59","1",NA,"Within Range","Within Range",2,5648,94,352108,NA,NA,NA
"Varian GC","Max Wegner","20240110","2023","November","3","1021","EDT","G","Freshwater","H6","10","60","1",NA,"Within Range","Within Range",2,1324,144,82535,NA,NA,NA
"Varian GC","Max Wegner","20240110","2023","November","3","1023","EDT","G","Freshwater","H6","20","61","1",NA,"Within Range","Within Range",2,2243,109,139837,NA,NA,NA
"Varian GC","Max Wegner","20240110","2023","November","3","1025","EDT","G","Freshwater","H6","35","62","1",NA,"Within Range","Within Range",1,3605,87,224750,NA,NA,NA
"Varian GC","Max Wegner","20240110","2023","November","3","1026","EDT","G","Freshwater","H6","50","63","1",NA,"Within Range","Within Range",1,6019,87,375273,NA,NA,NA
"Varian GC","Wegner","20240624","2024","April","15","13:26","EDT","G","Control","C3","10","1","1",NA,"Within Range","Within Range",2,5308,115,330908,NA,NA,NA
"Varian GC","Wegner","20240624","2024","April","15","13:27","EDT","G","Control","C3","20","2","1",NA,"Within Range","Within Range",1,7895,81,492194,NA,NA,NA
"Varian GC","Wegner","20240624","2024","April","15","13:28","EDT","G","Control","C3","35","3","1",NA,"Within Range","Within Range",1,11660,62,726907,NA,NA,NA
"Varian GC","Wegner","20240624","2024","April","15","13:28","EDT","G","Control","C3","50","4","1",NA,"Within Range","Within Range",1,12161,67,758155,NA,NA,NA
"Varian GC","Wegner","20240624","2024","April","15","13:21","EDT","G","Control","C6","10","5","1",NA,"Within Range","Within Range",2,5545,114,345681,NA,NA,NA
"Varian GC","Wegner","20240624","2024","April","15","13:22","EDT","G","Control","C6","20","6","1",NA,"Within Range","Within Range",1,15738,81,981173,NA,NA,NA
"Varian GC","Wegner","20240624","2024","April","15","13:23","EDT","G","Control","C6","35","7","1",NA,"Within Range","Within Range",2,10214,98,636783,NA,NA,NA
"Varian GC","Wegner","20240624","2024","April","15","13:24","EDT","G","Control","C6","50","8","1",NA,"Within Range","Within Range",1,8575,89,534596,NA,NA,NA
"Varian GC","Wegner","20240624","2024","April","15","13:29","EDT","G","Control","F4","10","9","1",NA,"Within Range","Within Range",3,3282,163,204630,NA,NA,NA
"Varian GC","Wegner","20240624","2024","April","15","13:30","EDT","G","Control","F4","20","10","1",NA,"Within Range","Within Range",2,11322,97,705836,NA,NA,NA
"Varian GC","Wegner","20240624","2024","April","15","13:31","EDT","G","Control","F4","35","11","1",NA,"Within Range","Within Range",2,6728,97,419436,NA,NA,NA
"Varian GC","Wegner","20240624","2024","April","15","13:32","EDT","G","Control","F4","50","12","1",NA,"Within Range","Within Range",2,6881,106,429021,NA,NA,NA
"Varian GC","Wegner","20240624","2024","April","15","13:33","EDT","G","Control","F4","ATM","13","1",NA,"Within Range","Within Range",2,410,141,25562,NA,NA,NA
"Varian GC","Wegner","20240624","2024","April","15","13:35","EDT","G","Control","H3","10","14","1",NA,"Within Range","Within Range",2,10244,117,638654,NA,NA,NA
"Varian GC","Wegner","20240624","2024","April","15","13:36","EDT","G","Control","H3","20","15","1",NA,"Within Range","Within Range",1,15551,92,969495,NA,NA,NA
"Varian GC","Wegner","20240624","2024","April","15","13:37","EDT","G","Control","H3","35","16","1",NA,"Within Range","Within Range",1,24227,92,1510389,NA,NA,NA
"Varian GC","Wegner","20240624","2024","April","15","13:38","EDT","G","Control","H3","50","17","1",NA,"Within Range","Within Range",1,23168,74,1444373,NA,NA,NA
"Varian GC","Wegner","20240624","2024","April","15","13:42","EDT","G","Control","H6","10","18","1",NA,"Within Range","Within Range",2,2373,105,147951,NA,NA,NA
"Varian GC","Wegner","20240624","2024","April","15","13:43","EDT","G","Control","H6","20","19","1",NA,"Within Range","Within Range",2,7122,109,444031,NA,NA,NA
"Varian GC","Wegner","20240624","2024","April","15","13:44","EDT","G","Control","H6","35","20","1",NA,"Within Range","Within Range",2,12006,95,748496,NA,NA,NA
"Varian GC","Wegner","20240624","2024","April","15","13:45","EDT","G","Control","H6","50","21","1",NA,"Within Range","Within Range",2,9310,113,580402,NA,NA,NA
"Varian GC","Wegner","20240624","2024","April","15","12:11","EDT","G","Saltwater","C3","10","22","1",NA,"Within Range","Within Range",2,3952,100,246386,NA,NA,NA
"Varian GC","Wegner","20240624","2024","April","15","12:12","EDT","G","Saltwater","C3","20","23","1",NA,"Within Range","Within Range",1,17091,83,1065525,NA,NA,NA
"Varian GC","Wegner","20240624","2024","April","15","12:13","EDT","G","Saltwater","C3","35","24","1",NA,"Within Range","Within Range",2,17872,104,1114207,NA,NA,NA
"Varian GC","Wegner","20240624","2024","April","15","12:13","EDT","G","Saltwater","C3","50","25","1",NA,"Within Range","Within Range",1,23317,63,1453686,NA,NA,NA
"Varian GC","Wegner","20240624","2024","April","15","11:45","EDT","G","Saltwater","C6","10","26","1",NA,"Within Range","Within Range",2,16547,100,1031628,NA,NA,NA
"Varian GC","Wegner","20240624","2024","April","15","11:47","EDT","G","Saltwater","C6","20","27","1",NA,"Within Range","Within Range",1,33535,62,2090729,NA,NA,NA
"Varian GC","Wegner","20240624","2024","April","15","11:48","EDT","G","Saltwater","C6","35","28","1",NA,"Within Range","Within Range",2,23476,129,1463610,NA,NA,NA
"Varian GC","Wegner","20240624","2024","April","15","11:50","EDT","W","Saltwater","C6","50","29","1",NA,"Within Range","Within Range",2,18491,0,756,NA,NA,NA
"Varian GC","Wegner","20240624","2024","April","15","12:04","EDT","G","Saltwater","F4","10","30","1",NA,"Within Range","Within Range",1,15081,87,940207,NA,NA,NA
"Varian GC","Wegner","20240624","2024","April","15","12:06","EDT","G","Saltwater","F4","20","31","1",NA,"Within Range","Within Range",1,26988,58,1682552,NA,NA,NA
"Varian GC","Wegner","20240624","2024","April","15","12:07","EDT","G","Saltwater","F4","35","32","1",NA,"Within Range","Within Range",2,12433,122,775148,NA,NA,NA
"Varian GC","Wegner","20240624","2024","April","15","12:08","EDT","G","Saltwater","F4","50","33","1",NA,"Within Range","Within Range",1,20365,87,1269652,NA,NA,NA
"Varian GC","Wegner","20240624","2024","April","15","12:09","EDT","G","Saltwater","F4","ATM","34","1",NA,"Within Range","Within Range",2,311,133,19387,NA,NA,NA
"Varian GC","Wegner","20240624","2024","April","15","11:59","EDT","G","Saltwater","H3","10","35","1",NA,"Within Range","Within Range",2,2515,116,156826,NA,NA,NA
"Varian GC","Wegner","20240624","2024","April","15","12:00","EDT","G","Saltwater","H3","20","36","1",NA,"Within Range","Within Range",1,13924,58,868053,NA,NA,NA
"Varian GC","Wegner","20240624","2024","April","15","12:01","EDT","G","Saltwater","H3","35","37","1",NA,"Within Range","Within Range",1,16538,32,1031058,NA,NA,NA
"Varian GC","Wegner","20240624","2024","April","15","12:03","EDT","G","Saltwater","H3","50","38","1",NA,"Within Range","Within Range",1,13851,69,863534,NA,NA,NA
"Varian GC","Wegner","20240624","2024","April","15","11:55","EDT","G","Saltwater","H6","10","39","1",NA,"Within Range","Within Range",1,21189,65,1321027,NA,NA,NA
"Varian GC","Wegner","20240624","2024","April","15","11:56","EDT","G","Saltwater","H6","20","40","1",NA,"Within Range","Within Range",1,26215,55,1634336,NA,NA,NA
"Varian GC","Wegner","20240624","2024","April","15","11:57","EDT","G","Saltwater","H6","35","41","1",NA,"Within Range","Within Range",1,31231,74,1947089,NA,NA,NA
"Varian GC","Wegner","20240624","2024","April","15","11:58","EDT","G","Saltwater","H6","50","42","1",NA,"Within Range","Within Range",1,21593,89,1346186,NA,NA,NA
"Varian GC","Wegner","20240624","2024","April","15","11:36","EDT","G","Freshwater","C3","10","43","1",NA,"Within Range","Within Range",1,8707,89,542827,NA,NA,NA
"Varian GC","Wegner","20240624","2024","April","15","11:37","EDT","G","Freshwater","C3","20","44","1",NA,"Within Range","Within Range",2,16297,105,1016028,NA,NA,NA
"Varian GC","Wegner","20240624","2024","April","15","11:38","EDT","G","Freshwater","C3","35","45","1",NA,"Within Range","Within Range",1,12294,77,766479,NA,NA,NA
"Varian GC","Wegner","20240624","2024","April","15","11:39","EDT","G","Freshwater","C3","50","46","1",NA,"Within Range","Within Range",2,14899,99,928873,NA,NA,NA
"Varian GC","Wegner","20240624","2024","April","15","11:40","EDT","G","Freshwater","C6","10","47","1",NA,"Within Range","Within Range",2,7468,105,465580,NA,NA,NA
"Varian GC","Wegner","20240624","2024","April","15","11:41","EDT","G","Freshwater","C6","20","48","1",NA,"Within Range","Within Range",2,20047,97,1249805,NA,NA,NA
"Varian GC","Wegner","20240624","2024","April","15","11:42","EDT","G","Freshwater","C6","35","49","1",NA,"Within Range","Within Range",1,18294,59,1140518,NA,NA,NA
"Varian GC","Wegner","20240624","2024","April","15","11:43","EDT","G","Freshwater","C6","50","50","1",NA,"Within Range","Within Range",1,18648,65,1162610,NA,NA,NA
"Varian GC","Wegner","20240624","2024","April","15","11:23","EDT","G","Freshwater","F4","10","51","1",NA,"Within Range","Within Range",2,4445,149,277111,NA,NA,NA
"Varian GC","Wegner","20240624","2024","April","15","11:25","EDT","G","Freshwater","F4","20","52","1",NA,"Within Range","Within Range",1,11701,74,729496,NA,NA,NA
"Varian GC","Wegner","20240624","2024","April","15","11:27","EDT","G","Freshwater","F4","35","53","1",NA,"Within Range","Within Range",2,12417,102,774138,NA,NA,NA
"Varian GC","Wegner","20240624","2024","April","15","11:29","EDT","G","Freshwater","F4","50","54","1",NA,"Within Range","Within Range",1,13117,66,817750,NA,NA,NA
"Varian GC","Wegner","20240624","2024","April","15","11:30","EDT","G","Freshwater","F4","ATM","55","1",NA,"Within Range","Within Range",2,307,139,19127,NA,NA,NA
"Varian GC","Wegner","20240624","2024","April","15","11:19","EDT","G","Freshwater","H3","10","56","1",NA,"Within Range","Within Range",3,6308,159,393242,NA,NA,NA
"Varian GC","Wegner","20240624","2024","April","15","11:20","EDT","G","Freshwater","H3","20","57","1",NA,"Within Range","Within Range",2,11207,101,698716,NA,NA,NA
"Varian GC","Wegner","20240624","2024","April","15","11:21","EDT","G","Freshwater","H3","35","58","1",NA,"Within Range","Within Range",2,10645,111,663660,NA,NA,NA
"Varian GC","Wegner","20240624","2024","April","15","11:22","EDT","G","Freshwater","H3","50","59","1",NA,"Within Range","Within Range",1,9406,81,586390,NA,NA,NA
"Varian GC","Wegner","20240624","2024","April","15","11:12","EDT","G","Freshwater","H6","10","60","1",NA,"Within Range","Within Range",2,6820,101,425194,NA,NA,NA
"Varian GC","Wegner","20240624","2024","April","15","11:14","EDT","G","Freshwater","H6","20","61","1",NA,"Within Range","Within Range",1,9397,68,585843,NA,NA,NA
"Varian GC","Wegner","20240624","2024","April","15","11:15","EDT","G","Freshwater","H6","35","62","1",NA,"Within Range","Within Range",2,5897,98,367665,NA,NA,NA
"Varian GC","Wegner","20240624","2024","April","15","11:17","EDT","G","Freshwater","H6","50","63","1",NA,"Within Range","Within Range",1,12928,78,805958,NA,NA,NA
"Varian GC","Wegner","2024625","2024","May","22","12:53","EDT","G","Control","C3","10","1","1",NA,"Within Range","Within Range",2,15516,136,967321,NA,NA,NA
"Varian GC","Wegner","2024625","2024","May","22","12:54","EDT","G","Control","C3","20","2","1",NA,"Within Range","Within Range",2,22270,108,1388412,NA,NA,NA
"Varian GC","Wegner","2024625","2024","May","22","12:55","EDT","G","Control","C3","35","3","1",NA,"Within Range","Within Range",1,28979,79,1806693,NA,NA,NA
"Varian GC","Wegner","2024625","2024","May","22","12:55","EDT","G","Control","C3","50","4","1",NA,"Within Range","Within Range",1,33498,84,2088383,NA,NA,NA
"Varian GC","Wegner","2024625","2024","May","22","12:57","EDT","G","Control","C6","10","5","1",NA,"Within Range","Within Range",3,8603,157,536347,NA,NA,NA
"Varian GC","Wegner","2024625","2024","May","22","12:58","EDT","G","Control","C6","20","6","1",NA,"Within Range","Within Range",2,34848,107,2172561,NA,NA,NA
"Varian GC","Wegner","2024625","2024","May","22","12:59","EDT","G","Control","C6","35","7","1",NA,"Within Range","Within Range",2,23146,96,1443016,NA,NA,NA
"Varian GC","Wegner","2024625","2024","May","22","12:59","EDT","G","Control","C6","50","8","1",NA,"Within Range","Within Range",1,24668,86,1537911,NA,NA,NA
"Varian GC","Wegner","2024625","2024","May","22","12:48","EDT","G","Control","F4","10","9","1",NA,"Within Range","Within Range",2,7088,147,441874,NA,NA,NA
"Varian GC","Wegner","2024625","2024","May","22","12:49","EDT","G","Control","F4","20","10","1",NA,"Within Range","Within Range",1,25962,92,1618578,NA,NA,NA
"Varian GC","Wegner","2024625","2024","May","22","12:49","EDT","G","Control","F4","35","11","1",NA,"Within Range","Within Range",1,19352,93,1206494,NA,NA,NA
"Varian GC","Wegner","2024625","2024","May","22","12:50","EDT","G","Control","F4","50","12","1",NA,"Within Range","Within Range",2,19733,112,1230265,NA,NA,NA
"Varian GC","Wegner","2024625","2024","May","22","12:51","EDT","G","Control","F4","ATM","13","1",NA,"Within Range","Within Range",3,642,183,40007,NA,NA,NA
"Varian GC","Wegner","2024625","2024","May","22","12:40","EDT","G","Control","H3","10","14","1",NA,"Within Range","Within Range",2,18565,105,1157440,NA,NA,NA
"Varian GC","Wegner","2024625","2024","May","22","12:41","EDT","G","Control","H3","20","15","1",NA,"Within Range","Within Range",1,28711,90,1789987,NA,NA,NA
"Varian GC","Wegner","2024625","2024","May","22","12:42","EDT","G","Control","H3","35","16","1",NA,"Within Range","Needs Dilution",1,50541,69,3150949,NA,NA,NA
"Varian GC","Wegner","2024625","2024","May","22","12:43","EDT","G","Control","H3","50","17","1",NA,"Within Range","Within Range",2,41802,96,2606088,NA,NA,NA
"Varian GC","Wegner","2024625","2024","May","22","12:45","EDT","G","Control","H6","10","18","1",NA,"Within Range","Within Range",2,5990,125,373419,NA,NA,NA
"Varian GC","Wegner","2024625","2024","May","22","12:45","EDT","G","Control","H6","20","19","1",NA,"Within Range","Within Range",1,18130,67,1130312,NA,NA,NA
"Varian GC","Wegner","2024625","2024","May","22","12:46","EDT","G","Control","H6","35","20","1",NA,"Within Range","Within Range",1,26605,75,1658695,NA,NA,NA
"Varian GC","Wegner","2024625","2024","May","22","12:47","EDT","G","Control","H6","50","21","1",NA,"Within Range","Within Range",1,21003,79,1309437,NA,NA,NA
"Varian GC","Wegner","2024625","2024","May","22","13:39","EDT","G","Saltwater","C3","10","22","1",NA,"Within Range","Within Range",2,8443,127,526386,NA,NA,NA
"Varian GC","Wegner","2024625","2024","May","22","13:40","EDT","G","Saltwater","C3","20","23","1",NA,"Within Range","Within Range",2,35178,100,2193130,NA,NA,NA
"Varian GC","Wegner","2024625","2024","May","22","13:41","EDT","G","Saltwater","C3","35","24","1",NA,"Within Range","Within Range",1,35103,72,2188450,NA,NA,NA
"Varian GC","Wegner","2024625","2024","May","22","13:42","EDT","G","Saltwater","C3","50","25","1",NA,"Within Range","Needs Dilution",1,61840,42,3855353,NA,NA,NA
"Varian GC","Wegner","2024625","2024","May","22","13:58","EDT","G","Saltwater","C6","10","26","1",NA,"Within Range","Within Range",11,25410,687,1584153,NA,NA,NA
"Varian GC","Wegner","2024625","2024","May","22","13:59","EDT","G","Saltwater","C6","20","27","1",NA,"Within Range","Needs Dilution",7,59142,448,3687140,NA,NA,NA
"Varian GC","Wegner","2024625","2024","May","22","14:00","EDT","G","Saltwater","C6","35","28","1",NA,"Within Range","Within Range",4,42650,273,2658979,NA,NA,NA
"Varian GC","Wegner","2024625","2024","May","22","14:01","EDT","W","Saltwater","C6","50","29","1",NA,"Within Range","Within Range",6,25016,0,1022,NA,NA,NA
"Varian GC","Wegner","2024625","2024","May","22","13:44","EDT","G","Saltwater","F4","10","30","1",NA,"Within Range","Within Range",2,30049,130,1873370,NA,NA,NA
"Varian GC","Wegner","2024625","2024","May","22","13:44","EDT","G","Saltwater","F4","20","31","1",NA,"Within Range","Needs Dilution",1,54383,67,3390492,NA,NA,NA
"Varian GC","Wegner","2024625","2024","May","22","13:45","EDT","G","Saltwater","F4","35","32","1",NA,"Within Range","Within Range",3,18742,160,1168469,NA,NA,NA
"Varian GC","Wegner","2024625","2024","May","22","13:45","EDT","G","Saltwater","F4","50","33","1",NA,"Within Range","Within Range",2,42317,105,2638203,NA,NA,NA
"Varian GC","Wegner","2024625","2024","May","22","13:46","EDT","G","Saltwater","F4","ATM","34","1",NA,"Within Range","Within Range",2,625,138,38991,NA,NA,NA
"Varian GC","Wegner","2024625","2024","May","22","13:47","EDT","G","Saltwater","H3","10","35","1",NA,"Within Range","Within Range",2,5901,140,367873,NA,NA,NA
"Varian GC","Wegner","2024625","2024","May","22","13:48","EDT","G","Saltwater","H3","20","36","1",NA,"Within Range","Within Range",1,30335,62,1891223,NA,NA,NA
"Varian GC","Wegner","2024625","2024","May","22","13:48","EDT","G","Saltwater","H3","35","37","1",NA,"Within Range","Within Range",1,36461,42,2273135,NA,NA,NA
"Varian GC","Wegner","2024625","2024","May","22","13:49","EDT","G","Saltwater","H3","50","38","1",NA,"Within Range","Within Range",1,35724,76,2227202,NA,NA,NA
"Varian GC","Wegner","2024625","2024","May","22","13:50","EDT","G","Saltwater","H6","10","39","1",NA,"Within Range","Within Range",1,49013,73,3055659,NA,NA,NA
"Varian GC","Wegner","2024625","2024","May","22","13:51","EDT","G","Saltwater","H6","20","40","1",NA,"Within Range","Needs Dilution",1,57664,65,3595006,NA,NA,NA
"Varian GC","Wegner","2024625","2024","May","22","13:51","EDT","G","Saltwater","H6","35","41","1",NA,"Within Range","Needs Dilution",1,69129,63,4309786,NA,NA,NA
"Varian GC","Wegner","2024625","2024","May","22","13:52","EDT","G","Saltwater","H6","50","42","1",NA,"Within Range","Within Range",1,38562,84,2404138,NA,NA,NA
"Varian GC","Wegner","2024625","2024","May","22","14:26","EDT","G","Freshwater","C3","10","43","1",NA,"Within Range","Within Range",2,14285,106,890593,NA,NA,NA
"Varian GC","Wegner","2024625","2024","May","22","14:27","EDT","G","Freshwater","C3","20","44","1",NA,"Within Range","Within Range",1,27843,82,1735841,NA,NA,NA
"Varian GC","Wegner","2024625","2024","May","22","14:28","EDT","G","Freshwater","C3","35","45","1",NA,"Within Range","Within Range",1,23603,89,1471531,NA,NA,NA
"Varian GC","Wegner","2024625","2024","May","22","14:29","EDT","G","Freshwater","C3","50","46","1",NA,"Within Range","Within Range",1,34398,83,2144544,NA,NA,NA
"Varian GC","Wegner","2024625","2024","May","22","14:22","EDT","G","Freshwater","C6","10","47","1",NA,"Within Range","Within Range",2,19670,148,1226309,NA,NA,NA
"Varian GC","Wegner","2024625","2024","May","22","14:23","EDT","G","Freshwater","C6","20","48","1",NA,"Within Range","Within Range",2,29479,95,1837832,NA,NA,NA
"Varian GC","Wegner","2024625","2024","May","22","14:24","EDT","G","Freshwater","C6","35","49","1",NA,"Within Range","Within Range",1,29916,84,1865060,NA,NA,NA
"Varian GC","Wegner","2024625","2024","May","22","14:25","EDT","G","Freshwater","C6","50","50","1",NA,"Within Range","Within Range",1,37127,83,2314650,NA,NA,NA
"Varian GC","Wegner","2024625","2024","May","22","14:30","EDT","G","Freshwater","F4","10","51","1",NA,"Within Range","Within Range",2,6413,121,399818,NA,NA,NA
"Varian GC","Wegner","2024625","2024","May","22","14:31","EDT","G","Freshwater","F4","20","52","1",NA,"Within Range","Within Range",1,25943,75,1617398,NA,NA,NA
"Varian GC","Wegner","2024625","2024","May","22","14:32","EDT","G","Freshwater","F4","35","53","1",NA,"Within Range","Within Range",1,17957,91,1119486,NA,NA,NA
"Varian GC","Wegner","2024625","2024","May","22","14:33","EDT","G","Freshwater","F4","50","54","1",NA,"Within Range","Within Range",1,21310,86,1328577,NA,NA,NA
"Varian GC","Wegner","2024625","2024","May","22","14:34","EDT","G","Freshwater","F4","ATM","55","1",NA,"Within Range","Within Range",3,704,158,43887,NA,NA,NA
"Varian GC","Wegner","2024625","2024","May","22","14:36","EDT","G","Freshwater","H3","10","56","1",NA,"Within Range","Within Range",2,10199,129,635872,NA,NA,NA
"Varian GC","Wegner","2024625","2024","May","22","14:36","EDT","G","Freshwater","H3","20","57","1",NA,"Within Range","Within Range",2,17649,95,1100332,NA,NA,NA
"Varian GC","Wegner","2024625","2024","May","22","14:37","EDT","G","Freshwater","H3","35","58","1",NA,"Within Range","Within Range",1,19729,84,1229993,NA,NA,NA
"Varian GC","Wegner","2024625","2024","May","22","14:38","EDT","G","Freshwater","H3","50","59","1",NA,"Within Range","Within Range",1,18140,87,1130898,NA,NA,NA
"Varian GC","Wegner","2024625","2024","May","22","14:43","EDT","G","Freshwater","H6","10","60","1",NA,"Within Range","Within Range",2,17246,120,1075197,NA,NA,NA
"Varian GC","Wegner","2024625","2024","May","22","14:44","EDT","G","Freshwater","H6","20","61","1",NA,"Within Range","Within Range",1,22181,73,1382876,NA,NA,NA
"Varian GC","Wegner","2024625","2024","May","22","14:45","EDT","G","Freshwater","H6","35","62","1",NA,"Within Range","Within Range",2,11180,105,696994,NA,NA,NA
"Varian GC","Wegner","2024625","2024","May","22","14:46","EDT","G","Freshwater","H6","50","63","1",NA,"Within Range","Within Range",1,30277,42,1887606,NA,NA,NA
"Varian GC","A. Stearns","20240722","2024","June","10","1411","EDT","G","Control","C3","10","1","1",NA,"Within Range","Within Range",1,5583,0,5,NA,"D1_PM",NA
"Varian GC","A. Stearns","20240722","2024","June","10","1412","EDT","G","Control","C3","20","2","1",NA,"Within Range","Within Range",0,10566,0,9,NA,"D1_PM",NA
"Varian GC","A. Stearns","20240722","2024","June","10","1413","EDT","G","Control","C3","35","3","1",NA,"Within Range","Within Range",0,14811,0,12,NA,"D1_PM",NA
"Varian GC","A. Stearns","20240722","2024","June","10","1414","EDT","G","Control","C3","50","4","1",NA,"Within Range","Within Range",0,27081,0,22,NA,"D1_PM",NA
"Varian GC","A. Stearns","20240722","2024","June","10","1416","EDT","G","Control","C6","10","5","1",NA,"Within Range","Within Range",1,6901,0,6,NA,"D1_PM",NA
"Varian GC","A. Stearns","20240722","2024","June","10","1417","EDT","G","Control","C6","20","6","1",NA,"Within Range","Within Range",1,18568,0,15,NA,"D1_PM",NA
"Varian GC","A. Stearns","20240722","2024","June","10","1418","EDT","G","Control","C6","35","7","1",NA,"Within Range","Within Range",0,18904,0,15,NA,"D1_PM",NA
"Varian GC","A. Stearns","20240722","2024","June","10","1419","EDT","G","Control","C6","50","8","1",NA,"Within Range","Within Range",0,19434,0,16,NA,"D1_PM",NA
"Varian GC","A. Stearns","20240722","2024","June","10","1423","EDT","G","Control","F4","10","9","1",NA,"Within Range","Within Range",1,4401,0,4,NA,"D1_PM",NA
"Varian GC","A. Stearns","20240722","2024","June","10","1424","EDT","G","Control","F4","20","10","1",NA,"Within Range","Within Range",0,14203,0,12,NA,"D1_PM",NA
"Varian GC","A. Stearns","20240722","2024","June","10","1425","EDT","G","Control","F4","35","11","1",NA,"Within Range","Within Range",0,13880,0,11,NA,"D1_PM",NA
"Varian GC","A. Stearns","20240722","2024","June","10","1426","EDT","G","Control","F4","50","12","1",NA,"Within Range","Within Range",0,20456,0,17,NA,"D1_PM",NA
"Varian GC","A. Stearns","20240722","2024","June","10","1427","EDT","G","Control","F4","ATM","13","1",NA,"Within Range","Within Range",2,653,0,1,NA,"D1_PM",NA
"Varian GC","A. Stearns","20240722","2024","June","10","1428","EDT","G","Control","H3","10","14","1",NA,"Within Range","Within Range",1,6858,0,6,NA,"D1_PM",NA
"Varian GC","A. Stearns","20240722","2024","June","10","1429","EDT","G","Control","H3","20","15","1",NA,"Within Range","Within Range",0,12568,0,10,NA,"D1_PM",NA
"Varian GC","A. Stearns","20240722","2024","June","10","1430","EDT","G","Control","H3","35","16","1",NA,"Within Range","Within Range",0,20554,0,17,NA,"D1_PM",NA
"Varian GC","A. Stearns","20240722","2024","June","10","1431","EDT","G","Control","H3","50","17","1",NA,"Within Range","Within Range",0,24303,0,20,NA,"D1_PM",NA
"Varian GC","A. Stearns","20240722","2024","June","10","1434","EDT","G","Control","H6","10","18","1",NA,"Within Range","Within Range",1,4026,0,3,NA,"D1_PM",NA
"Varian GC","A. Stearns","20240722","2024","June","10","1435","EDT","G","Control","H6","20","19","1",NA,"Within Range","Within Range",0,10981,0,9,NA,"D1_PM",NA
"Varian GC","A. Stearns","20240722","2024","June","10","1436","EDT","G","Control","H6","35","20","1",NA,"Within Range","Within Range",0,20207,0,17,NA,"D1_PM",NA
"Varian GC","A. Stearns","20240722","2024","June","10","1437","EDT","G","Control","H6","50","21","1",NA,"Within Range","Within Range",0,18655,0,15,NA,"D1_PM",NA
"Varian GC","A. Stearns","20240722","2024","June","10","1337","EDT","G","Saltwater","C3","10","22","1",NA,"Within Range","Within Range",1,3425,0,3,NA,"D1_PM",NA
"Varian GC","A. Stearns","20240722","2024","June","10","1338","EDT","G","Saltwater","C3","20","23","1",NA,"Within Range","Within Range",0,11512,0,9,NA,"D1_PM",NA
"Varian GC","A. Stearns","20240722","2024","June","10","1339","EDT","G","Saltwater","C3","35","24","1",NA,"Within Range","Within Range",0,17143,0,14,NA,"D1_PM",NA
"Varian GC","A. Stearns","20240722","2024","June","10","1340","EDT","G","Saltwater","C3","50","25","1",NA,"Within Range","Within Range",0,30091,0,25,NA,"D1_PM",NA
"Varian GC","A. Stearns","20240722","2024","June","10","1344","EDT","G","Saltwater","C6","10","26","1",NA,"Within Range","Within Range",1,15213,0,12,NA,"D1_PM",NA
"Varian GC","A. Stearns","20240722","2024","June","10","1346","EDT","G","Saltwater","C6","20","27","1",NA,"Within Range","Within Range",0,36589,0,30,NA,"D1_PM",NA
"Varian GC","A. Stearns","20240722","2024","June","10","1347","EDT","G","Saltwater","C6","35","28","1",NA,"Within Range","Within Range",0,28762,0,24,NA,"D1_PM",NA
"Varian GC","A. Stearns","20240722","2024","June","10","1348","EDT","G","Saltwater","C6","50","29","1",NA,"Within Range","Within Range",0,33476,0,27,NA,"D1_PM",NA
"Varian GC","A. Stearns","20240722","2024","June","10","1350","EDT","G","Saltwater","F4","10","30","1",NA,"Within Range","Within Range",1,13026,0,11,NA,"D1_PM",NA
"Varian GC","A. Stearns","20240722","2024","June","10","1351","EDT","G","Saltwater","F4","20","31","1",NA,"Within Range","Within Range",0,38018,0,31,NA,"D1_PM",NA
"Varian GC","A. Stearns","20240722","2024","June","10","1352","EDT","G","Saltwater","F4","35","32","1",NA,"Within Range","Within Range",0,42049,0,34,NA,"D1_PM",NA
"Varian GC","A. Stearns","20240722","2024","June","10","1353","EDT","G","Saltwater","F4","50","33","1",NA,"Within Range","Needs Dilution",0,67180,0,55,NA,"D1_PM",NA
"Varian GC","A. Stearns","20240722","2024","June","10","1354","EDT","G","Saltwater","F4","ATM","34","1",NA,"Within Range","Within Range",2,485,0,0,NA,"D1_PM",NA
"Varian GC","A. Stearns","20240722","2024","June","10","1358","EDT","G","Saltwater","H3","10","35","1",NA,"Within Range","Within Range",1,4441,0,4,NA,"D1_PM",NA
"Varian GC","A. Stearns","20240722","2024","June","10","1359","EDT","G","Saltwater","H3","20","36","1",NA,"Within Range","Within Range",0,16810,0,14,NA,"D1_PM",NA
"Varian GC","A. Stearns","20240722","2024","June","10","1400","EDT","G","Saltwater","H3","35","37","1",NA,"Within Range","Within Range",0,26363,0,22,NA,"D1_PM",NA
"Varian GC","A. Stearns","20240722","2024","June","10","1401","EDT","G","Saltwater","H3","50","38","1",NA,"Within Range","Within Range",0,29835,0,24,NA,"D1_PM",NA
"Varian GC","A. Stearns","20240722","2024","June","10","1402","EDT","G","Saltwater","H6","10","39","1",NA,"Within Range","Within Range",0,35030,0,29,NA,"D1_PM",NA
"Varian GC","A. Stearns","20240722","2024","June","10","1403","EDT","G","Saltwater","H6","20","40","1",NA,"Within Range","Within Range",0,46737,0,38,NA,"D1_PM",NA
"Varian GC","A. Stearns","20240722","2024","June","10","1404","EDT","G","Saltwater","H6","35","41","1",NA,"Within Range","Within Range",0,47558,0,39,NA,"D1_PM",NA
"Varian GC","A. Stearns","20240722","2024","June","10","1405","EDT","G","Saltwater","H6","50","42","1",NA,"Within Range","Within Range",0,47871,0,39,NA,"D1_PM",NA
"Varian GC","A. Stearns","20240722","2024","June","10","1300","EDT","G","Freshwater","C3","10","43","1",NA,"Within Range","Within Range",1,6969,0,6,NA,"D1_PM",NA
"Varian GC","A. Stearns","20240722","2024","June","10","1302","EDT","G","Freshwater","C3","20","44","1",NA,"Within Range","Within Range",0,16233,0,13,NA,"D1_PM",NA
"Varian GC","A. Stearns","20240722","2024","June","10","1305","EDT","G","Freshwater","C3","35","45","1",NA,"Within Range","Within Range",0,19120,0,16,NA,"D1_PM",NA
"Varian GC","A. Stearns","20240722","2024","June","10","1306","EDT","G","Freshwater","C3","50","46","1",NA,"Within Range","Within Range",0,33232,0,27,NA,"D1_PM",NA
"Varian GC","A. Stearns","20240722","2024","June","10","1309","EDT","G","Freshwater","C6","10","47","1",NA,"Within Range","Within Range",1,16541,0,14,NA,"D1_PM",NA
"Varian GC","A. Stearns","20240722","2024","June","10","1310","EDT","G","Freshwater","C6","20","48","1",NA,"Within Range","Within Range",0,22105,0,18,NA,"D1_PM",NA
"Varian GC","A. Stearns","20240722","2024","June","10","1311","EDT","G","Freshwater","C6","35","49","1",NA,"Within Range","Within Range",0,32643,0,27,NA,"D1_PM",NA
"Varian GC","A. Stearns","20240722","2024","June","10","1312","EDT","G","Freshwater","C6","50","50","1",NA,"Within Range","Within Range",0,41391,0,34,NA,"D1_PM",NA
"Varian GC","A. Stearns","20240722","2024","June","10","1313","EDT","G","Freshwater","F4","10","51","1",NA,"Within Range","Within Range",1,6355,0,5,NA,"D1_PM",NA
"Varian GC","A. Stearns","20240722","2024","June","10","1316","EDT","G","Freshwater","F4","20","52","1",NA,"Within Range","Within Range",0,18387,0,15,NA,"D1_PM",NA
"Varian GC","A. Stearns","20240722","2024","June","10","1317","EDT","G","Freshwater","F4","35","53","1",NA,"Within Range","Within Range",0,19396,0,16,NA,"D1_PM",NA
"Varian GC","A. Stearns","20240722","2024","June","10","1318","EDT","G","Freshwater","F4","50","54","1",NA,"Within Range","Within Range",0,30891,0,25,NA,"D1_PM",NA
"Varian GC","A. Stearns","20240722","2024","June","10","1319","EDT","G","Freshwater","F4","ATM","55","1",NA,"Within Range","Within Range",2,399,0,0,NA,"D1_PM",NA
"Varian GC","A. Stearns","20240722","2024","June","10","1324","EDT","G","Freshwater","H3","10","56","1",NA,"Within Range","Within Range",1,5807,0,5,NA,"D1_PM",NA
"Varian GC","A. Stearns","20240722","2024","June","10","1325","EDT","G","Freshwater","H3","20","57","1",NA,"Within Range","Within Range",0,13646,0,11,NA,"D1_PM",NA
"Varian GC","A. Stearns","20240722","2024","June","10","1326","EDT","G","Freshwater","H3","35","58","1",NA,"Within Range","Within Range",0,18162,0,15,NA,"D1_PM",NA
"Varian GC","A. Stearns","20240722","2024","June","10","1327","EDT","G","Freshwater","H3","50","59","1",NA,"Within Range","Within Range",0,23178,0,19,NA,"D1_PM",NA
"Varian GC","A. Stearns","20240722","2024","June","10","1329","EDT","G","Freshwater","H6","10","60","1",NA,"Within Range","Within Range",1,6827,0,6,NA,"D1_PM",NA
"Varian GC","A. Stearns","20240722","2024","June","10","1330","EDT","G","Freshwater","H6","20","61","1",NA,"Within Range","Within Range",0,11763,0,10,NA,"D1_PM",NA
"Varian GC","A. Stearns","20240722","2024","June","10","1331","EDT","G","Freshwater","H6","35","62","1",NA,"Within Range","Within Range",0,17413,0,14,NA,"D1_PM",NA
"Varian GC","A. Stearns","20240722","2024","June","10","1332","EDT","G","Freshwater","H6","50","63","1",NA,"Within Range","Within Range",0,28619,0,23,NA,"D1_PM",NA
"Varian GC","A. Stearns","20240801","2024","June","11","925","EDT","G","Control","C3","10","64","1",NA,"Within Range","Within Range",1,5016,0,4,NA,"D2_AM",NA
"Varian GC","A. Stearns","20240801","2024","June","11","926","EDT","G","Control","C3","20","65","1",NA,"Within Range","Within Range",0,8963,0,7,NA,"D2_AM",NA
"Varian GC","A. Stearns","20240801","2024","June","11","926","EDT","G","Control","C3","35","66","1",NA,"Within Range","Within Range",0,14577,0,12,NA,"D2_AM",NA
"Varian GC","A. Stearns","20240801","2024","June","11","927","EDT","G","Control","C3","50","67","1",NA,"Within Range","Within Range",0,24726,0,20,NA,"D2_AM",NA
"Varian GC","A. Stearns","20240801","2024","June","11","929","EDT","G","Control","C6","10","68","1",NA,"Within Range","Within Range",1,5887,0,5,NA,"D2_AM",NA
"Varian GC","A. Stearns","20240801","2024","June","11","929","EDT","G","Control","C6","20","69","1",NA,"Within Range","Within Range",1,16608,0,14,NA,"D2_AM",NA
"Varian GC","A. Stearns","20240801","2024","June","11","930","EDT","G","Control","C6","35","70","1",NA,"Within Range","Within Range",0,17291,0,14,NA,"D2_AM",NA
"Varian GC","A. Stearns","20240801","2024","June","11","931","EDT","G","Control","C6","50","71","1",NA,"Within Range","Within Range",0,19729,0,16,NA,"D2_AM",NA
"Varian GC","A. Stearns","20240801","2024","June","11","932","EDT","G","Control","F4","10","72","1",NA,"Within Range","Within Range",1,4506,0,4,NA,"D2_AM",NA
"Varian GC","A. Stearns","20240801","2024","June","11","933","EDT","G","Control","F4","20","73","1",NA,"Within Range","Within Range",0,12825,0,10,NA,"D2_AM",NA
"Varian GC","A. Stearns","20240801","2024","June","11","934","EDT","G","Control","F4","35","74","1",NA,"Within Range","Within Range",0,12594,0,10,NA,"D2_AM",NA
"Varian GC","A. Stearns","20240801","2024","June","11","935","EDT","G","Control","F4","50","75","1",NA,"Within Range","Within Range",0,19221,0,16,NA,"D2_AM",NA
"Varian GC","A. Stearns","20240801","2024","June","11","935","EDT","G","Control","F4","ATM","76","1",NA,"Within Range","Within Range",2,872,0,1,NA,"D2_AM",NA
"Varian GC","A. Stearns","20240801","2024","June","11","936","EDT","G","Control","H3","10","77","1",NA,"Within Range","Within Range",1,6705,0,5,NA,"D2_AM",NA
"Varian GC","A. Stearns","20240801","2024","June","11","937","EDT","G","Control","H3","20","78","1",NA,"Within Range","Within Range",0,11789,0,10,NA,"D2_AM",NA
"Varian GC","A. Stearns","20240801","2024","June","11","938","EDT","G","Control","H3","35","79","1",NA,"Within Range","Within Range",0,18667,0,15,NA,"D2_AM",NA
"Varian GC","A. Stearns","20240801","2024","June","11","939","EDT","G","Control","H3","50","80","1",NA,"Within Range","Within Range",0,22095,0,18,NA,"D2_AM",NA
"Varian GC","A. Stearns","20240801","2024","June","11","940","EDT","G","Control","H6","10","81","1",NA,"Within Range","Within Range",1,3135,0,3,NA,"D2_AM",NA
"Varian GC","A. Stearns","20240801","2024","June","11","941","EDT","G","Control","H6","20","82","1",NA,"Within Range","Within Range",0,10765,0,9,NA,"D2_AM",NA
"Varian GC","A. Stearns","20240801","2024","June","11","941","EDT","G","Control","H6","35","83","1",NA,"Within Range","Within Range",0,19934,0,16,NA,"D2_AM",NA
"Varian GC","A. Stearns","20240801","2024","June","11","942","EDT","G","Control","H6","50","84","1",NA,"Within Range","Within Range",0,18511,0,15,NA,"D2_AM",NA
"Varian GC","A. Stearns","20240801","2024","June","11","843","EDT","G","Saltwater","C3","10","85","1",NA,"Within Range","Within Range",1,5297,0,4,NA,"D2_AM",NA
"Varian GC","A. Stearns","20240801","2024","June","11","844","EDT","G","Saltwater","C3","20","86","1",NA,"Within Range","Within Range",1,13414,0,11,NA,"D2_AM",NA
"Varian GC","A. Stearns","20240801","2024","June","11","845","EDT","G","Saltwater","C3","35","87","1",NA,"Within Range","Within Range",4,18405,0,15,NA,"D2_AM",NA
"Varian GC","A. Stearns","20240801","2024","June","11","846","EDT","G","Saltwater","C3","50","88","1",NA,"Within Range","Within Range",1,22725,0,19,NA,"D2_AM",NA
"Varian GC","A. Stearns","20240801","2024","June","11","848","EDT","G","Saltwater","C6","10","89","1",NA,"Within Range","Within Range",2,12553,0,10,NA,"D2_AM",NA
"Varian GC","A. Stearns","20240801","2024","June","11","853","EDT","W","Saltwater","C6","20","90","1",NA,"Within Range","Within Range",5,12302,0,503,NA,"D2_AM",NA
"Varian GC","A. Stearns","20240801","2024","June","11","854","EDT","W","Saltwater","C6","35","91","1",NA,"Within Range","Within Range",4,14439,0,590,NA,"D2_AM",NA
"Varian GC","A. Stearns","20240801","2024","June","11","855","EDT","W","Saltwater","C6","50","92","1",NA,"Within Range","Within Range",2,16590,0,678,NA,"D2_AM",NA
"Varian GC","A. Stearns","20240801","2024","June","11","857","EDT","W","Saltwater","F4","10","93","1",NA,"Within Range","Within Range",6,5576,0,228,NA,"D2_AM",NA
"Varian GC","A. Stearns","20240801","2024","June","11","858","EDT","G","Saltwater","F4","20","94","1",NA,"Within Range","Within Range",3,29851,0,24,NA,"D2_AM",NA
"Varian GC","A. Stearns","20240801","2024","June","11","900","EDT","G","Saltwater","F4","35","95","1",NA,"Within Range","Needs Dilution",0,67277,0,55,NA,"D2_AM",NA
"Varian GC","A. Stearns","20240801","2024","June","11","902","EDT","G","Saltwater","F4","50","96","1",NA,"Within Range","Needs Dilution",0,65887,0,54,NA,"D2_AM",NA
"Varian GC","A. Stearns","20240801","2024","June","11","903","EDT","G","Saltwater","F4","ATM","97","1",NA,"Within Range","Within Range",2,937,0,1,NA,"D2_AM",NA
"Varian GC","A. Stearns","20240801","2024","June","11","905","EDT","G","Saltwater","H3","10","98","1",NA,"Within Range","Within Range",1,6548,0,5,NA,"D2_AM",NA
"Varian GC","A. Stearns","20240801","2024","June","11","906","EDT","G","Saltwater","H3","20","99","1",NA,"Within Range","Within Range",2,21368,0,17,NA,"D2_AM",NA
"Varian GC","A. Stearns","20240801","2024","June","11","907","EDT","G","Saltwater","H3","35","100","1",NA,"Within Range","Within Range",1,30060,0,25,NA,"D2_AM",NA
"Varian GC","A. Stearns","20240801","2024","June","11","908","EDT","W","Saltwater","H3","50","101","1",NA,"Within Range","Within Range",2,15347,0,627,NA,"D2_AM",NA
"Varian GC","A. Stearns","20240801","2024","June","11","913","EDT","G","Saltwater","H6","10","102","1",NA,"Within Range","Within Range",0,46174,0,38,NA,"D2_AM",NA
"Varian GC","A. Stearns","20240801","2024","June","11","914","EDT","G","Saltwater","H6","20","103","1",NA,"Within Range","Needs Dilution",0,62139,0,51,NA,"D2_AM",NA
"Varian GC","A. Stearns","20240801","2024","June","11","917","EDT","W","Saltwater","H6","35","104","1",NA,"Within Range","Within Range",3,18252,0,746,NA,"D2_AM",NA
"Varian GC","A. Stearns","20240801","2024","June","11","918","EDT","W","Saltwater","H6","50","105","1",NA,"Within Range","Within Range",2,22169,0,906,NA,"D2_AM",NA
"Varian GC","A. Stearns","20240801","2024","June","11","805","EDT","G","Freshwater","C3","10","106","1",NA,"Within Range","Within Range",0,8968,0,7,NA,"D2_AM",NA
"Varian GC","A. Stearns","20240801","2024","June","11","806","EDT","G","Freshwater","C3","20","107","1",NA,"Within Range","Within Range",1,12110,0,10,NA,"D2_AM",NA
"Varian GC","A. Stearns","20240801","2024","June","11","807","EDT","G","Freshwater","C3","35","108","1",NA,"Within Range","Within Range",0,27502,0,22,NA,"D2_AM",NA
"Varian GC","A. Stearns","20240801","2024","June","11","808","EDT","G","Freshwater","C3","50","109","1",NA,"Within Range","Within Range",0,31948,0,26,NA,"D2_AM",NA
"Varian GC","A. Stearns","20240801","2024","June","11","820","EDT","G","Freshwater","C6","10","110","1",NA,"Within Range","Within Range",1,13688,0,11,NA,"D2_AM",NA
"Varian GC","A. Stearns","20240801","2024","June","11","821","EDT","G","Freshwater","C6","20","111","1",NA,"Within Range","Within Range",0,16800,0,14,NA,"D2_AM",NA
"Varian GC","A. Stearns","20240801","2024","June","11","822","EDT","G","Freshwater","C6","35","112","1",NA,"Within Range","Within Range",0,37494,0,31,NA,"D2_AM",NA
"Varian GC","A. Stearns","20240801","2024","June","11","823","EDT","G","Freshwater","C6","50","113","1",NA,"Within Range","Within Range",0,37512,0,31,NA,"D2_AM",NA
"Varian GC","A. Stearns","20240801","2024","June","11","824","EDT","G","Freshwater","F4","10","114","1",NA,"Within Range","Within Range",2,4152,0,3,NA,"D2_AM",NA
"Varian GC","A. Stearns","20240801","2024","June","11","825","EDT","G","Freshwater","F4","20","115","1",NA,"Within Range","Within Range",0,18063,0,15,NA,"D2_AM",NA
"Varian GC","A. Stearns","20240801","2024","June","11","826","EDT","W","Freshwater","F4","35","116","1",NA,"Within Range","Within Range",2,7795,0,319,NA,"D2_AM",NA
"Varian GC","A. Stearns","20240801","2024","June","11","829","EDT","W","Freshwater","F4","50","117","1",NA,"Within Range","Within Range",1,10996,0,449,NA,"D2_AM",NA
"Varian GC","A. Stearns","20240801","2024","June","11","833","EDT","G","Freshwater","F4","ATM","118","1",NA,"Within Range","Within Range",2,809,0,1,NA,"D2_AM",NA
"Varian GC","A. Stearns","20240801","2024","June","11","810","EDT","G","Freshwater","H3","10","119","1",NA,"Within Range","Within Range",1,5456,0,4,NA,"D2_AM",NA
"Varian GC","A. Stearns","20240801","2024","June","11","811","EDT","G","Freshwater","H3","20","120","1",NA,"Within Range","Within Range",1,11494,0,9,NA,"D2_AM",NA
"Varian GC","A. Stearns","20240801","2024","June","11","812","EDT","G","Freshwater","H3","35","121","1",NA,"Within Range","Within Range",0,11364,0,9,NA,"D2_AM",NA
"Varian GC","A. Stearns","20240801","2024","June","11","813","EDT","W","Freshwater","H3","50","122","1",NA,"Within Range","Within Range",2,11799,0,482,NA,"D2_AM",NA
"Varian GC","A. Stearns","20240801","2024","June","11","834","EDT","G","Freshwater","H6","10","123","1",NA,"Within Range","Within Range",1,32139,0,26,NA,"D2_AM",NA
"Varian GC","A. Stearns","20240801","2024","June","11","835","EDT","G","Freshwater","H6","20","124","1",NA,"Within Range","Within Range",1,12283,0,10,NA,"D2_AM",NA
"Varian GC","A. Stearns","20240801","2024","June","11","838","EDT","W","Freshwater","H6","35","125","1",NA,"Within Range","Within Range",1,6552,0,268,NA,"D2_AM",NA
"Varian GC","A. Stearns","20240801","2024","June","11","840","EDT","W","Freshwater","H6","50","126","1",NA,"Within Range","Within Range",2,10230,0,418,NA,"D2_AM",NA
"Varian GC","A. Stearns","20240805","2024","June","11","1447","EDT","G","Control","C3","10","127","1",NA,"Within Range","Within Range",1,4347,0,4,NA,"D2_PM",NA
"Varian GC","A. Stearns","20240805","2024","June","11","1448","EDT","G","Control","C3","20","128","1",NA,"Within Range","Within Range",1,9113,0,7,NA,"D2_PM",NA
"Varian GC","A. Stearns","20240805","2024","June","11","1449","EDT","G","Control","C3","35","129","1",NA,"Within Range","Within Range",0,14064,0,11,NA,"D2_PM",NA
"Varian GC","A. Stearns","20240805","2024","June","11","1450","EDT","G","Control","C3","50","130","1",NA,"Within Range","Within Range",0,23739,0,19,NA,"D2_PM",NA
"Varian GC","A. Stearns","20240805","2024","June","11","1451","EDT","G","Control","C6","10","131","1",NA,"Within Range","Within Range",1,5939,0,5,NA,"D2_PM",NA
"Varian GC","A. Stearns","20240805","2024","June","11","1452","EDT","G","Control","C6","20","132","1",NA,"Within Range","Within Range",1,16083,0,13,NA,"D2_PM",NA
"Varian GC","A. Stearns","20240805","2024","June","11","1453","EDT","G","Control","C6","35","133","1",NA,"Within Range","Within Range",0,17989,0,15,NA,"D2_PM",NA
"Varian GC","A. Stearns","20240805","2024","June","11","1454","EDT","G","Control","C6","50","134","1",NA,"Within Range","Within Range",0,17365,0,14,NA,"D2_PM",NA
"Varian GC","A. Stearns","20240805","2024","June","11","1455","EDT","G","Control","F4","10","135","1",NA,"Within Range","Within Range",1,3962,0,3,NA,"D2_PM",NA
"Varian GC","A. Stearns","20240805","2024","June","11","1456","EDT","G","Control","F4","20","136","1",NA,"Within Range","Within Range",1,10920,0,9,NA,"D2_PM",NA
"Varian GC","A. Stearns","20240805","2024","June","11","1457","EDT","G","Control","F4","35","137","1",NA,"Within Range","Within Range",0,13449,0,11,NA,"D2_PM",NA
"Varian GC","A. Stearns","20240805","2024","June","11","1458","EDT","G","Control","F4","50","138","1",NA,"Within Range","Within Range",0,19974,0,16,NA,"D2_PM",NA
"Varian GC","A. Stearns","20240805","2024","June","11","1459","EDT","G","Control","F4","ATM","139","1",NA,"Within Range","Within Range",2,727,0,1,NA,"D2_PM",NA
"Varian GC","A. Stearns","20240805","2024","June","11","1500","EDT","G","Control","H3","10","140","1",NA,"Within Range","Within Range",1,6523,0,5,NA,"D2_PM",NA
"Varian GC","A. Stearns","20240805","2024","June","11","1501","EDT","G","Control","H3","20","141","1",NA,"Within Range","Within Range",1,10233,0,8,NA,"D2_PM",NA
"Varian GC","A. Stearns","20240805","2024","June","11","1502","EDT","G","Control","H3","35","142","1",NA,"Within Range","Within Range",0,19646,0,16,NA,"D2_PM",NA
"Varian GC","A. Stearns","20240805","2024","June","11","1503","EDT","G","Control","H3","50","143","1",NA,"Within Range","Within Range",0,23880,0,20,NA,"D2_PM",NA
"Varian GC","A. Stearns","20240805","2024","June","11","1504","EDT","G","Control","H6","10","144","1",NA,"Within Range","Within Range",1,3458,0,3,NA,"D2_PM",NA
"Varian GC","A. Stearns","20240805","2024","June","11","1505","EDT","G","Control","H6","20","145","1",NA,"Within Range","Within Range",0,11692,0,10,NA,"D2_PM",NA
"Varian GC","A. Stearns","20240805","2024","June","11","1506","EDT","G","Control","H6","35","146","1",NA,"Within Range","Within Range",0,20904,0,17,NA,"D2_PM",NA
"Varian GC","A. Stearns","20240805","2024","June","11","1507","EDT","G","Control","H6","50","147","1",NA,"Within Range","Within Range",0,18346,0,15,NA,"D2_PM",NA
"Varian GC","A. Stearns","20240805","2024","June","11","1350","EDT","W","Saltwater","C3","10","148","1",NA,"Within Range","Within Range",9,9754,0,399,NA,"D2_PM",NA
"Varian GC","A. Stearns","20240805","2024","June","11","1352","EDT","W","Saltwater","C3","20","149","1",NA,"Within Range","Within Range",2,7733,0,316,NA,"D2_PM",NA
"Varian GC","A. Stearns","20240805","2024","June","11","1354","EDT","W","Saltwater","C3","35","150","1",NA,"Within Range","Within Range",4,12747,0,521,NA,"D2_PM",NA
"Varian GC","A. Stearns","20240805","2024","June","11","1356","EDT","W","Saltwater","C3","50","151","1",NA,"Within Range","Within Range",4,15296,0,625,NA,"D2_PM",NA
"Varian GC","A. Stearns","20240805","2024","June","11","1414","EDT","W","Saltwater","C6","10","152","1",NA,"Within Range","Within Range",5,9851,0,403,NA,"D2_PM",NA
"Varian GC","A. Stearns","20240805","2024","June","11","1416","EDT","W","Saltwater","C6","20","153","1",NA,"Within Range","Within Range",6,14623,0,598,NA,"D2_PM",NA
"Varian GC","A. Stearns","20240805","2024","June","11","1418","EDT","W","Saltwater","C6","35","154","1",NA,"Within Range","Within Range",8,12257,0,501,NA,"D2_PM",NA
"Varian GC","A. Stearns","20240805","2024","June","11","1420","EDT","W","Saltwater","C6","50","155","1",NA,"Within Range","Within Range",5,17737,0,725,NA,"D2_PM",NA
"Varian GC","A. Stearns","20240805","2024","June","11","1400","EDT","W","Saltwater","F4","10","156","1",NA,"Within Range","Within Range",6,6618,0,270,NA,"D2_PM",NA
"Varian GC","A. Stearns","20240805","2024","June","11","1402","EDT","W","Saltwater","F4","20","157","1",NA,"Within Range","Within Range",4,12740,0,521,NA,"D2_PM",NA
"Varian GC","A. Stearns","20240805","2024","June","11","1404","EDT","W","Saltwater","F4","35","158","1",NA,"Within Range","Within Range",3,24799,0,1014,NA,"D2_PM",NA
"Varian GC","A. Stearns","20240805","2024","June","11","1406","EDT","W","Saltwater","F4","50","159","1",NA,"Within Range","Within Range",3,24219,0,990,NA,"D2_PM",NA
"Varian GC","A. Stearns","20240805","2024","June","11","1406","EDT","W","Saltwater","F4","ATM","160","1",NA,"Within Range","Within Range",2,897,0,37,NA,"D2_PM",NA
"Varian GC","A. Stearns","20240805","2024","June","11","1422","EDT","G","Saltwater","H3","10","161","1",NA,"Within Range","Within Range",3,4826,0,4,NA,"D2_PM",NA
"Varian GC","A. Stearns","20240805","2024","June","11","1424","EDT","W","Saltwater","H3","20","162","1",NA,"Within Range","Within Range",5,13668,0,559,NA,"D2_PM",NA
"Varian GC","A. Stearns","20240805","2024","June","11","1426","EDT","W","Saltwater","H3","35","163","1",NA,"Within Range","Within Range",10,11853,0,484,NA,"D2_PM",NA
"Varian GC","A. Stearns","20240805","2024","June","11","1428","EDT","W","Saltwater","H3","50","164","1",NA,"Within Range","Within Range",4,14631,0,598,NA,"D2_PM",NA
"Varian GC","A. Stearns","20240805","2024","June","11","1430","EDT","W","Saltwater","H6","10","165","1",NA,"Within Range","Within Range",4,21785,0,890,NA,"D2_PM",NA
"Varian GC","A. Stearns","20240805","2024","June","11","1432","EDT","W","Saltwater","H6","20","166","1",NA,"Within Range","Within Range",4,19946,0,815,NA,"D2_PM",NA
"Varian GC","A. Stearns","20240805","2024","June","11","1434","EDT","W","Saltwater","H6","35","167","1",NA,"Within Range","Within Range",3,19167,0,783,NA,"D2_PM",NA
"Varian GC","A. Stearns","20240805","2024","June","11","1436","EDT","W","Saltwater","H6","50","168","1",NA,"Within Range","Within Range",3,20070,0,820,NA,"D2_PM",NA
"Varian GC","A. Stearns","20240805","2024","June","11","1304","EDT","W","Freshwater","C3","10","169","1",NA,"Within Range","Within Range",2,5665,0,232,NA,"D2_PM",NA
"Varian GC","A. Stearns","20240805","2024","June","11","1306","EDT","W","Freshwater","C3","20","170","1",NA,"Within Range","Within Range",2,5566,0,227,NA,"D2_PM",NA
"Varian GC","A. Stearns","20240805","2024","June","11","1308","EDT","W","Freshwater","C3","35","171","1",NA,"Within Range","Within Range",2,12555,0,513,NA,"D2_PM",NA
"Varian GC","A. Stearns","20240805","2024","June","11","1310","EDT","W","Freshwater","C3","50","172","1",NA,"Within Range","Within Range",2,14291,0,584,NA,"D2_PM",NA
"Varian GC","A. Stearns","20240805","2024","June","11","1312","EDT","G","Freshwater","C6","10","173","1",NA,"Within Range","Within Range",1,6902,0,6,NA,"D2_PM",NA
"Varian GC","A. Stearns","20240805","2024","June","11","1314","EDT","G","Freshwater","C6","20","174","1",NA,"Within Range","Within Range",1,18481,0,15,NA,"D2_PM",NA
"Varian GC","A. Stearns","20240805","2024","June","11","1316","EDT","W","Freshwater","C6","35","175","1",NA,"Within Range","Within Range",2,14189,0,580,NA,"D2_PM",NA
"Varian GC","A. Stearns","20240805","2024","June","11","1318","EDT","W","Freshwater","C6","50","176","1",NA,"Within Range","Within Range",2,16515,0,675,NA,"D2_PM",NA
"Varian GC","A. Stearns","20240805","2024","June","11","1324","EDT","W","Freshwater","F4","10","177","1",NA,"Within Range","Within Range",2,6507,0,266,NA,"D2_PM",NA
"Varian GC","A. Stearns","20240805","2024","June","11","1326","EDT","W","Freshwater","F4","20","178","1",NA,"Within Range","Within Range",2,10984,0,449,NA,"D2_PM",NA
"Varian GC","A. Stearns","20240805","2024","June","11","1328","EDT","W","Freshwater","F4","35","179","1",NA,"Within Range","Within Range",2,8870,0,363,NA,"D2_PM",NA
"Varian GC","A. Stearns","20240805","2024","June","11","1330","EDT","W","Freshwater","F4","50","180","1",NA,"Within Range","Within Range",2,11918,0,487,NA,"D2_PM",NA
"Varian GC","A. Stearns","20240805","2024","June","11","1331","EDT","G","Freshwater","F4","ATM","181","1",NA,"Within Range","Within Range",2,359,0,0,NA,"D2_PM",NA
"Varian GC","A. Stearns","20240805","2024","June","11","1332","EDT","W","Freshwater","H3","10","182","1",NA,"Within Range","Within Range",2,5142,0,210,NA,"D2_PM",NA
"Varian GC","A. Stearns","20240805","2024","June","11","1334","EDT","W","Freshwater","H3","20","183","1",NA,"Within Range","Within Range",2,5607,0,229,NA,"D2_PM",NA
"Varian GC","A. Stearns","20240805","2024","June","11","1336","EDT","W","Freshwater","H3","35","184","1",NA,"Within Range","Within Range",2,9674,0,395,NA,"D2_PM",NA
"Varian GC","A. Stearns","20240805","2024","June","11","1338","EDT","W","Freshwater","H3","50","185","1",NA,"Within Range","Within Range",2,10971,0,448,NA,"D2_PM",NA
"Varian GC","A. Stearns","20240805","2024","June","11","1342","EDT","W","Freshwater","H6","10","186","1",NA,"Within Range","Within Range",2,3837,0,157,NA,"D2_PM",NA
"Varian GC","A. Stearns","20240805","2024","June","11","1344","EDT","W","Freshwater","H6","20","187","1",NA,"Within Range","Within Range",2,6299,0,257,NA,"D2_PM",NA
"Varian GC","A. Stearns","20240805","2024","June","11","1346","EDT","W","Freshwater","H6","35","188","1",NA,"Within Range","Within Range",2,6531,0,267,NA,"D2_PM",NA
"Varian GC","A. Stearns","20240805","2024","June","11","1348","EDT","W","Freshwater","H6","50","189","1",NA,"Within Range","Within Range",2,9602,0,392,NA,"D2_PM",NA
"Varian GC","A. Stearns`","20240806","2024","June","12","1005","EDT","G","Control","C3","10","190","1",NA,"Within Range","Within Range",1,4602,0,4,NA,"D3_AM",NA
"Varian GC","A. Stearns`","20240806","2024","June","12","1006","EDT","G","Control","C3","20","191","1",NA,"Within Range","Within Range",0,9590,0,8,NA,"D3_AM",NA
"Varian GC","A. Stearns`","20240806","2024","June","12","1006","EDT","G","Control","C3","35","192","1",NA,"Within Range","Within Range",0,13296,0,11,NA,"D3_AM",NA
"Varian GC","A. Stearns`","20240806","2024","June","12","1007","EDT","G","Control","C3","50","193","1",NA,"Within Range","Within Range",0,24265,0,20,NA,"D3_AM",NA
"Varian GC","A. Stearns`","20240806","2024","June","12","1008","EDT","G","Control","C6","10","194","1",NA,"Within Range","Within Range",1,6394,0,5,NA,"D3_AM",NA
"Varian GC","A. Stearns`","20240806","2024","June","12","1009","EDT","G","Control","C6","20","195","1",NA,"Within Range","Within Range",1,15720,0,13,NA,"D3_AM",NA
"Varian GC","A. Stearns`","20240806","2024","June","12","1009","EDT","G","Control","C6","35","196","1",NA,"Within Range","Within Range",0,16868,0,14,NA,"D3_AM",NA
"Varian GC","A. Stearns`","20240806","2024","June","12","1010","EDT","G","Control","C6","50","197","1",NA,"Within Range","Within Range",0,19617,0,16,NA,"D3_AM",NA
"Varian GC","A. Stearns`","20240806","2024","June","12","1013","EDT","G","Control","F4","10","198","1",NA,"Within Range","Within Range",1,3871,0,3,NA,"D3_AM",NA
"Varian GC","A. Stearns`","20240806","2024","June","12","1013","EDT","G","Control","F4","20","199","1",NA,"Within Range","Within Range",0,11299,0,9,NA,"D3_AM",NA
"Varian GC","A. Stearns`","20240806","2024","June","12","1014","EDT","G","Control","F4","35","200","1",NA,"Within Range","Within Range",0,12845,0,10,NA,"D3_AM",NA
"Varian GC","A. Stearns`","20240806","2024","June","12","1014","EDT","G","Control","F4","50","201","1",NA,"Within Range","Within Range",0,19291,0,16,NA,"D3_AM",NA
"Varian GC","A. Stearns`","20240806","2024","June","12","1015","EDT","G","Control","F4","ATM","202","1",NA,"Within Range","Within Range",2,404,0,0,NA,"D3_AM",NA
"Varian GC","A. Stearns`","20240806","2024","June","12","1025","EDT","G","Control","H3","10","203","1",NA,"Within Range","Within Range",1,6731,0,6,NA,"D3_AM",NA
"Varian GC","A. Stearns`","20240806","2024","June","12","1025","EDT","G","Control","H3","20","204","1",NA,"Within Range","Within Range",0,10988,0,9,NA,"D3_AM",NA
"Varian GC","A. Stearns`","20240806","2024","June","12","1025","EDT","G","Control","H3","35","205","1",NA,"Within Range","Within Range",0,18255,0,15,NA,"D3_AM",NA
"Varian GC","A. Stearns`","20240806","2024","June","12","1026","EDT","G","Control","H3","50","206","1",NA,"Within Range","Within Range",0,22200,0,18,NA,"D3_AM",NA
"Varian GC","A. Stearns`","20240806","2024","June","12","1016","EDT","G","Control","H6","10","207","1",NA,"Within Range","Within Range",1,3078,0,3,NA,"D3_AM",NA
"Varian GC","A. Stearns`","20240806","2024","June","12","1017","EDT","G","Control","H6","20","208","1",NA,"Within Range","Within Range",0,10286,0,8,NA,"D3_AM",NA
"Varian GC","A. Stearns`","20240806","2024","June","12","1017","EDT","G","Control","H6","35","209","1",NA,"Within Range","Within Range",0,19718,0,16,NA,"D3_AM",NA
"Varian GC","A. Stearns`","20240806","2024","June","12","1018","EDT","G","Control","H6","50","210","1",NA,"Within Range","Within Range",0,18582,0,15,NA,"D3_AM",NA
"Varian GC","A. Stearns`","20240806","2024","June","12","911","EDT","W","Saltwater","C3","10","211","1",NA,"Within Range","Within Range",6,5911,0,242,NA,"D3_AM",NA
"Varian GC","A. Stearns`","20240806","2024","June","12","912","EDT","G","Saltwater","C3","20","212","1",NA,"Within Range","Within Range",2,12149,0,10,NA,"D3_AM",NA
"Varian GC","A. Stearns`","20240806","2024","June","12","913","EDT","W","Saltwater","C3","35","213","1",NA,"Within Range","Within Range",5,12230,0,500,NA,"D3_AM",NA
"Varian GC","A. Stearns`","20240806","2024","June","12","918","EDT","W","Saltwater","C3","50","214","1",NA,"Within Range","Within Range",5,17801,0,728,NA,"D3_AM",NA
"Varian GC","A. Stearns`","20240806","2024","June","12","921","EDT","W","Saltwater","C6","10","215","1",NA,"Within Range","Within Range",4,11112,0,454,NA,"D3_AM",NA
"Varian GC","A. Stearns`","20240806","2024","June","12","923","EDT","W","Saltwater","C6","20","216","1",NA,"Within Range","Within Range",4,18811,0,769,NA,"D3_AM",NA
"Varian GC","A. Stearns`","20240806","2024","June","12","924","EDT","W","Saltwater","C6","35","217","1",NA,"Within Range","Within Range",6,15740,0,643,NA,"D3_AM",NA
"Varian GC","A. Stearns`","20240806","2024","June","12","928","EDT","W","Saltwater","C6","50","218","1",NA,"Within Range","Within Range",6,17300,0,707,NA,"D3_AM",NA
"Varian GC","A. Stearns`","20240806","2024","June","12","932","EDT","W","Saltwater","F4","10","219","1",NA,"Within Range","Within Range",5,7206,0,295,NA,"D3_AM",NA
"Varian GC","A. Stearns`","20240806","2024","June","12","934","EDT","W","Saltwater","F4","20","220","1",NA,"Within Range","Within Range",4,14212,0,581,NA,"D3_AM",NA
"Varian GC","A. Stearns`","20240806","2024","June","12","935","EDT","W","Saltwater","F4","35","221","1",NA,"Within Range","Within Range",4,19223,0,786,NA,"D3_AM",NA
"Varian GC","A. Stearns`","20240806","2024","June","12","936","EDT","W","Saltwater","F4","50","222","1",NA,"Within Range","Within Range",3,23449,0,958,NA,"D3_AM",NA
"Varian GC","A. Stearns`","20240806","2024","June","12","936","EDT","G","Saltwater","F4","ATM","223","1",NA,"Within Range","Within Range",2,1555,0,1,NA,"D3_AM",NA
"Varian GC","A. Stearns`","20240806","2024","June","12","942","EDT","G","Saltwater","H3","10","224","1",NA,"Within Range","Within Range",2,2593,0,2,NA,"D3_AM",NA
"Varian GC","A. Stearns`","20240806","2024","June","12","950","EDT","W","Saltwater","H3","20","225","1",NA,"Within Range","Within Range",4,10913,0,446,NA,"D3_AM",NA
"Varian GC","A. Stearns`","20240806","2024","June","12","951","EDT","W","Saltwater","H3","35","226","1",NA,"Within Range","Within Range",5,8185,0,335,NA,"D3_AM",NA
"Varian GC","A. Stearns`","20240806","2024","June","12","952","EDT","W","Saltwater","H3","50","227","1",NA,"Within Range","Within Range",3,12911,0,528,NA,"D3_AM",NA
"Varian GC","A. Stearns`","20240806","2024","June","12","954","EDT","W","Saltwater","H6","10","228","1",NA,"Within Range","Within Range",3,21122,0,863,NA,"D3_AM",NA
"Varian GC","A. Stearns`","20240806","2024","June","12","955","EDT","W","Saltwater","H6","20","229","1",NA,"Within Range","Within Range",4,18244,0,746,NA,"D3_AM",NA
"Varian GC","A. Stearns`","20240806","2024","June","12","956","EDT","W","Saltwater","H6","35","230","1",NA,"Within Range","Within Range",3,20649,0,844,NA,"D3_AM",NA
"Varian GC","A. Stearns`","20240806","2024","June","12","959","EDT","W","Saltwater","H6","50","231","1",NA,"Within Range","Within Range",3,18807,0,769,NA,"D3_AM",NA
"Varian GC","A. Stearns`","20240806","2024","June","12","810","EDT","W","Freshwater","C3","10","232","1",NA,"Within Range","Within Range",2,6295,0,257,NA,"D3_AM",NA
"Varian GC","A. Stearns`","20240806","2024","June","12","811","EDT","G","Freshwater","C3","20","233","1",NA,"Within Range","Within Range",2,8747,0,7,NA,"D3_AM",NA
"Varian GC","A. Stearns`","20240806","2024","June","12","812","EDT","W","Freshwater","C3","35","234","1",NA,"Within Range","Within Range",2,11741,0,480,NA,"D3_AM",NA
"Varian GC","A. Stearns`","20240806","2024","June","12","813","EDT","W","Freshwater","C3","50","235","1",NA,"Within Range","Within Range",2,14756,0,603,NA,"D3_AM",NA
"Varian GC","A. Stearns`","20240806","2024","June","12","823","EDT","G","Freshwater","C6","10","236","1",NA,"Within Range","Within Range",1,18137,0,15,NA,"D3_AM",NA
"Varian GC","A. Stearns`","20240806","2024","June","12","824","EDT","W","Freshwater","C6","20","237","1",NA,"Within Range","Within Range",2,13463,0,550,NA,"D3_AM",NA
"Varian GC","A. Stearns`","20240806","2024","June","12","825","EDT","W","Freshwater","C6","35","238","1",NA,"Within Range","Within Range",2,14355,0,587,NA,"D3_AM",NA
"Varian GC","A. Stearns`","20240806","2024","June","12","826","EDT","W","Freshwater","C6","50","239","1",NA,"Within Range","Within Range",2,16492,0,674,NA,"D3_AM",NA
"Varian GC","A. Stearns`","20240806","2024","June","12","834","EDT","W","Freshwater","F4","10","240","1",NA,"Within Range","Within Range",2,5328,0,218,NA,"D3_AM",NA
"Varian GC","A. Stearns`","20240806","2024","June","12","835","EDT","W","Freshwater","F4","20","241","1",NA,"Within Range","Within Range",2,12688,0,519,NA,"D3_AM",NA
"Varian GC","A. Stearns`","20240806","2024","June","12","836","EDT","W","Freshwater","F4","35","242","1",NA,"Within Range","Within Range",2,7828,0,320,NA,"D3_AM",NA
"Varian GC","A. Stearns`","20240806","2024","June","12","841","EDT","W","Freshwater","F4","50","243","1",NA,"Within Range","Within Range",2,12152,0,497,NA,"D3_AM",NA
"Varian GC","A. Stearns`","20240806","2024","June","12","845","EDT","G","Freshwater","F4","ATM","244","1",NA,"Within Range","Within Range",2,390,0,0,NA,"D3_AM",NA
"Varian GC","A. Stearns`","20240806","2024","June","12","847","EDT","G","Freshwater","H3","10","245","1",NA,"Within Range","Within Range",2,8226,0,7,NA,"D3_AM",NA
"Varian GC","A. Stearns`","20240806","2024","June","12","849","EDT","G","Freshwater","H3","20","246","1",NA,"Within Range","Within Range",1,11424,0,9,NA,"D3_AM",NA
"Varian GC","A. Stearns`","20240806","2024","June","12","853","EDT","W","Freshwater","H3","35","247","1",NA,"Within Range","Within Range",2,11499,0,470,NA,"D3_AM",NA
"Varian GC","A. Stearns`","20240806","2024","June","12","857","EDT","W","Freshwater","H3","50","248","1",NA,"Within Range","Within Range",2,12022,0,491,NA,"D3_AM",NA
"Varian GC","A. Stearns`","20240806","2024","June","12","859","EDT","G","Freshwater","H6","10","249","1",NA,"Within Range","Within Range",2,5841,0,5,NA,"D3_AM",NA
"Varian GC","A. Stearns`","20240806","2024","June","12","900","EDT","W","Freshwater","H6","20","250","1",NA,"Within Range","Within Range",2,9142,0,374,NA,"D3_AM",NA
"Varian GC","A. Stearns`","20240806","2024","June","12","902","EDT","W","Freshwater","H6","35","251","1",NA,"Within Range","Within Range",2,5767,0,236,NA,"D3_AM",NA
"Varian GC","A. Stearns`","20240806","2024","June","12","904","EDT","W","Freshwater","H6","50","252","1",NA,"Within Range","Within Range",2,11509,0,470,NA,"D3_AM",NA
"Varian GC","A. Stearns","20240807","2024","June","12","1432","EDT","G","Control","C3","10","253","1",NA,"Within Range","Within Range",1,4285,0,4,NA,"D3_PM",NA
"Varian GC","A. Stearns","20240807","2024","June","12","1432","EDT","G","Control","C3","20","254","1",NA,"Within Range","Within Range",0,8855,0,7,NA,"D3_PM",NA
"Varian GC","A. Stearns","20240807","2024","June","12","1434","EDT","G","Control","C3","35","255","1",NA,"Within Range","Within Range",0,13217,0,11,NA,"D3_PM",NA
"Varian GC","A. Stearns","20240807","2024","June","12","1435","EDT","G","Control","C3","50","256","1",NA,"Within Range","Within Range",0,23494,0,19,NA,"D3_PM",NA
"Varian GC","A. Stearns","20240807","2024","June","12","1436","EDT","G","Control","C6","10","257","1",NA,"Within Range","Within Range",1,5196,0,4,NA,"D3_PM",NA
"Varian GC","A. Stearns","20240807","2024","June","12","1437","EDT","G","Control","C6","20","258","1",NA,"Within Range","Within Range",1,13700,0,11,NA,"D3_PM",NA
"Varian GC","A. Stearns","20240807","2024","June","12","1438","EDT","G","Control","C6","35","259","1",NA,"Within Range","Within Range",0,16277,0,13,NA,"D3_PM",NA
"Varian GC","A. Stearns","20240807","2024","June","12","1439","EDT","G","Control","C6","50","260","1",NA,"Within Range","Within Range",0,17298,0,14,NA,"D3_PM",NA
"Varian GC","A. Stearns","20240807","2024","June","12","1440","EDT","G","Control","F4","10","261","1",NA,"Within Range","Within Range",1,3453,0,3,NA,"D3_PM",NA
"Varian GC","A. Stearns","20240807","2024","June","12","1440","EDT","G","Control","F4","20","262","1",NA,"Within Range","Within Range",0,11115,0,9,NA,"D3_PM",NA
"Varian GC","A. Stearns","20240807","2024","June","12","1441","EDT","G","Control","F4","35","263","1",NA,"Within Range","Within Range",0,11470,0,9,NA,"D3_PM",NA
"Varian GC","A. Stearns","20240807","2024","June","12","1441","EDT","G","Control","F4","50","264","1",NA,"Within Range","Within Range",0,18436,0,15,NA,"D3_PM",NA
"Varian GC","A. Stearns","20240807","2024","June","12","1442","EDT","G","Control","F4","ATM","265","1",NA,"Within Range","Within Range",2,484,0,0,NA,"D3_PM",NA
"Varian GC","A. Stearns","20240807","2024","June","12","1444","EDT","G","Control","H3","10","266","1",NA,"Within Range","Within Range",1,5840,0,5,NA,"D3_PM",NA
"Varian GC","A. Stearns","20240807","2024","June","12","1445","EDT","G","Control","H3","20","267","1",NA,"Within Range","Within Range",0,10303,0,8,NA,"D3_PM",NA
"Varian GC","A. Stearns","20240807","2024","June","12","1446","EDT","G","Control","H3","35","268","1",NA,"Within Range","Within Range",0,17547,0,14,NA,"D3_PM",NA
"Varian GC","A. Stearns","20240807","2024","June","12","1447","EDT","G","Control","H3","50","269","1",NA,"Within Range","Within Range",0,21368,0,17,NA,"D3_PM",NA
"Varian GC","A. Stearns","20240807","2024","June","12","1448","EDT","G","Control","H6","10","270","1",NA,"Within Range","Within Range",1,3158,0,3,NA,"D3_PM",NA
"Varian GC","A. Stearns","20240807","2024","June","12","1449","EDT","G","Control","H6","20","271","1",NA,"Within Range","Within Range",0,10197,0,8,NA,"D3_PM",NA
"Varian GC","A. Stearns","20240807","2024","June","12","1450","EDT","G","Control","H6","35","272","1",NA,"Within Range","Within Range",0,19141,0,16,NA,"D3_PM",NA
"Varian GC","A. Stearns","20240807","2024","June","12","1451","EDT","G","Control","H6","50","273","1",NA,"Within Range","Within Range",0,17855,0,15,NA,"D3_PM",NA
"Varian GC","A. Stearns","20240807","2024","June","12","1351","EDT","W","Saltwater","C3","10","274","1",NA,"Within Range","Within Range",6,5690,0,233,NA,"D3_PM",NA
"Varian GC","A. Stearns","20240807","2024","June","12","1353","EDT","W","Saltwater","C3","20","275","1",NA,"Within Range","Within Range",2,11838,0,484,NA,"D3_PM",NA
"Varian GC","A. Stearns","20240807","2024","June","12","1353","EDT","W","Saltwater","C3","35","276","1",NA,"Within Range","Within Range",5,13336,0,545,NA,"D3_PM",NA
"Varian GC","A. Stearns","20240807","2024","June","12","1354","EDT","W","Saltwater","C3","50","277","1",NA,"Within Range","Within Range",6,18442,0,754,NA,"D3_PM",NA
"Varian GC","A. Stearns","20240807","2024","June","12","1357","EDT","W","Saltwater","C6","10","278","1",NA,"Within Range","Within Range",4,9736,0,398,NA,"D3_PM",NA
"Varian GC","A. Stearns","20240807","2024","June","12","1401","EDT","W","Saltwater","C6","20","279","1",NA,"Within Range","Within Range",4,20069,0,820,NA,"D3_PM",NA
"Varian GC","A. Stearns","20240807","2024","June","12","1401","EDT","W","Saltwater","C6","35","280","1",NA,"Within Range","Within Range",7,13081,0,535,NA,"D3_PM",NA
"Varian GC","A. Stearns","20240807","2024","June","12","1401","EDT","W","Saltwater","C6","50","281","1",NA,"Within Range","Within Range",6,17214,0,704,NA,"D3_PM",NA
"Varian GC","A. Stearns","20240807","2024","June","12","1405","EDT","W","Saltwater","F4","10","282","1",NA,"Within Range","Within Range",4,5434,0,222,NA,"D3_PM",NA
"Varian GC","A. Stearns","20240807","2024","June","12","1409","EDT","W","Saltwater","F4","20","283","1",NA,"Within Range","Within Range",3,14628,0,598,NA,"D3_PM",NA
"Varian GC","A. Stearns","20240807","2024","June","12","1410","EDT","W","Saltwater","F4","35","284","1",NA,"Within Range","Within Range",4,18603,0,760,NA,"D3_PM",NA
"Varian GC","A. Stearns","20240807","2024","June","12","1410","EDT","W","Saltwater","F4","50","285","1",NA,"Within Range","Within Range",4,21793,0,891,NA,"D3_PM",NA
"Varian GC","A. Stearns","20240807","2024","June","12","1410","EDT","G","Saltwater","F4","ATM","286","1",NA,"Within Range","Within Range",2,533,0,0,NA,"D3_PM",NA
"Varian GC","A. Stearns","20240807","2024","June","12","1413","EDT","G","Saltwater","H3","10","287","1",NA,"Within Range","Within Range",2,2217,0,2,NA,"D3_PM",NA
"Varian GC","A. Stearns","20240807","2024","June","12","1414","EDT","W","Saltwater","H3","20","288","1",NA,"Within Range","Within Range",4,10787,0,441,NA,"D3_PM",NA
"Varian GC","A. Stearns","20240807","2024","June","12","1414","EDT","W","Saltwater","H3","35","289","1",NA,"Within Range","Within Range",5,6676,0,273,NA,"D3_PM",NA
"Varian GC","A. Stearns","20240807","2024","June","12","1419","EDT","W","Saltwater","H3","50","290","1",NA,"Within Range","Within Range",3,13140,0,537,NA,"D3_PM",NA
"Varian GC","A. Stearns","20240807","2024","June","12","1424","EDT","W","Saltwater","H6","10","291","1",NA,"Within Range","Within Range",3,18361,0,750,NA,"D3_PM",NA
"Varian GC","A. Stearns","20240807","2024","June","12","1424","EDT","W","Saltwater","H6","20","292","1",NA,"Within Range","Within Range",4,18890,0,772,NA,"D3_PM",NA
"Varian GC","A. Stearns","20240807","2024","June","12","1426","EDT","W","Saltwater","H6","35","293","1",NA,"Within Range","Within Range",3,20144,0,823,NA,"D3_PM",NA
"Varian GC","A. Stearns","20240807","2024","June","12","1426","EDT","W","Saltwater","H6","50","294","1",NA,"Within Range","Within Range",3,17903,0,732,NA,"D3_PM",NA
"Varian GC","A. Stearns","20240807","2024","June","12","1304","EDT","W","Freshwater","C3","10","295","1",NA,"Within Range","Within Range",2,8298,0,339,NA,"D3_PM",NA
"Varian GC","A. Stearns","20240807","2024","June","12","1305","EDT","G","Freshwater","C3","20","296","1",NA,"Within Range","Within Range",2,8248,0,7,NA,"D3_PM",NA
"Varian GC","A. Stearns","20240807","2024","June","12","1308","EDT","W","Freshwater","C3","35","297","1",NA,"Within Range","Within Range",2,11938,0,488,NA,"D3_PM",NA
"Varian GC","A. Stearns","20240807","2024","June","12","1311","EDT","W","Freshwater","C3","50","298","1",NA,"Within Range","Within Range",2,14639,0,598,NA,"D3_PM",NA
"Varian GC","A. Stearns","20240807","2024","June","12","1314","EDT","W","Freshwater","C6","10","299","1",NA,"Within Range","Within Range",2,7074,0,289,NA,"D3_PM",NA
"Varian GC","A. Stearns","20240807","2024","June","12","1319","EDT","W","Freshwater","C6","20","300","1",NA,"Within Range","Within Range",2,14536,0,594,NA,"D3_PM",NA
"Varian GC","A. Stearns","20240807","2024","June","12","1319","EDT","W","Freshwater","C6","35","301","1",NA,"Within Range","Within Range",1,14435,0,590,NA,"D3_PM",NA
"Varian GC","A. Stearns","20240807","2024","June","12","1320","EDT","W","Freshwater","C6","50","302","1",NA,"Within Range","Within Range",1,15441,0,631,NA,"D3_PM",NA
"Varian GC","A. Stearns","20240807","2024","June","12","1323","EDT","W","Freshwater","F4","10","303","1",NA,"Within Range","Within Range",2,7002,0,286,NA,"D3_PM",NA
"Varian GC","A. Stearns","20240807","2024","June","12","1323","EDT","W","Freshwater","F4","20","304","1",NA,"Within Range","Within Range",1,13505,0,552,NA,"D3_PM",NA
"Varian GC","A. Stearns","20240807","2024","June","12","1328","EDT","W","Freshwater","F4","35","305","1",NA,"Within Range","Within Range",2,6898,0,282,NA,"D3_PM",NA
"Varian GC","A. Stearns","20240807","2024","June","12","1328","EDT","W","Freshwater","F4","50","306","1",NA,"Within Range","Within Range",1,12477,0,510,NA,"D3_PM",NA
"Varian GC","A. Stearns","20240807","2024","June","12","1329","EDT","G","Freshwater","F4","ATM","307","1",NA,"Within Range","Within Range",2,318,0,0,NA,"D3_PM",NA
"Varian GC","A. Stearns","20240807","2024","June","12","1332","EDT","W","Freshwater","H3","10","308","1",NA,"Within Range","Within Range",1,5531,0,226,NA,"D3_PM",NA
"Varian GC","A. Stearns","20240807","2024","June","12","1338","EDT","W","Freshwater","H3","20","309","1",NA,"Within Range","Within Range",2,5158,0,211,NA,"D3_PM",NA
"Varian GC","A. Stearns","20240807","2024","June","12","1338","EDT","W","Freshwater","H3","35","310","1",NA,"Within Range","Within Range",2,12858,0,526,NA,"D3_PM",NA
"Varian GC","A. Stearns","20240807","2024","June","12","1339","EDT","W","Freshwater","H3","50","311","1",NA,"Within Range","Within Range",2,12132,0,496,NA,"D3_PM",NA
"Varian GC","A. Stearns","20240807","2024","June","12","1341","EDT","G","Freshwater","H6","10","312","1",NA,"Within Range","Within Range",2,5818,0,5,NA,"D3_PM",NA
"Varian GC","A. Stearns","20240807","2024","June","12","1341","EDT","W","Freshwater","H6","20","313","1",NA,"Within Range","Within Range",1,8057,0,329,NA,"D3_PM",NA
"Varian GC","A. Stearns","20240807","2024","June","12","1344","EDT","W","Freshwater","H6","35","314","1",NA,"Within Range","Within Range",2,7446,0,304,NA,"D3_PM",NA
"Varian GC","A. Stearns","20240807","2024","June","12","1345","EDT","W","Freshwater","H6","50","315","1",NA,"Within Range","Within Range",2,12190,0,498,NA,"D3_PM",NA
"Varian GC","A. Stearns","20240808","2024","June","13","918","EDT","G","Control","C3","10","316","1",NA,"Within Range","Within Range",1,3942,0,3,NA,"D4_AM",NA
"Varian GC","A. Stearns","20240808","2024","June","13","918","EDT","G","Control","C3","20","317","1",NA,"Within Range","Within Range",1,7731,0,6,NA,"D4_AM",NA
"Varian GC","A. Stearns","20240808","2024","June","13","919","EDT","G","Control","C3","35","318","1",NA,"Within Range","Within Range",0,11659,0,10,NA,"D4_AM",NA
"Varian GC","A. Stearns","20240808","2024","June","13","919","EDT","G","Control","C3","50","319","1",NA,"Within Range","Within Range",0,20758,0,17,NA,"D4_AM",NA
"Varian GC","A. Stearns","20240808","2024","June","13","921","EDT","G","Control","C6","10","320","1",NA,"Within Range","Within Range",1,5727,0,5,NA,"D4_AM",NA
"Varian GC","A. Stearns","20240808","2024","June","13","921","EDT","G","Control","C6","20","321","1",NA,"Within Range","Within Range",1,13466,0,11,NA,"D4_AM",NA
"Varian GC","A. Stearns","20240808","2024","June","13","922","EDT","G","Control","C6","35","322","1",NA,"Within Range","Within Range",0,14396,0,12,NA,"D4_AM",NA
"Varian GC","A. Stearns","20240808","2024","June","13","922","EDT","G","Control","C6","50","323","1",NA,"Within Range","Within Range",0,16336,0,13,NA,"D4_AM",NA
"Varian GC","A. Stearns","20240808","2024","June","13","923","EDT","G","Control","F4","10","324","1",NA,"Within Range","Within Range",1,3620,0,3,NA,"D4_AM",NA
"Varian GC","A. Stearns","20240808","2024","June","13","924","EDT","G","Control","F4","20","325","1",NA,"Within Range","Within Range",1,9871,0,8,NA,"D4_AM",NA
"Varian GC","A. Stearns","20240808","2024","June","13","925","EDT","G","Control","F4","35","326","1",NA,"Within Range","Within Range",0,10328,0,8,NA,"D4_AM",NA
"Varian GC","A. Stearns","20240808","2024","June","13","925","EDT","G","Control","F4","50","327","1",NA,"Within Range","Within Range",0,16737,0,14,NA,"D4_AM",NA
"Varian GC","A. Stearns","20240808","2024","June","13","926","EDT","G","Control","F4","ATM","328","1",NA,"Within Range","Within Range",2,388,0,0,NA,"D4_AM",NA
"Varian GC","A. Stearns","20240808","2024","June","13","927","EDT","G","Control","H3","10","329","1",NA,"Within Range","Within Range",1,5751,0,5,NA,"D4_AM",NA
"Varian GC","A. Stearns","20240808","2024","June","13","927","EDT","G","Control","H3","20","330","1",NA,"Within Range","Within Range",0,9856,0,8,NA,"D4_AM",NA
"Varian GC","A. Stearns","20240808","2024","June","13","928","EDT","G","Control","H3","35","331","1",NA,"Within Range","Within Range",0,15730,0,13,NA,"D4_AM",NA
"Varian GC","A. Stearns","20240808","2024","June","13","929","EDT","G","Control","H3","50","332","1",NA,"Within Range","Within Range",0,20128,0,16,NA,"D4_AM",NA
"Varian GC","A. Stearns","20240808","2024","June","13","930","EDT","G","Control","H6","10","333","1",NA,"Within Range","Within Range",1,3278,0,3,NA,"D4_AM",NA
"Varian GC","A. Stearns","20240808","2024","June","13","931","EDT","G","Control","H6","20","334","1",NA,"Within Range","Within Range",0,9413,0,8,NA,"D4_AM",NA
"Varian GC","A. Stearns","20240808","2024","June","13","931","EDT","G","Control","H6","35","335","1",NA,"Within Range","Within Range",0,17399,0,14,NA,"D4_AM",NA
"Varian GC","A. Stearns","20240808","2024","June","13","932","EDT","G","Control","H6","50","336","1",NA,"Within Range","Within Range",0,16904,0,14,NA,"D4_AM",NA
"Varian GC","A. Stearns","20240808","2024","June","13","838","EDT","W","Saltwater","C3","10","337","1",NA,"Within Range","Within Range",4,5469,0,224,NA,"D4_AM",NA
"Varian GC","A. Stearns","20240808","2024","June","13","839","EDT","W","Saltwater","C3","20","338","1",NA,"Within Range","Within Range",2,7611,0,311,NA,"D4_AM",NA
"Varian GC","A. Stearns","20240808","2024","June","13","839","EDT","W","Saltwater","C3","35","339","1",NA,"Within Range","Within Range",3,14225,0,581,NA,"D4_AM",NA
"Varian GC","A. Stearns","20240808","2024","June","13","839","EDT","W","Saltwater","C3","50","340","1",NA,"Within Range","Within Range",4,15306,0,626,NA,"D4_AM",NA
"Varian GC","A. Stearns","20240808","2024","June","13","846","EDT","W","Saltwater","C6","10","341","1",NA,"Within Range","Within Range",3,11203,0,458,NA,"D4_AM",NA
"Varian GC","A. Stearns","20240808","2024","June","13","847","EDT","W","Saltwater","C6","20","342","1",NA,"Within Range","Within Range",3,20467,0,837,NA,"D4_AM",NA
"Varian GC","A. Stearns","20240808","2024","June","13","846","EDT","W","Saltwater","C6","35","343","1",NA,"Within Range","Within Range",4,15936,0,651,NA,"D4_AM",NA
"Varian GC","A. Stearns","20240808","2024","June","13","847","EDT","W","Saltwater","C6","50","344","1",NA,"Within Range","Within Range",4,13950,0,570,NA,"D4_AM",NA
"Varian GC","A. Stearns","20240808","2024","June","13","853","EDT","G","Saltwater","F4","10","345","1",NA,"Within Range","Within Range",6,19262,0,16,NA,"D4_AM",NA
"Varian GC","A. Stearns","20240808","2024","June","13","853","EDT","W","Saltwater","F4","20","346","1",NA,"Within Range","Within Range",2,14756,0,603,NA,"D4_AM",NA
"Varian GC","A. Stearns","20240808","2024","June","13","855","EDT","W","Saltwater","F4","35","347","1",NA,"Within Range","Within Range",3,20921,0,855,NA,"D4_AM",NA
"Varian GC","A. Stearns","20240808","2024","June","13","854","EDT","W","Saltwater","F4","50","348","1",NA,"Within Range","Within Range",3,20867,0,853,NA,"D4_AM",NA
"Varian GC","A. Stearns","20240808","2024","June","13","858","EDT","G","Saltwater","F4","ATM","349","1",NA,"Within Range","Within Range",2,4552,0,4,NA,"D4_AM",NA
"Varian GC","A. Stearns","20240808","2024","June","13","900","EDT","G","Saltwater","H3","10","350","1",NA,"Within Range","Within Range",2,2689,0,2,NA,"D4_AM",NA
"Varian GC","A. Stearns","20240808","2024","June","13","901","EDT","W","Saltwater","H3","20","351","1",NA,"Within Range","Within Range",3,10889,0,445,NA,"D4_AM",NA
"Varian GC","A. Stearns","20240808","2024","June","13","900","EDT","W","Saltwater","H3","35","352","1",NA,"Within Range","Within Range",4,9822,0,401,NA,"D4_AM",NA
"Varian GC","A. Stearns","20240808","2024","June","13","902","EDT","W","Saltwater","H3","50","353","1",NA,"Within Range","Within Range",2,13375,0,547,NA,"D4_AM",NA
"Varian GC","A. Stearns","20240808","2024","June","13","907","EDT","W","Saltwater","H6","10","354","1",NA,"Within Range","Within Range",3,19921,0,814,NA,"D4_AM",NA
"Varian GC","A. Stearns","20240808","2024","June","13","908","EDT","W","Saltwater","H6","20","355","1",NA,"Within Range","Within Range",2,19356,0,791,NA,"D4_AM",NA
"Varian GC","A. Stearns","20240808","2024","June","13","908","EDT","W","Saltwater","H6","35","356","1",NA,"Within Range","Within Range",2,20692,0,846,NA,"D4_AM",NA
"Varian GC","A. Stearns","20240808","2024","June","13","909","EDT","W","Saltwater","H6","50","357","1",NA,"Within Range","Within Range",2,17489,0,715,NA,"D4_AM",NA
"Varian GC","A. Stearns","20240808","2024","June","13","804","EDT","W","Freshwater","C3","10","358","1",NA,"Within Range","Within Range",2,8208,0,336,NA,"D4_AM",NA
"Varian GC","A. Stearns","20240808","2024","June","13","804","EDT","G","Freshwater","C3","20","359","1",NA,"Within Range","Within Range",2,10128,0,8,NA,"D4_AM",NA
"Varian GC","A. Stearns","20240808","2024","June","13","805","EDT","W","Freshwater","C3","35","360","1",NA,"Within Range","Within Range",2,13628,0,557,NA,"D4_AM",NA
"Varian GC","A. Stearns","20240808","2024","June","13","806","EDT","W","Freshwater","C3","50","361","1",NA,"Within Range","Within Range",2,14990,0,613,NA,"D4_AM",NA
"Varian GC","A. Stearns","20240808","2024","June","13","811","EDT","G","Freshwater","C6","10","362","1",NA,"Within Range","Within Range",0,32749,0,27,NA,"D4_AM",NA
"Varian GC","A. Stearns","20240808","2024","June","13","811","EDT","G","Freshwater","C6","20","363","1",NA,"Within Range","Within Range",1,37127,0,30,NA,"D4_AM",NA
"Varian GC","A. Stearns","20240808","2024","June","13","812","EDT","W","Freshwater","C6","35","364","1",NA,"Within Range","Within Range",1,16721,0,683,NA,"D4_AM",NA
"Varian GC","A. Stearns","20240808","2024","June","13","812","EDT","W","Freshwater","C6","50","365","1",NA,"Within Range","Within Range",2,17585,0,719,NA,"D4_AM",NA
"Varian GC","A. Stearns","20240808","2024","June","13","817","EDT","W","Freshwater","F4","10","366","1",NA,"Within Range","Within Range",2,6753,0,276,NA,"D4_AM",NA
"Varian GC","A. Stearns","20240808","2024","June","13","817","EDT","W","Freshwater","F4","20","367","1",NA,"Within Range","Within Range",1,16726,0,684,NA,"D4_AM",NA
"Varian GC","A. Stearns","20240808","2024","June","13","817","EDT","W","Freshwater","F4","35","368","1",NA,"Within Range","Within Range",2,8131,0,332,NA,"D4_AM",NA
"Varian GC","A. Stearns","20240808","2024","June","13","818","EDT","W","Freshwater","F4","50","369","1",NA,"Within Range","Within Range",1,14802,0,605,NA,"D4_AM",NA
"Varian GC","A. Stearns","20240808","2024","June","13","818","EDT","G","Freshwater","F4","ATM","370","1",NA,"Within Range","Within Range",2,923,0,1,NA,"D4_AM",NA
"Varian GC","A. Stearns","20240808","2024","June","13","825","EDT","G","Freshwater","H3","10","371","1",NA,"Within Range","Within Range",1,7271,0,6,NA,"D4_AM",NA
"Varian GC","A. Stearns","20240808","2024","June","13","825","EDT","G","Freshwater","H3","20","372","1",NA,"Within Range","Within Range",1,10508,0,9,NA,"D4_AM",NA
"Varian GC","A. Stearns","20240808","2024","June","13","825","EDT","W","Freshwater","H3","35","373","1",NA,"Within Range","Within Range",2,15049,0,615,NA,"D4_AM",NA
"Varian GC","A. Stearns","20240808","2024","June","13","826","EDT","W","Freshwater","H3","50","374","1",NA,"Within Range","Within Range",1,13121,0,536,NA,"D4_AM",NA
"Varian GC","A. Stearns","20240808","2024","June","13","831","EDT","G","Freshwater","H6","10","375","1",NA,"Within Range","Within Range",2,5896,0,5,NA,"D4_AM",NA
"Varian GC","A. Stearns","20240808","2024","June","13","831","EDT","G","Freshwater","H6","20","376","1",NA,"Within Range","Within Range",1,18655,0,15,NA,"D4_AM",NA
"Varian GC","A. Stearns","20240808","2024","June","13","831","EDT","W","Freshwater","H6","35","377","1",NA,"Within Range","Within Range",1,6488,0,265,NA,"D4_AM",NA
"Varian GC","A. Stearns","20240808","2024","June","13","831","EDT","W","Freshwater","H6","50","378","1",NA,"Within Range","Within Range",1,13453,0,550,NA,"D4_AM",NA
"Varian GC","A. Stearns","20240827","2024","June","13","1418","EDT","G","Control","C3","10","379","1",NA,"Within Range","Within Range",1,3940,0,3,NA,"D4_PM",NA
"Varian GC","A. Stearns","20240827","2024","June","13","1418","EDT","G","Control","C3","20","380","1",NA,"Within Range","Within Range",0,8418,0,7,NA,"D4_PM",NA
"Varian GC","A. Stearns","20240827","2024","June","13","1419","EDT","G","Control","C3","35","381","1",NA,"Within Range","Within Range",0,11652,0,10,NA,"D4_PM",NA
"Varian GC","A. Stearns","20240827","2024","June","13","1419","EDT","G","Control","C3","50","382","1",NA,"Within Range","Within Range",0,21565,0,18,NA,"D4_PM",NA
"Varian GC","A. Stearns","20240827","2024","June","13","1421","EDT","G","Control","C6","10","383","1",NA,"Within Range","Within Range",1,5641,0,5,NA,"D4_PM",NA
"Varian GC","A. Stearns","20240827","2024","June","13","1421","EDT","G","Control","C6","20","384","1",NA,"Within Range","Within Range",1,13471,0,11,NA,"D4_PM",NA
"Varian GC","A. Stearns","20240827","2024","June","13","1422","EDT","G","Control","C6","35","385","1",NA,"Within Range","Within Range",0,15606,0,13,NA,"D4_PM",NA
"Varian GC","A. Stearns","20240827","2024","June","13","1422","EDT","G","Control","C6","50","386","1",NA,"Within Range","Within Range",0,16454,0,13,NA,"D4_PM",NA
"Varian GC","A. Stearns","20240827","2024","June","13","1424","EDT","G","Control","F4","10","387","1",NA,"Within Range","Within Range",1,3249,0,3,NA,"D4_PM",NA
"Varian GC","A. Stearns","20240827","2024","June","13","1424","EDT","G","Control","F4","20","388","1",NA,"Within Range","Within Range",0,6261,0,5,NA,"D4_PM",NA
"Varian GC","A. Stearns","20240827","2024","June","13","1424","EDT","G","Control","F4","35","389","1",NA,"Within Range","Within Range",0,10759,0,9,NA,"D4_PM",NA
"Varian GC","A. Stearns","20240827","2024","June","13","1425","EDT","G","Control","F4","50","390","1",NA,"Within Range","Within Range",0,16543,0,14,NA,"D4_PM",NA
"Varian GC","A. Stearns","20240827","2024","June","13","1425","EDT","G","Control","F4","ATM","391","1",NA,"Within Range","Within Range",2,382,0,0,NA,"D4_PM",NA
"Varian GC","A. Stearns","20240827","2024","June","13","1427","EDT","G","Control","H3","10","392","1",NA,"Within Range","Within Range",1,5296,0,4,NA,"D4_PM",NA
"Varian GC","A. Stearns","20240827","2024","June","13","1427","EDT","G","Control","H3","20","393","1",NA,"Within Range","Within Range",0,11294,0,9,NA,"D4_PM",NA
"Varian GC","A. Stearns","20240827","2024","June","13","1427","EDT","G","Control","H3","35","394","1",NA,"Within Range","Within Range",0,16096,0,13,NA,"D4_PM",NA
"Varian GC","A. Stearns","20240827","2024","June","13","1428","EDT","G","Control","H3","50","395","1",NA,"Within Range","Within Range",0,19538,0,16,NA,"D4_PM",NA
"Varian GC","A. Stearns","20240827","2024","June","13","1430","EDT","G","Control","H6","10","396","1",NA,"Within Range","Within Range",1,2744,0,2,NA,"D4_PM",NA
"Varian GC","A. Stearns","20240827","2024","June","13","1430","EDT","G","Control","H6","20","397","1",NA,"Within Range","Within Range",0,9438,0,8,NA,"D4_PM",NA
"Varian GC","A. Stearns","20240827","2024","June","13","1430","EDT","G","Control","H6","35","398","1",NA,"Within Range","Within Range",0,17207,0,14,NA,"D4_PM",NA
"Varian GC","A. Stearns","20240827","2024","June","13","1430","EDT","G","Control","H6","50","399","1",NA,"Within Range","Within Range",0,16708,0,14,NA,"D4_PM",NA
"Varian GC","A. Stearns","20240827","2024","June","13","1341","EDT","W","Saltwater","C3","10","400","1",NA,"Within Range","Within Range",5,5828,0,238,NA,"D4_PM",NA
"Varian GC","A. Stearns","20240827","2024","June","13","1341","EDT","W","Saltwater","C3","20","401","1",NA,"Within Range","Within Range",2,9129,0,373,NA,"D4_PM",NA
"Varian GC","A. Stearns","20240827","2024","June","13","1342","EDT","W","Saltwater","C3","35","402","1",NA,"Within Range","Within Range",3,13674,0,559,NA,"D4_PM",NA
"Varian GC","A. Stearns","20240827","2024","June","13","1343","EDT","W","Saltwater","C3","50","403","1",NA,"Within Range","Within Range",5,17472,0,714,NA,"D4_PM",NA
"Varian GC","A. Stearns","20240827","2024","June","13","1347","EDT","W","Saltwater","C6","10","404","1",NA,"Within Range","Within Range",4,11125,0,455,NA,"D4_PM",NA
"Varian GC","A. Stearns","20240827","2024","June","13","1347","EDT","W","Saltwater","C6","20","405","1",NA,"Within Range","Within Range",3,21955,0,897,NA,"D4_PM",NA
"Varian GC","A. Stearns","20240827","2024","June","13","1348","EDT","W","Saltwater","C6","35","406","1",NA,"Within Range","Within Range",5,14331,0,586,NA,"D4_PM",NA
"Varian GC","A. Stearns","20240827","2024","June","13","1348","EDT","W","Saltwater","C6","50","407","1",NA,"Within Range","Within Range",5,19709,0,806,NA,"D4_PM",NA
"Varian GC","A. Stearns","20240827","2024","June","13","1354","EDT","W","Saltwater","F4","10","408","1",NA,"Within Range","Within Range",3,7751,0,317,NA,"D4_PM",NA
"Varian GC","A. Stearns","20240827","2024","June","13","1354","EDT","W","Saltwater","F4","20","409","1",NA,"Within Range","Within Range",2,16390,0,670,NA,"D4_PM",NA
"Varian GC","A. Stearns","20240828","2024","June","13","1355","EDT","W","Saltwater","F4","35","410","1",NA,"Within Range","Within Range",2,372,0,15,NA,"D4_PM",NA
"Varian GC","A. Stearns","20240828","2024","June","13","1355","EDT","W","Saltwater","F4","50","411","1",NA,"Within Range","Within Range",3,19208,0,785,NA,"D4_PM",NA
"Varian GC","A. Stearns","20240828","2024","June","13","1356","EDT","G","Saltwater","F4","ATM","412","1",NA,"Within Range","Within Range",2,415,0,0,NA,"D4_PM",NA
"Varian GC","A. Stearns","20240828","2024","June","13","1401","EDT","G","Saltwater","H3","10","413","1",NA,"Within Range","Within Range",2,2125,0,2,NA,"D4_PM",NA
"Varian GC","A. Stearns","20240828","2024","June","13","1401","EDT","W","Saltwater","H3","20","414","1",NA,"Within Range","Within Range",3,12854,0,525,NA,"D4_PM",NA
"Varian GC","A. Stearns","20240828","2024","June","13","1402","EDT","W","Saltwater","H3","35","415","1",NA,"Within Range","Within Range",4,6446,0,263,NA,"D4_PM",NA
"Varian GC","A. Stearns","20240828","2024","June","13","1402","EDT","W","Saltwater","H3","50","416","1",NA,"Within Range","Within Range",3,13901,0,568,NA,"D4_PM",NA
"Varian GC","A. Stearns","20240828","2024","June","13","1408","EDT","W","Saltwater","H6","10","417","1",NA,"Within Range","Within Range",3,20536,0,839,NA,"D4_PM",NA
"Varian GC","A. Stearns","20240828","2024","June","13","1408","EDT","W","Saltwater","H6","20","418","1",NA,"Within Range","Within Range",3,19585,0,800,NA,"D4_PM",NA
"Varian GC","A. Stearns","20240828","2024","June","13","1409","EDT","W","Saltwater","H6","35","419","1",NA,"Within Range","Within Range",3,18935,0,774,NA,"D4_PM",NA
"Varian GC","A. Stearns","20240828","2024","June","13","1410","EDT","W","Saltwater","H6","50","420","1",NA,"Within Range","Within Range",3,15736,0,643,NA,"D4_PM",NA
"Varian GC","A. Stearns","20240828","2024","June","13","1303","EDT","W","Freshwater","C3","10","421","1",NA,"Within Range","Within Range",2,8246,0,337,NA,"D4_PM",NA
"Varian GC","A. Stearns","20240828","2024","June","13","1303","EDT","W","Freshwater","C3","20","422","1",NA,"Within Range","Within Range",2,8439,0,345,NA,"D4_PM",NA
"Varian GC","A. Stearns","20240828","2024","June","13","1304","EDT","W","Freshwater","C3","35","423","1",NA,"Within Range","Within Range",2,16065,0,657,NA,"D4_PM",NA
"Varian GC","A. Stearns","20240828","2024","June","13","1304","EDT","W","Freshwater","C3","50","424","1",NA,"Within Range","Within Range",2,16143,0,660,NA,"D4_PM",NA
"Varian GC","A. Stearns","20240828","2024","June","13","1310","EDT","W","Freshwater","C6","10","425","1",NA,"Within Range","Within Range",2,7227,0,295,NA,"D4_PM",NA
"Varian GC","A. Stearns","20240828","2024","June","13","1310","EDT","W","Freshwater","C6","20","426","1",NA,"Within Range","Within Range",2,18035,0,737,NA,"D4_PM",NA
"Varian GC","A. Stearns","20240828","2024","June","13","1311","EDT","W","Freshwater","C6","35","427","1",NA,"Within Range","Within Range",2,18947,0,774,NA,"D4_PM",NA
"Varian GC","A. Stearns","20240828","2024","June","13","1311","EDT","W","Freshwater","C6","50","428","1",NA,"Within Range","Within Range",2,21613,0,883,NA,"D4_PM",NA
"Varian GC","A. Stearns","20240828","2024","June","13","1317","EDT","W","Freshwater","F4","10","429","1",NA,"Within Range","Within Range",2,6635,0,271,NA,"D4_PM",NA
"Varian GC","A. Stearns","20240828","2024","June","13","1317","EDT","W","Freshwater","F4","20","430","1",NA,"Within Range","Within Range",2,17154,0,701,NA,"D4_PM",NA
"Varian GC","A. Stearns","20240828","2024","June","13","1318","EDT","W","Freshwater","F4","35","431","1",NA,"Within Range","Within Range",2,8410,0,344,NA,"D4_PM",NA
"Varian GC","A. Stearns","20240828","2024","June","13","1319","EDT","W","Freshwater","F4","50","432","1",NA,"Within Range","Within Range",2,17320,0,708,NA,"D4_PM",NA
"Varian GC","A. Stearns","20240828","2024","June","13","1322","EDT","G","Freshwater","F4","ATM","433","1",NA,"Within Range","Within Range",2,638,0,1,NA,"D4_PM",NA
"Varian GC","A. Stearns","20240828","2024","June","13","1325","EDT","W","Freshwater","H3","10","434","1",NA,"Within Range","Within Range",2,4020,0,164,NA,"D4_PM",NA
"Varian GC","A. Stearns","20240828","2024","June","13","1325","EDT","W","Freshwater","H3","20","435","1",NA,"Within Range","Within Range",2,5798,0,237,NA,"D4_PM",NA
"Varian GC","A. Stearns","20240828","2024","June","13","1326","EDT","W","Freshwater","H3","35","436","1",NA,"Within Range","Within Range",2,16996,0,695,NA,"D4_PM",NA
"Varian GC","A. Stearns","20240828","2024","June","13","1326","EDT","W","Freshwater","H3","50","437","1",NA,"Within Range","Within Range",2,13982,0,571,NA,"D4_PM",NA
"Varian GC","A. Stearns","20240828","2024","June","13","1332","EDT","W","Freshwater","H6","10","438","1",NA,"Within Range","Within Range",2,4643,0,190,NA,"D4_PM",NA
"Varian GC","A. Stearns","20240828","2024","June","13","1332","EDT","W","Freshwater","H6","20","439","1",NA,"Within Range","Within Range",2,9383,0,384,NA,"D4_PM",NA
"Varian GC","A. Stearns","20240828","2024","June","13","1334","EDT","W","Freshwater","H6","35","440","1",NA,"Within Range","Within Range",2,9495,0,388,NA,"D4_PM",NA
"Varian GC","A. Stearns","20240828","2024","June","13","1334","EDT","W","Freshwater","H6","50","441","1",NA,"Within Range","Within Range",2,13810,0,564,NA,"D4_PM",NA
"Varian GC","A. Stearns","20240829","2024","June","14","931","EDT","G","Control","C3","10","442","1",NA,"Within Range","Within Range",1,4348,0,4,NA,"D5_AM",NA
"Varian GC","A. Stearns","20240829","2024","June","14","932","EDT","G","Control","C3","20","443","1",NA,"Within Range","Within Range",1,8581,0,7,NA,"D5_AM",NA
"Varian GC","A. Stearns","20240829","2024","June","14","934","EDT","G","Control","C3","35","444","1",NA,"Within Range","Within Range",0,12966,0,11,NA,"D5_AM",NA
"Varian GC","A. Stearns","20240829","2024","June","14","934","EDT","G","Control","C3","50","445","1",NA,"Within Range","Within Range",0,22284,0,18,NA,"D5_AM",NA
"Varian GC","A. Stearns","20240829","2024","June","14","936","EDT","G","Control","C6","10","446","1",NA,"Within Range","Within Range",1,6312,0,5,NA,"D5_AM",NA
"Varian GC","A. Stearns","20240829","2024","June","14","937","EDT","G","Control","C6","20","447","1",NA,"Within Range","Within Range",1,14437,0,12,NA,"D5_AM",NA
"Varian GC","A. Stearns","20240829","2024","June","14","936","EDT","G","Control","C6","35","448","1",NA,"Within Range","Within Range",0,15702,0,13,NA,"D5_AM",NA
"Varian GC","A. Stearns","20240829","2024","June","14","937","EDT","G","Control","C6","50","449","1",NA,"Within Range","Within Range",0,17395,0,14,NA,"D5_AM",NA
"Varian GC","A. Stearns","20240829","2024","June","14","939","EDT","G","Control","F4","10","450","1",NA,"Within Range","Within Range",1,3640,0,3,NA,"D5_AM",NA
"Varian GC","A. Stearns","20240829","2024","June","14","940","EDT","G","Control","F4","20","451","1",NA,"Within Range","Within Range",1,10043,0,8,NA,"D5_AM",NA
"Varian GC","A. Stearns","20240829","2024","June","14","939","EDT","G","Control","F4","35","452","1",NA,"Within Range","Within Range",0,10689,0,9,NA,"D5_AM",NA
"Varian GC","A. Stearns","20240829","2024","June","14","940","EDT","G","Control","F4","50","453","1",NA,"Within Range","Within Range",0,17047,0,14,NA,"D5_AM",NA
"Varian GC","A. Stearns","20240829","2024","June","14","941","EDT","G","Control","F4","ATM","454","1",NA,"Within Range","Within Range",2,4678,0,4,NA,"D5_AM",NA
"Varian GC","A. Stearns","20240829","2024","June","14","944","EDT","G","Control","H3","10","455","1",NA,"Within Range","Within Range",1,5749,0,5,NA,"D5_AM",NA
"Varian GC","A. Stearns","20240829","2024","June","14","947","EDT","G","Control","H3","20","456","1",NA,"Within Range","Within Range",0,11829,0,10,NA,"D5_AM",NA
"Varian GC","A. Stearns","20240829","2024","June","14","946","EDT","G","Control","H3","35","457","1",NA,"Within Range","Within Range",0,16129,0,13,NA,"D5_AM",NA
"Varian GC","A. Stearns","20240829","2024","June","14","947","EDT","G","Control","H3","50","458","1",NA,"Within Range","Within Range",0,20423,0,17,NA,"D5_AM",NA
"Varian GC","A. Stearns","20240829","2024","June","14","948","EDT","G","Control","H6","10","459","1",NA,"Within Range","Within Range",1,3516,0,3,NA,"D5_AM",NA
"Varian GC","A. Stearns","20240829","2024","June","14","949","EDT","G","Control","H6","20","460","1",NA,"Within Range","Within Range",0,10012,0,8,NA,"D5_AM",NA
"Varian GC","A. Stearns","20240829","2024","June","14","950","EDT","G","Control","H6","35","461","1",NA,"Within Range","Within Range",0,18027,0,15,NA,"D5_AM",NA
"Varian GC","A. Stearns","20240829","2024","June","14","951","EDT","G","Control","H6","50","462","1",NA,"Within Range","Within Range",0,17922,0,15,NA,"D5_AM",NA
"Varian GC","A. Stearns","20240829","2024","June","14","853","EDT","G","Saltwater","C3","10","463","1",NA,"Within Range","Within Range",2,15471,0,13,NA,"D5_AM",NA
"Varian GC","A. Stearns","20240829","2024","June","14","855","EDT","G","Saltwater","C3","20","464","1",NA,"Within Range","Within Range",2,20375,0,17,NA,"D5_AM",NA
"Varian GC","A. Stearns","20240829","2024","June","14","854","EDT","G","Saltwater","C3","35","465","1",NA,"Within Range","Within Range",4,37238,0,30,NA,"D5_AM",NA
"Varian GC","A. Stearns","20240829","2024","June","14","855","EDT","W","Saltwater","C3","50","466","1",NA,"Within Range","Within Range",4,21002,0,858,NA,"D5_AM",NA
"Varian GC","A. Stearns","20240829","2024","June","14","901","EDT","G","Saltwater","C6","10","467","1",NA,"Within Range","Within Range",3,11111,0,9,NA,"D5_AM",NA
"Varian GC","A. Stearns","20240829","2024","June","14","903","EDT","G","Saltwater","C6","20","468","1",NA,"Within Range","Within Range",12,38362,0,31,NA,"D5_AM",NA
"Varian GC","A. Stearns","20240829","2024","June","14","902","EDT","W","Saltwater","C6","35","469","1",NA,"Within Range","Within Range",4,17825,0,729,NA,"D5_AM",NA
"Varian GC","A. Stearns","20240829","2024","June","14","903","EDT","W","Saltwater","C6","50","470","1",NA,"Within Range","Within Range",4,20636,0,843,NA,"D5_AM",NA
"Varian GC","A. Stearns","20240829","2024","June","14","907","EDT","G","Saltwater","F4","10","471","1",NA,"Within Range","Within Range",3,27126,0,22,NA,"D5_AM",NA
"Varian GC","A. Stearns","20240829","2024","June","14","908","EDT","G","Saltwater","F4","20","472","1",NA,"Within Range","Within Range",3,30720,0,25,NA,"D5_AM",NA
"Varian GC","A. Stearns","20240829","2024","June","14","907","EDT","W","Saltwater","F4","35","473","1",NA,"Within Range","Within Range",2,22726,0,929,NA,"D5_AM",NA
"Varian GC","A. Stearns","20240829","2024","June","14","909","EDT","W","Saltwater","F4","50","474","1",NA,"Within Range","Within Range",3,24522,0,1002,NA,"D5_AM",NA
"Varian GC","A. Stearns","20240829","2024","June","14","909","EDT","G","Saltwater","F4","ATM","475","1",NA,"Within Range","Within Range",2,475,0,0,NA,"D5_AM",NA
"Varian GC","A. Stearns","20240829","2024","June","14","915","EDT","G","Saltwater","H3","10","476","1",NA,"Within Range","Within Range",2,5896,0,5,NA,"D5_AM",NA
"Varian GC","A. Stearns","20240829","2024","June","14","917","EDT","G","Saltwater","H3","20","477","1",NA,"Within Range","Within Range",2,33945,0,28,NA,"D5_AM",NA
"Varian GC","A. Stearns","20240829","2024","June","14","916","EDT","G","Saltwater","H3","35","478","1",NA,"Within Range","Within Range",6,36058,0,29,NA,"D5_AM",NA
"Varian GC","A. Stearns","20240829","2024","June","14","918","EDT","W","Saltwater","H3","50","479","1",NA,"Within Range","Within Range",2,16442,0,672,NA,"D5_AM",NA
"Varian GC","A. Stearns","20240829","2024","June","14","922","EDT","G","Saltwater","H6","10","480","1",NA,"Within Range","Needs Dilution",5,52060,0,43,NA,"D5_AM",NA
"Varian GC","A. Stearns","20240829","2024","June","14","925","EDT","G","Saltwater","H6","20","481","1",NA,"Within Range","Within Range",3,40596,0,33,NA,"D5_AM",NA
"Varian GC","A. Stearns","20240829","2024","June","14","925","EDT","W","Saltwater","H6","35","482","1",NA,"Within Range","Within Range",2,22095,0,903,NA,"D5_AM",NA
"Varian GC","A. Stearns","20240829","2024","June","14","926","EDT","W","Saltwater","H6","50","483","1",NA,"Within Range","Within Range",2,22347,0,913,NA,"D5_AM",NA
"Varian GC","A. Stearns","20240829","2024","June","14","818","EDT","G","Freshwater","C3","10","484","1",NA,"Within Range","Within Range",1,22320,0,18,NA,"D5_AM",NA
"Varian GC","A. Stearns","20240829","2024","June","14","819","EDT","G","Freshwater","C3","20","485","1",NA,"Within Range","Within Range",2,7813,0,6,NA,"D5_AM",NA
"Varian GC","A. Stearns","20240829","2024","June","14","819","EDT","W","Freshwater","C3","35","486","1",NA,"Within Range","Within Range",1,16814,0,687,NA,"D5_AM",NA
"Varian GC","A. Stearns","20240829","2024","June","14","820","EDT","W","Freshwater","C3","50","487","1",NA,"Within Range","Within Range",2,15878,0,649,NA,"D5_AM",NA
"Varian GC","A. Stearns","20240829","2024","June","14","827","EDT","G","Freshwater","C6","10","488","1",NA,"Within Range","Within Range",1,39519,0,32,NA,"D5_AM",NA
"Varian GC","A. Stearns","20240829","2024","June","14","828","EDT","G","Freshwater","C6","20","489","1",NA,"Within Range","Needs Dilution",1,51658,0,42,NA,"D5_AM",NA
"Varian GC","A. Stearns","20240829","2024","June","14","827","EDT","G","Freshwater","C6","35","490","1",NA,"Within Range","Within Range",1,39719,0,32,NA,"D5_AM",NA
"Varian GC","A. Stearns","20240829","2024","June","14","828","EDT","G","Freshwater","C6","50","491","1",NA,"Within Range","Within Range",0,46271,0,38,NA,"D5_AM",NA
"Varian GC","A. Stearns","20240829","2024","June","14","831","EDT","G","Freshwater","F4","10","492","1",NA,"Within Range","Within Range",1,13450,0,11,NA,"D5_AM",NA
"Varian GC","A. Stearns","20240829","2024","June","14","833","EDT","W","Freshwater","F4","20","493","1",NA,"Within Range","Within Range",1,35664,0,1458,NA,"D5_AM",NA
"Varian GC","A. Stearns","20240829","2024","June","14","832","EDT","W","Freshwater","F4","35","494","1",NA,"Within Range","Within Range",2,13723,0,561,NA,"D5_AM",NA
"Varian GC","A. Stearns","20240829","2024","June","14","833","EDT","W","Freshwater","F4","50","495","1",NA,"Within Range","Within Range",2,17894,0,731,NA,"D5_AM",NA
"Varian GC","A. Stearns","20240829","2024","June","14","839","EDT","G","Freshwater","F4","ATM","496","1",NA,"Within Range","Within Range",2,433,0,0,NA,"D5_AM",NA
"Varian GC","A. Stearns","20240829","2024","June","14","841","EDT","G","Freshwater","H3","10","497","1",NA,"Within Range","Within Range",1,14353,0,12,NA,"D5_AM",NA
"Varian GC","A. Stearns","20240829","2024","June","14","842","EDT","G","Freshwater","H3","20","498","1",NA,"Within Range","Within Range",2,13442,0,11,NA,"D5_AM",NA
"Varian GC","A. Stearns","20240829","2024","June","14","841","EDT","G","Freshwater","H3","35","499","1",NA,"Within Range","Within Range",1,35958,0,29,NA,"D5_AM",NA
"Varian GC","A. Stearns","20240829","2024","June","14","842","EDT","W","Freshwater","H3","50","500","1",NA,"Within Range","Within Range",2,16258,0,665,NA,"D5_AM",NA
"Varian GC","A. Stearns","20240829","2024","June","14","847","EDT","G","Freshwater","H6","10","501","1",NA,"Within Range","Within Range",1,20786,0,17,NA,"D5_AM",NA
"Varian GC","A. Stearns","20240829","2024","June","14","848","EDT","G","Freshwater","H6","20","502","1",NA,"Within Range","Within Range",1,30669,0,25,NA,"D5_AM",NA
"Varian GC","A. Stearns","20240829","2024","June","14","847","EDT","G","Freshwater","H6","35","503","1",NA,"Within Range","Within Range",1,12156,0,10,NA,"D5_AM",NA
"Varian GC","A. Stearns","20240829","2024","June","14","848","EDT","G","Freshwater","H6","50","504","1",NA,"Within Range","Within Range",1,14235,0,12,NA,"D5_AM",NA
"Varian GC","A. Stearns","20240828","2024","June","14","1414","EDT","G","Control","C3","10","505","1",NA,"Within Range","Within Range",1,4361,0,4,NA,"D5_PM",NA
"Varian GC","A. Stearns","20240828","2024","June","14","1415","EDT","G","Control","C3","20","506","1",NA,"Within Range","Within Range",1,7702,0,6,NA,"D5_PM",NA
"Varian GC","A. Stearns","20240828","2024","June","14","1416","EDT","G","Control","C3","35","507","1",NA,"Within Range","Within Range",0,11862,0,10,NA,"D5_PM",NA
"Varian GC","A. Stearns","20240828","2024","June","14","1417","EDT","G","Control","C3","50","508","1",NA,"Within Range","Within Range",0,22314,0,18,NA,"D5_PM",NA
"Varian GC","A. Stearns","20240828","2024","June","14","1418","EDT","G","Control","C6","10","509","1",NA,"Within Range","Within Range",1,5592,0,5,NA,"D5_PM",NA
"Varian GC","A. Stearns","20240828","2024","June","14","1419","EDT","G","Control","C6","20","510","1",NA,"Within Range","Within Range",1,13645,0,11,NA,"D5_PM",NA
"Varian GC","A. Stearns","20240828","2024","June","14","1420","EDT","G","Control","C6","35","511","1",NA,"Within Range","Within Range",0,14769,0,12,NA,"D5_PM",NA
"Varian GC","A. Stearns","20240828","2024","June","14","1421","EDT","G","Control","C6","50","512","1",NA,"Within Range","Within Range",0,15780,0,13,NA,"D5_PM",NA
"Varian GC","A. Stearns","20240828","2024","June","14","1424","EDT","G","Control","F4","10","513","1",NA,"Within Range","Within Range",1,3258,0,3,NA,"D5_PM",NA
"Varian GC","A. Stearns","20240828","2024","June","14","1425","EDT","G","Control","F4","20","514","1",NA,"Within Range","Within Range",0,10095,0,8,NA,"D5_PM",NA
"Varian GC","A. Stearns","20240828","2024","June","14","1426","EDT","G","Control","F4","35","515","1",NA,"Within Range","Within Range",0,10174,0,8,NA,"D5_PM",NA
"Varian GC","A. Stearns","20240828","2024","June","14","1427","EDT","G","Control","F4","50","516","1",NA,"Within Range","Within Range",0,16158,0,13,NA,"D5_PM",NA
"Varian GC","A. Stearns","20240828","2024","June","14","1428","EDT","G","Control","F4","ATM","517","1",NA,"Within Range","Within Range",2,391,0,0,NA,"D5_PM",NA
"Varian GC","A. Stearns","20240828","2024","June","14","1430","EDT","G","Control","H3","10","518","1",NA,"Within Range","Within Range",1,5240,0,4,NA,"D5_PM",NA
"Varian GC","A. Stearns","20240828","2024","June","14","1431","EDT","G","Control","H3","20","519","1",NA,"Within Range","Within Range",0,11514,0,9,NA,"D5_PM",NA
"Varian GC","A. Stearns","20240828","2024","June","14","1432","EDT","G","Control","H3","35","520","1",NA,"Within Range","Within Range",0,15501,0,13,NA,"D5_PM",NA
"Varian GC","A. Stearns","20240828","2024","June","14","1433","EDT","G","Control","H3","50","521","1",NA,"Within Range","Within Range",0,19499,0,16,NA,"D5_PM",NA
"Varian GC","A. Stearns","20240828","2024","June","14","1434","EDT","G","Control","H6","10","522","1",NA,"Within Range","Within Range",1,3054,0,2,NA,"D5_PM",NA
"Varian GC","A. Stearns","20240828","2024","June","14","1435","EDT","G","Control","H6","20","523","1",NA,"Within Range","Within Range",0,9739,0,8,NA,"D5_PM",NA
"Varian GC","A. Stearns","20240828","2024","June","14","1436","EDT","G","Control","H6","35","524","1",NA,"Within Range","Within Range",0,17642,0,14,NA,"D5_PM",NA
"Varian GC","A. Stearns","20240828","2024","June","14","1437","EDT","G","Control","H6","50","525","1",NA,"Within Range","Within Range",0,17694,0,14,NA,"D5_PM",NA
"Varian GC","A. Stearns","20240828","2024","June","14","1338","EDT","G","Saltwater","C3","10","526","1",NA,"Within Range","Within Range",2,16822,0,14,NA,"D5_PM",NA
"Varian GC","A. Stearns","20240828","2024","June","14","1339","EDT","G","Saltwater","C3","20","527","1",NA,"Within Range","Within Range",2,20889,0,17,NA,"D5_PM",NA
"Varian GC","A. Stearns","20240828","2024","June","14","1340","EDT","G","Saltwater","C3","35","528","1",NA,"Within Range","Within Range",3,37019,0,30,NA,"D5_PM",NA
"Varian GC","A. Stearns","20240828","2024","June","14","1341","EDT","W","Saltwater","C3","50","529","1",NA,"Within Range","Within Range",2,15087,0,617,NA,"D5_PM",NA
"Varian GC","A. Stearns","20240828","2024","June","14","1342","EDT","G","Saltwater","C6","10","530","1",NA,"Within Range","Within Range",2,10587,0,9,NA,"D5_PM",NA
"Varian GC","A. Stearns","20240828","2024","June","14","1344","EDT","G","Saltwater","C6","20","531","1",NA,"Within Range","Within Range",6,45154,0,37,NA,"D5_PM",NA
"Varian GC","A. Stearns","20240828","2024","June","14","1346","EDT","W","Saltwater","C6","35","532","1",NA,"Within Range","Within Range",3,20728,0,847,NA,"D5_PM",NA
"Varian GC","A. Stearns","20240828","2024","June","14","1346","EDT","W","Saltwater","C6","50","533","1",NA,"Within Range","Within Range",3,19588,0,801,NA,"D5_PM",NA
"Varian GC","A. Stearns","20240828","2024","June","14","1354","EDT","G","Saltwater","F4","10","534","1",NA,"Within Range","Within Range",2,27524,0,22,NA,"D5_PM",NA
"Varian GC","A. Stearns","20240828","2024","June","14","1355","EDT","G","Saltwater","F4","20","535","1",NA,"Within Range","Within Range",2,36249,0,30,NA,"D5_PM",NA
"Varian GC","A. Stearns","20240828","2024","June","14","1356","EDT","G","Saltwater","F4","35","536","1",NA,"Within Range","Within Range",2,24699,0,20,NA,"D5_PM",NA
"Varian GC","A. Stearns","20240828","2024","June","14","1358","EDT","W","Saltwater","F4","50","537","1",NA,"Within Range","Within Range",2,22554,0,922,NA,"D5_PM",NA
"Varian GC","A. Stearns","20240828","2024","June","14","1357","EDT","G","Saltwater","F4","ATM","538","1",NA,"Within Range","Within Range",2,380,0,0,NA,"D5_PM",NA
"Varian GC","A. Stearns","20240828","2024","June","14","1358","EDT","G","Saltwater","H3","10","539","1",NA,"Within Range","Within Range",1,6275,0,5,NA,"D5_PM",NA
"Varian GC","A. Stearns","20240828","2024","June","14","1359","EDT","G","Saltwater","H3","20","540","1",NA,"Within Range","Within Range",2,34108,0,28,NA,"D5_PM",NA
"Varian GC","A. Stearns","20240828","2024","June","14","1400","EDT","G","Saltwater","H3","35","541","1",NA,"Within Range","Within Range",3,35781,0,29,NA,"D5_PM",NA
"Varian GC","A. Stearns","20240828","2024","June","14","1401","EDT","G","Saltwater","H3","50","542","1",NA,"Within Range","Within Range",3,28165,0,23,NA,"D5_PM",NA
"Varian GC","A. Stearns","20240828","2024","June","14","1403","EDT","G","Saltwater","H6","10","543","1",NA,"Within Range","Needs Dilution",3,55223,0,45,NA,"D5_PM",NA
"Varian GC","A. Stearns","20240828","2024","June","14","1405","EDT","G","Saltwater","H6","20","544","1",NA,"Within Range","Needs Dilution",4,52651,0,43,NA,"D5_PM",NA
"Varian GC","A. Stearns","20240828","2024","June","14","1407","EDT","G","Saltwater","H6","35","545","1",NA,"Within Range","Within Range",2,39600,0,32,NA,"D5_PM",NA
"Varian GC","A. Stearns","20240828","2024","June","14","1409","EDT","W","Saltwater","H6","50","546","1",NA,"Within Range","Within Range",2,27042,0,1105,NA,"D5_PM",NA
"Varian GC","A. Stearns","20240828","2024","June","14","1311","EDT","G","Freshwater","C3","10","547","1",NA,"Within Range","Within Range",1,30094,0,25,NA,"D5_PM",NA
"Varian GC","A. Stearns","20240828","2024","June","14","1312","EDT","G","Freshwater","C3","20","548","1",NA,"Within Range","Within Range",1,16625,0,14,NA,"D5_PM",NA
"Varian GC","A. Stearns","20240828","2024","June","14","1313","EDT","G","Freshwater","C3","35","549","1",NA,"Within Range","Within Range",1,22125,0,18,NA,"D5_PM",NA
"Varian GC","A. Stearns","20240828","2024","June","14","1314","EDT","W","Freshwater","C3","50","550","1",NA,"Within Range","Within Range",2,17104,0,699,NA,"D5_PM",NA
"Varian GC","A. Stearns","20240828","2024","June","14","1315","EDT","G","Freshwater","C6","10","551","1",NA,"Within Range","Within Range",0,48088,0,39,NA,"D5_PM",NA
"Varian GC","A. Stearns","20240828","2024","June","14","1315","EDT","G","Freshwater","C6","20","552","1",NA,"Within Range","Needs Dilution",0,52893,0,43,NA,"D5_PM",NA
"Varian GC","A. Stearns","20240828","2024","June","14","1316","EDT","G","Freshwater","C6","35","553","1",NA,"Within Range","Within Range",1,30071,0,25,NA,"D5_PM",NA
"Varian GC","A. Stearns","20240828","2024","June","14","1316","EDT","G","Freshwater","C6","50","554","1",NA,"Within Range","Within Range",0,48771,0,40,NA,"D5_PM",NA
"Varian GC","A. Stearns","20240828","2024","June","14","1317","EDT","G","Freshwater","F4","10","555","1",NA,"Within Range","Within Range",1,13015,0,11,NA,"D5_PM",NA
"Varian GC","A. Stearns","20240828","2024","June","14","1318","EDT","G","Freshwater","F4","20","556","1",NA,"Within Range","Within Range",1,41351,0,34,NA,"D5_PM",NA
"Varian GC","A. Stearns","20240828","2024","June","14","1319","EDT","G","Freshwater","F4","35","557","1",NA,"Within Range","Within Range",1,22080,0,18,NA,"D5_PM",NA
"Varian GC","A. Stearns","20240828","2024","June","14","1329","EDT","W","Freshwater","F4","50","558","1",NA,"Within Range","Within Range",1,20118,0,822,NA,"D5_PM",NA
"Varian GC","A. Stearns","20240828","2024","June","14","1321","EDT","G","Freshwater","F4","ATM","559","1",NA,"Within Range","Within Range",2,655,0,1,NA,"D5_PM",NA
"Varian GC","A. Stearns","20240828","2024","June","14","1327","EDT","G","Freshwater","H3","10","560","1",NA,"Within Range","Within Range",1,15686,0,13,NA,"D5_PM",NA
"Varian GC","A. Stearns","20240828","2024","June","14","1328","EDT","G","Freshwater","H3","20","561","1",NA,"Within Range","Within Range",1,16235,0,13,NA,"D5_PM",NA
"Varian GC","A. Stearns","20240828","2024","June","14","1329","EDT","G","Freshwater","H3","35","562","1",NA,"Within Range","Within Range",1,33347,0,27,NA,"D5_PM",NA
"Varian GC","A. Stearns","20240828","2024","June","14","1330","EDT","W","Freshwater","H3","50","563","1",NA,"Within Range","Within Range",2,17605,0,720,NA,"D5_PM",NA
"Varian GC","A. Stearns","20240828","2024","June","14","1331","EDT","G","Freshwater","H6","10","564","1",NA,"Within Range","Within Range",1,23277,0,19,NA,"D5_PM",NA
"Varian GC","A. Stearns","20240828","2024","June","14","1332","EDT","G","Freshwater","H6","20","565","1",NA,"Within Range","Within Range",1,34886,0,29,NA,"D5_PM",NA
"Varian GC","A. Stearns","20240828","2024","June","14","1333","EDT","G","Freshwater","H6","35","566","1",NA,"Within Range","Within Range",1,12101,0,10,NA,"D5_PM",NA
"Varian GC","A. Stearns","20240828","2024","June","14","1334","EDT","G","Freshwater","H6","50","567","1",NA,"Within Range","Within Range",2,6685,0,5,NA,"D5_PM",NA
"Varian GC","Stearns","20240715","2024","July","12","1139","EDT","G","Control","C3","10","1","1",NA,"Within Range","Within Range",3,3907,173,243584,NA,NA,NA
"Varian GC","Stearns","20240715","2024","July","12","1141","EDT","G","Control","C3","20","2","1",NA,"Within Range","Within Range",2,7403,140,461519,NA,NA,NA
"Varian GC","Stearns","20240715","2024","July","12","1142","EDT","G","Control","C3","35","3","1",NA,"Within Range","Within Range",2,9889,126,616535,NA,NA,NA
"Varian GC","Stearns","20240715","2024","July","12","1143","EDT","G","Control","C3","50","4","1",NA,"Within Range","Within Range",2,15877,117,989828,NA,NA,NA
"Varian GC","Stearns","20240715","2024","July","12","1151","EDT","G","Control","C6","10","5","1",NA,"Within Range","Within Range",3,7173,183,447185,NA,NA,NA
"Varian GC","Stearns","20240715","2024","July","12","1152","EDT","G","Control","C6","20","6","1",NA,"Within Range","Within Range",3,16286,162,1015337,NA,NA,NA
"Varian GC","Stearns","20240715","2024","July","12","1152","EDT","G","Control","C6","35","7","1",NA,"Within Range","Within Range",2,15346,134,956719,NA,NA,NA
"Varian GC","Stearns","20240715","2024","July","12","1153","EDT","G","Control","C6","50","8","1",NA,"Within Range","Within Range",2,16508,124,1029158,NA,NA,NA
"Varian GC","Stearns","20240715","2024","July","12","1143","EDT","G","Control","F4","10","9","1",NA,"Within Range","Within Range",3,3025,167,188585,NA,NA,NA
"Varian GC","Stearns","20240715","2024","July","12","1144","EDT","G","Control","F4","20","10","1",NA,"Within Range","Within Range",2,6814,136,424806,NA,NA,NA
"Varian GC","Stearns","20240715","2024","July","12","1145","EDT","G","Control","F4","35","11","1",NA,"Within Range","Within Range",2,7781,127,485088,NA,NA,NA
"Varian GC","Stearns","20240715","2024","July","12","1145","EDT","G","Control","F4","50","12","1",NA,"Within Range","Within Range",2,11355,114,707940,NA,NA,NA
"Varian GC","Stearns","20240715","2024","July","12","1146","EDT","G","Control","F4","ATM","13","1",NA,"Within Range","Within Range",3,502,202,31277,NA,NA,NA
"Varian GC","Stearns","20240715","2024","July","12","1136","EDT","G","Control","H3","10","14","1",NA,"Within Range","Within Range",2,3975,148,247834,NA,NA,NA
"Varian GC","Stearns","20240715","2024","July","12","1137","EDT","G","Control","H3","20","15","1",NA,"Within Range","Within Range",2,6790,122,423331,NA,NA,NA
"Varian GC","Stearns","20240715","2024","July","12","1138","EDT","G","Control","H3","35","16","1",NA,"Within Range","Within Range",2,9198,132,573423,NA,NA,NA
"Varian GC","Stearns","20240715","2024","July","12","1139","EDT","G","Control","H3","50","17","1",NA,"Within Range","Within Range",2,11466,110,714860,NA,NA,NA
"Varian GC","Stearns","20240715","2024","July","12","1147","EDT","G","Control","H6","10","18","1",NA,"Within Range","Within Range",2,2790,155,173946,NA,NA,NA
"Varian GC","Stearns","20240715","2024","July","12","1148","EDT","G","Control","H6","20","19","1",NA,"Within Range","Within Range",2,7498,114,467468,NA,NA,NA
"Varian GC","Stearns","20240715","2024","July","12","1149","EDT","G","Control","H6","35","20","1",NA,"Within Range","Within Range",1,12970,91,808597,NA,NA,NA
"Varian GC","Stearns","20240715","2024","July","12","1150","EDT","G","Control","H6","50","21","1",NA,"Within Range","Within Range",1,13866,91,864442,NA,NA,NA
"Varian GC","Stearns","20240715","2024","July","12","1157","EDT","G","Saltwater","C3","10","22","1",NA,"Within Range","Within Range",3,7740,194,482546,NA,NA,NA
"Varian GC","Stearns","20240715","2024","July","12","1158","EDT","G","Saltwater","C3","20","23","1",NA,"Within Range","Within Range",3,20580,190,1283039,NA,NA,NA
"Varian GC","Stearns","20240715","2024","July","12","1159","EDT","G","Saltwater","C3","35","24","1",NA,"Within Range","Within Range",3,24465,187,1525240,NA,NA,NA
"Varian GC","Stearns","20240715","2024","July","12","1200","EDT","G","Saltwater","C3","50","25","1",NA,"Within Range","Within Range",3,37770,189,2354745,NA,NA,NA
"Varian GC","Stearns","20240715","2024","July","12","1214","EDT","G","Saltwater","C6","10","26","1",NA,"Within Range","Within Range",3,10690,199,666461,NA,NA,NA
"Varian GC","Stearns","20240715","2024","July","12","1215","EDT","G","Saltwater","C6","20","27","1",NA,"Within Range","Within Range",3,20192,183,1258832,NA,NA,NA
"Varian GC","Stearns","20240715","2024","July","12","1216","EDT","G","Saltwater","C6","35","28","1",NA,"Within Range","Within Range",3,22626,203,1410580,"a little water in tube ~10mL; cleared and took sample",NA,NA
"Varian GC","Stearns","20240715","2024","July","12","1217","EDT","G","Saltwater","C6","50","29","1",NA,"Within Range","Within Range",3,26113,195,1627982,"a little water in tube ~10mL; cleared and took sample",NA,NA
"Varian GC","Stearns","20240715","2024","July","12","1202","EDT","G","Saltwater","F4","10","30","1",NA,"Within Range","Within Range",3,15175,179,946042,NA,NA,NA
"Varian GC","Stearns","20240715","2024","July","12","1203","EDT","G","Saltwater","F4","20","31","1",NA,"Within Range","Within Range",2,30494,153,1901123,NA,NA,NA
"Varian GC","Stearns","20240715","2024","July","12","1203","EDT","G","Saltwater","F4","35","32","1",NA,"Within Range","Within Range",3,35984,163,2243386,NA,NA,NA
"Varian GC","Stearns","20240715","2024","July","12","1204","EDT","G","Saltwater","F4","50","33","1",NA,"Within Range","Within Range",3,47086,157,2935512,NA,NA,NA
"Varian GC","Stearns","20240715","2024","July","12","1205","EDT","G","Saltwater","F4","ATM","34","1",NA,"Within Range","Within Range",3,553,211,34446,NA,NA,NA
"Varian GC","Stearns","20240715","2024","July","12","1206","EDT","G","Saltwater","H3","10","35","1",NA,"Within Range","Within Range",3,7774,190,484640,NA,NA,NA
"Varian GC","Stearns","20240715","2024","July","12","1207","EDT","G","Saltwater","H3","20","36","1",NA,"Within Range","Within Range",3,23466,178,1462957,NA,NA,NA
"Varian GC","Stearns","20240715","2024","July","12","1208","EDT","G","Saltwater","H3","35","37","1",NA,"Within Range","Within Range",3,31637,176,1972361,NA,NA,NA
"Varian GC","Stearns","20240715","2024","July","12","1209","EDT","G","Saltwater","H3","50","38","1",NA,"Within Range","Within Range",3,33459,177,2085987,NA,NA,NA
"Varian GC","Stearns","20240715","2024","July","12","1210","EDT","G","Saltwater","H6","10","39","1",NA,"Within Range","Within Range",3,28698,163,1789155,NA,NA,NA
"Varian GC","Stearns","20240715","2024","July","12","1211","EDT","G","Saltwater","H6","20","40","1",NA,"Within Range","Within Range",3,39920,169,2488805,NA,NA,NA
"Varian GC","Stearns","20240715","2024","July","12","1212","EDT","G","Saltwater","H6","35","41","1",NA,"Within Range","Within Range",3,40682,177,2536290,NA,NA,NA
"Varian GC","Stearns","20240715","2024","July","12","1213","EDT","G","Saltwater","H6","50","42","1",NA,"Within Range","Within Range",3,42874,179,2672972,"a little water in tube ~10mL; cleared and took sample",NA,NA
"Varian GC","Stearns","20240715","2024","July","12","1224","EDT","G","Freshwater","C3","10","43","1",NA,"Within Range","Within Range",3,4650,157,289896,NA,NA,NA
"Varian GC","Stearns","20240715","2024","July","12","1225","EDT","G","Freshwater","C3","20","44","1",NA,"Within Range","Within Range",2,9854,123,614370,NA,NA,NA
"Varian GC","Stearns","20240715","2024","July","12","1226","EDT","G","Freshwater","C3","35","45","1",NA,"Within Range","Within Range",2,13440,119,837897,NA,NA,NA
"Varian GC","Stearns","20240715","2024","July","12","1227","EDT","G","Freshwater","C3","50","46","1",NA,"Within Range","Within Range",1,19825,91,1235955,NA,NA,NA
"Varian GC","Stearns","20240715","2024","July","12","1219","EDT","G","Freshwater","C6","10","47","1",NA,"Within Range","Within Range",2,5188,155,323410,NA,NA,NA
"Varian GC","Stearns","20240715","2024","July","12","1220","EDT","G","Freshwater","C6","20","48","1",NA,"Within Range","Within Range",2,9588,121,597748,NA,NA,NA
"Varian GC","Stearns","20240715","2024","July","12","1221","EDT","G","Freshwater","C6","35","49","1",NA,"Within Range","Within Range",1,15031,91,937109,NA,NA,NA
"Varian GC","Stearns","20240715","2024","July","12","1222","EDT","G","Freshwater","C6","50","50","1",NA,"Within Range","Within Range",1,20854,91,1300108,NA,NA,NA
"Varian GC","Stearns","20240715","2024","July","12","1228","EDT","G","Freshwater","F4","10","51","1",NA,"Within Range","Within Range",3,4801,161,299340,NA,NA,NA
"Varian GC","Stearns","20240715","2024","July","12","1229","EDT","G","Freshwater","F4","20","52","1",NA,"Within Range","Within Range",2,10618,118,661942,NA,NA,NA
"Varian GC","Stearns","20240715","2024","July","12","1230","EDT","G","Freshwater","F4","35","53","1",NA,"Within Range","Within Range",2,12780,111,796776,NA,NA,NA
"Varian GC","Stearns","20240715","2024","July","12","1232","EDT","G","Freshwater","F4","50","54","1",NA,"Within Range","Within Range",2,21645,110,1349463,NA,NA,NA
"Varian GC","Stearns","20240715","2024","July","12","1234","EDT","G","Freshwater","F4","ATM","55","1",NA,"Within Range","Within Range",3,452,214,28175,NA,NA,NA
"Varian GC","Stearns","20240715","2024","July","12","1235","EDT","G","Freshwater","H3","10","56","1",NA,"Within Range","Within Range",3,3797,179,236749,NA,NA,NA
"Varian GC","Stearns","20240715","2024","July","12","1236","EDT","G","Freshwater","H3","20","57","1",NA,"Within Range","Within Range",2,7901,128,492594,NA,NA,NA
"Varian GC","Stearns","20240715","2024","July","12","1237","EDT","G","Freshwater","H3","35","58","1",NA,"Within Range","Within Range",2,9593,125,598064,NA,NA,NA
"Varian GC","Stearns","20240715","2024","July","12","1238","EDT","G","Freshwater","H3","50","59","1",NA,"Within Range","Within Range",2,13074,118,815083,NA,NA,NA
"Varian GC","Stearns","20240715","2024","July","12","1239","EDT","G","Freshwater","H6","10","60","1",NA,"Within Range","Within Range",3,5255,174,327607,NA,NA,NA
"Varian GC","Stearns","20240715","2024","July","12","1240","EDT","G","Freshwater","H6","20","61","1",NA,"Within Range","Within Range",2,8555,127,533339,NA,NA,NA
"Varian GC","Stearns","20240715","2024","July","12","1241","EDT","G","Freshwater","H6","35","62","1",NA,"Within Range","Within Range",2,11673,125,727773,NA,NA,NA
"Varian GC","Stearns","20240715","2024","July","12","1242","EDT","G","Freshwater","H6","50","63","1",NA,"Within Range","Within Range",2,18193,110,1134210,NA,NA,NA
"Varian GC","A. Stearns","20240905","2024","August","6","1222","EDT","G","Control","C3","10","1","1",NA,"Within Range","Within Range",2,4063,113,253285,NA,NA,NA
"Varian GC","A. Stearns","20240905","2024","August","6","1223","EDT","G","Control","C3","20","2","1",NA,"Within Range","Within Range",1,9109,71,567881,NA,NA,NA
"Varian GC","A. Stearns","20240905","2024","August","6","1223","EDT","G","Control","C3","35","3","1",NA,"Within Range","Within Range",1,14348,53,894515,NA,NA,NA
"Varian GC","A. Stearns","20240905","2024","August","6","1224","EDT","G","Control","C3","50","4","1",NA,"Within Range","Within Range",0,21450,22,1337260,NA,NA,NA
"Varian GC","A. Stearns","20240905","2024","August","6","1218","EDT","G","Control","C6","10","5","1",NA,"Within Range","Within Range",2,10862,112,677201,NA,NA,NA
"Varian GC","A. Stearns","20240905","2024","August","6","1218","EDT","G","Control","C6","20","6","1",NA,"Within Range","Within Range",2,18488,96,1152611,NA,NA,NA
"Varian GC","A. Stearns","20240905","2024","August","6","1219","EDT","G","Control","C6","35","7","1",NA,"Within Range","Within Range",1,18465,65,1151163,NA,NA,NA
"Varian GC","A. Stearns","20240905","2024","August","6","1220","EDT","G","Control","C6","50","8","1",NA,"Within Range","Within Range",1,21129,59,1317256,NA,NA,NA
"Varian GC","A. Stearns","20240905","2024","August","6","1245","EDT","G","Control","F4","10","9","1",NA,"Within Range","Within Range",2,3246,106,202351,NA,NA,NA
"Varian GC","A. Stearns","20240905","2024","August","6","1248","EDT","G","Control","F4","20","10","1",NA,"Within Range","Within Range",1,10413,73,649196,NA,NA,NA
"Varian GC","A. Stearns","20240905","2024","August","6","1249","EDT","G","Control","F4","35","11","1",NA,"Within Range","Within Range",1,8516,68,530916,NA,NA,NA
"Varian GC","A. Stearns","20240905","2024","August","6","1250","EDT","G","Control","F4","50","12","1",NA,"Within Range","Within Range",1,19128,47,1192505,NA,NA,NA
"Varian GC","A. Stearns","20240905","2024","August","6","1253","EDT","G","Control","F4","ATM","13","1",NA,"Within Range","Within Range",2,259,139,16172,NA,NA,NA
"Varian GC","A. Stearns","20240905","2024","August","6","1229","EDT","G","Control","H3","10","14","1",NA,"Within Range","Within Range",1,5155,79,321414,NA,NA,NA
"Varian GC","A. Stearns","20240905","2024","August","6","1229","EDT","G","Control","H3","20","15","1",NA,"Within Range","Within Range",1,10098,49,629524,NA,NA,NA
"Varian GC","A. Stearns","20240905","2024","August","6","1230","EDT","G","Control","H3","35","16","1",NA,"Within Range","Within Range",1,12853,52,801290,NA,NA,NA
"Varian GC","A. Stearns","20240905","2024","August","6","1231","EDT","G","Control","H3","50","17","1",NA,"Within Range","Within Range",0,17920,22,1117200,NA,NA,NA
"Varian GC","A. Stearns","20240905","2024","August","6","1225","EDT","G","Control","H6","10","18","1",NA,"Within Range","Within Range",2,3244,99,202246,NA,NA,NA
"Varian GC","A. Stearns","20240905","2024","August","6","1226","EDT","G","Control","H6","20","19","1",NA,"Within Range","Within Range",1,9482,47,591133,NA,NA,NA
"Varian GC","A. Stearns","20240905","2024","August","6","1227","EDT","G","Control","H6","35","20","1",NA,"Within Range","Within Range",0,18535,22,1155540,NA,NA,NA
"Varian GC","A. Stearns","20240905","2024","August","6","1228","EDT","G","Control","H6","50","21","1",NA,"Within Range","Within Range",0,18529,22,1155201,NA,NA,NA
"Varian GC","A. Stearns","20240905","2024","August","6","1150","EDT","G","Saltwater","C3","10","22","1",NA,"Within Range","Within Range",2,6047,120,377007,NA,NA,NA
"Varian GC","A. Stearns","20240905","2024","August","6","1151","EDT","G","Saltwater","C3","20","23","1",NA,"Within Range","Within Range",2,21888,106,1364592,NA,NA,NA
"Varian GC","A. Stearns","20240905","2024","August","6","1152","EDT","G","Saltwater","C3","35","24","1",NA,"Within Range","Within Range",2,23603,103,1471485,NA,NA,NA
"Varian GC","A. Stearns","20240905","2024","August","6","1153","EDT","G","Saltwater","C3","50","25","1",NA,"Within Range","Within Range",2,48323,100,3012646,NA,NA,NA
"Varian GC","A. Stearns","20240905","2024","August","6","1136","EDT","G","Saltwater","C6","10","26","1",NA,"Within Range","Within Range",2,9113,102,568143,NA,NA,NA
"Varian GC","A. Stearns","20240905","2024","August","6","1137","EDT","G","Saltwater","C6","20","27","1",NA,"Within Range","Within Range",2,31575,103,1968538,NA,NA,NA
"Varian GC","A. Stearns","20240905","2024","August","6","1138","EDT","G","Saltwater","C6","35","28","1",NA,"Within Range","Within Range",2,36189,110,2256166,NA,NA,NA
"Varian GC","A. Stearns","20240905","2024","August","6","1139","EDT","G","Saltwater","C6","50","29","1",NA,"Within Range","Within Range",2,37864,115,2360620,NA,NA,NA
"Varian GC","A. Stearns","20240905","2024","August","6","1146","EDT","G","Saltwater","F4","10","30","1",NA,"Within Range","Within Range",2,11751,98,732598,NA,NA,NA
"Varian GC","A. Stearns","20240905","2024","August","6","1147","EDT","G","Saltwater","F4","20","31","1",NA,"Within Range","Within Range",1,29351,48,1829843,NA,NA,NA
"Varian GC","A. Stearns","20240905","2024","August","6","1147","EDT","G","Saltwater","F4","35","32","1",NA,"Within Range","Within Range",1,22343,93,1392940,NA,NA,NA
"Varian GC","A. Stearns","20240905","2024","August","6","1148","EDT","G","Saltwater","F4","50","33","1",NA,"Within Range","Needs Dilution",1,51828,75,3231168,NA,NA,NA
"Varian GC","A. Stearns","20240905","2024","August","6","1149","EDT","G","Saltwater","F4","ATM","34","1",NA,"Within Range","Within Range",2,306,138,19055,NA,NA,NA
"Varian GC","A. Stearns","20240905","2024","August","6","1143","EDT","G","Saltwater","H3","10","35","1",NA,"Within Range","Within Range",2,5670,109,353470,NA,NA,NA
"Varian GC","A. Stearns","20240905","2024","August","6","1143","EDT","G","Saltwater","H3","20","36","1",NA,"Within Range","Within Range",1,29380,80,1831658,NA,NA,NA
"Varian GC","A. Stearns","20240905","2024","August","6","1144","EDT","G","Saltwater","H3","35","37","1",NA,"Within Range","Within Range",1,38445,61,2396812,NA,NA,NA
"Varian GC","A. Stearns","20240905","2024","August","6","1145","EDT","G","Saltwater","H3","50","38","1",NA,"Within Range","Within Range",1,32368,72,2017926,NA,NA,NA
"Varian GC","A. Stearns","20240905","2024","August","6","1140","EDT","G","Saltwater","H6","10","39","1",NA,"Within Range","Within Range",1,23315,65,1453565,NA,NA,NA
"Varian GC","A. Stearns","20240905","2024","August","6","1141","EDT","G","Saltwater","H6","20","40","1",NA,"Within Range","Within Range",1,42366,70,2641276,NA,NA,NA
"Varian GC","A. Stearns","20240905","2024","August","6","1141","EDT","G","Saltwater","H6","35","41","1",NA,"Within Range","Needs Dilution",1,50123,82,3124876,NA,NA,NA
"Varian GC","A. Stearns","20240905","2024","August","6","1142","EDT","G","Saltwater","H6","50","42","1",NA,"Within Range","Within Range",1,38005,87,2369382,NA,NA,NA
"Varian GC","A. Stearns","20240905","2024","August","6","1044","EDT","G","Freshwater","C3","10","43","1",NA,"Within Range","Within Range",1,4803,92,299469,NA,NA,NA
"Varian GC","A. Stearns","20240905","2024","August","6","1045","EDT","G","Freshwater","C3","20","44","1",NA,"Within Range","Within Range",1,9837,55,613304,NA,NA,NA
"Varian GC","A. Stearns","20240905","2024","August","6","1046","EDT","G","Freshwater","C3","35","45","1",NA,"Within Range","Within Range",1,15186,56,946734,NA,NA,NA
"Varian GC","A. Stearns","20240905","2024","August","6","1047","EDT","G","Freshwater","C3","50","46","1",NA,"Within Range","Within Range",0,26631,22,1660275,NA,NA,NA
"Varian GC","A. Stearns","20240905","2024","August","6","1048","EDT","G","Freshwater","C6","10","47","1",NA,"Within Range","Within Range",2,4073,103,253911,NA,NA,NA
"Varian GC","A. Stearns","20240905","2024","August","6","1049","EDT","G","Freshwater","C6","20","48","1",NA,"Within Range","Within Range",1,8629,56,537980,NA,NA,NA
"Varian GC","A. Stearns","20240905","2024","August","6","1050","EDT","G","Freshwater","C6","35","49","1",NA,"Within Range","Within Range",0,16268,22,1014235,NA,NA,NA
"Varian GC","A. Stearns","20240905","2024","August","6","1051","EDT","G","Freshwater","C6","50","50","1",NA,"Within Range","Within Range",0,20834,22,1298866,NA,NA,NA
"Varian GC","A. Stearns","20240905","2024","August","6","1039","EDT","G","Freshwater","F4","10","51","1",NA,"Within Range","Within Range",2,4297,95,267895,NA,NA,NA
"Varian GC","A. Stearns","20240905","2024","August","6","1040","EDT","G","Freshwater","F4","20","52","1",NA,"Within Range","Within Range",1,12801,51,798060,NA,NA,NA
"Varian GC","A. Stearns","20240905","2024","August","6","1041","EDT","G","Freshwater","F4","35","53","1",NA,"Within Range","Within Range",1,11755,46,732881,NA,NA,NA
"Varian GC","A. Stearns","20240905","2024","August","6","1042","EDT","G","Freshwater","F4","50","54","1",NA,"Within Range","Within Range",0,21109,22,1316048,NA,NA,NA
"Varian GC","A. Stearns","20240905","2024","August","6","1044","EDT","G","Freshwater","F4","ATM","55","1",NA,"Within Range","Within Range",2,590,139,36779,NA,NA,NA
"Varian GC","A. Stearns","20240905","2024","August","6","1036","EDT","G","Freshwater","H3","10","56","1",NA,"Within Range","Within Range",2,4198,112,261749,NA,NA,NA
"Varian GC","A. Stearns","20240905","2024","August","6","1037","EDT","G","Freshwater","H3","20","57","1",NA,"Within Range","Within Range",1,8571,57,534338,NA,NA,NA
"Varian GC","A. Stearns","20240905","2024","August","6","1038","EDT","G","Freshwater","H3","35","58","1",NA,"Within Range","Within Range",1,10659,53,664533,NA,NA,NA
"Varian GC","A. Stearns","20240905","2024","August","6","1039","EDT","G","Freshwater","H3","50","59","1",NA,"Within Range","Within Range",1,12462,47,776904,NA,NA,NA
"Varian GC","A. Stearns","20240905","2024","August","6","1033","EDT","G","Freshwater","H6","10","60","1",NA,"Within Range","Within Range",2,6439,113,401456,NA,NA,NA
"Varian GC","A. Stearns","20240905","2024","August","6","1034","EDT","G","Freshwater","H6","20","61","1",NA,"Within Range","Within Range",1,8470,56,528048,NA,NA,NA
"Varian GC","A. Stearns","20240905","2024","August","6","1035","EDT","G","Freshwater","H6","35","62","1",NA,"Within Range","Within Range",1,11375,51,709165,NA,NA,NA
"Varian GC","A. Stearns","20240905","2024","August","6","1036","EDT","G","Freshwater","H6","50","63","1",NA,"Within Range","Within Range",1,19968,44,1244882,NA,NA,NA
"Varian GC","A. Stearns","20240910","2024","September","5","1347","EDT","G","Control","C3","10","1","1",NA,"Within Range","Within Range",2,2270,122,141547,NA,NA,NA
"Varian GC","A. Stearns","20240910","2024","September","5","1348","EDT","G","Control","C3","20","2","1",NA,"Within Range","Within Range",1,5321,71,331741,NA,NA,NA
"Varian GC","A. Stearns","20240910","2024","September","5","1349","EDT","G","Control","C3","35","3","1",NA,"Within Range","Within Range",1,7772,90,484510,NA,NA,NA
"Varian GC","A. Stearns","20240910","2024","September","5","1350","EDT","G","Control","C3","50","4","1",NA,"Within Range","Within Range",1,13533,51,843684,NA,NA,NA
"Varian GC","A. Stearns","20240910","2024","September","5","1342","EDT","G","Control","C6","10","5","1",NA,"Within Range","Within Range",2,2939,126,183242,NA,NA,NA
"Varian GC","A. Stearns","20240910","2024","September","5","1343","EDT","G","Control","C6","20","6","1",NA,"Within Range","Within Range",1,8675,90,540851,NA,NA,NA
"Varian GC","A. Stearns","20240910","2024","September","5","1344","EDT","G","Control","C6","35","7","1",NA,"Within Range","Within Range",1,13133,67,818784,NA,NA,NA
"Varian GC","A. Stearns","20240910","2024","September","5","1345","EDT","G","Control","C6","50","8","1",NA,"Within Range","Within Range",1,14404,57,898029,NA,NA,NA
"Varian GC","A. Stearns","20240910","2024","September","5","1352","EDT","G","Control","F4","10","9","1",NA,"Within Range","Within Range",2,1611,114,100433,NA,NA,NA
"Varian GC","A. Stearns","20240910","2024","September","5","1352","EDT","G","Control","F4","20","10","1",NA,"Within Range","Within Range",1,8046,73,501621,NA,NA,NA
"Varian GC","A. Stearns","20240910","2024","September","5","1353","EDT","G","Control","F4","35","11","1",NA,"Within Range","Within Range",1,6626,60,413105,NA,NA,NA
"Varian GC","A. Stearns","20240910","2024","September","5","1353","EDT","G","Control","F4","50","12","1",NA,"Within Range","Within Range",1,11701,53,729483,NA,NA,NA
"Varian GC","A. Stearns","20240910","2024","September","5","1354","EDT","G","Control","F4","ATM","13","1",NA,"Within Range","Within Range",2,208,138,12998,NA,NA,NA
"Varian GC","A. Stearns","20240910","2024","September","5","1400","EDT","G","Control","H3","10","14","1",NA,"Within Range","Within Range",1,2218,93,138249,NA,NA,NA
"Varian GC","A. Stearns","20240910","2024","September","5","1400","EDT","G","Control","H3","20","15","1",NA,"Within Range","Within Range",1,4095,64,255321,NA,NA,NA
"Varian GC","A. Stearns","20240910","2024","September","5","1401","EDT","G","Control","H3","35","16","1",NA,"Within Range","Within Range",1,6890,89,429540,NA,NA,NA
"Varian GC","A. Stearns","20240910","2024","September","5","1402","EDT","G","Control","H3","50","17","1",NA,"Within Range","Within Range",0,10345,22,644961,NA,NA,NA
"Varian GC","A. Stearns","20240910","2024","September","5","1356","EDT","G","Control","H6","10","18","1",NA,"Within Range","Within Range",2,1543,95,96176,NA,NA,NA
"Varian GC","A. Stearns","20240910","2024","September","5","1357","EDT","G","Control","H6","20","19","1",NA,"Within Range","Within Range",1,4899,58,305423,NA,NA,NA
"Varian GC","A. Stearns","20240910","2024","September","5","1358","EDT","G","Control","H6","35","20","1",NA,"Within Range","Within Range",1,9950,49,620308,NA,NA,NA
"Varian GC","A. Stearns","20240910","2024","September","5","1358","EDT","G","Control","H6","50","21","1",NA,"Within Range","Within Range",0,15653,22,975892,NA,NA,NA
"Varian GC","A. Stearns","20240910","2024","September","5","1321","EDT","G","Saltwater","C3","10","22","1",NA,"Within Range","Within Range",2,2621,138,163377,NA,NA,NA
"Varian GC","A. Stearns","20240910","2024","September","5","1321","EDT","G","Saltwater","C3","20","23","1",NA,"Within Range","Within Range",2,11290,123,703888,NA,NA,NA
"Varian GC","A. Stearns","20240910","2024","September","5","1322","EDT","G","Saltwater","C3","35","24","1",NA,"Within Range","Within Range",2,13896,111,866362,NA,NA,NA
"Varian GC","A. Stearns","20240910","2024","September","5","1323","EDT","G","Saltwater","C3","50","25","1",NA,"Within Range","Within Range",2,32862,112,2048732,NA,NA,NA
"Varian GC","A. Stearns","20240910","2024","September","5","1306","EDT","G","Saltwater","C6","10","26","1",NA,"Within Range","Within Range",2,4737,102,295302,NA,NA,NA
"Varian GC","A. Stearns","20240910","2024","September","5","1307","EDT","G","Saltwater","C6","20","27","1",NA,"Within Range","Within Range",2,14979,96,933845,NA,NA,NA
"Varian GC","A. Stearns","20240910","2024","September","5","1308","EDT","G","Saltwater","C6","35","28","1",NA,"Within Range","Within Range",2,20798,107,1296641,NA,NA,NA
"Varian GC","A. Stearns","20240910","2024","September","5","1309","EDT","G","Saltwater","C6","50","29","1",NA,"Within Range","Within Range",2,26605,101,1658657,NA,NA,NA
"Varian GC","A. Stearns","20240910","2024","September","5","1317","EDT","G","Saltwater","F4","10","30","1",NA,"Within Range","Within Range",1,7922,91,493889,NA,NA,NA
"Varian GC","A. Stearns","20240910","2024","September","5","1318","EDT","G","Saltwater","F4","20","31","1",NA,"Within Range","Within Range",1,19022,55,1185928,NA,NA,NA
"Varian GC","A. Stearns","20240910","2024","September","5","1319","EDT","G","Saltwater","F4","35","32","1",NA,"Within Range","Within Range",1,17240,88,1074797,NA,NA,NA
"Varian GC","A. Stearns","20240910","2024","September","5","1319","EDT","G","Saltwater","F4","50","33","1",NA,"Within Range","Within Range",1,36359,73,2266774,NA,NA,NA
"Varian GC","A. Stearns","20240910","2024","September","5","1320","EDT","G","Saltwater","F4","ATM","34","1",NA,"Within Range","Within Range",2,213,134,13306,NA,NA,NA
"Varian GC","A. Stearns","20240910","2024","September","5","1314","EDT","G","Saltwater","H3","10","35","1",NA,"Within Range","Within Range",2,1796,113,111984,NA,NA,NA
"Varian GC","A. Stearns","20240910","2024","September","5","1315","EDT","G","Saltwater","H3","20","36","1",NA,"Within Range","Within Range",2,9315,103,580729,NA,NA,NA
"Varian GC","A. Stearns","20240910","2024","September","5","1315","EDT","G","Saltwater","H3","35","37","1",NA,"Within Range","Within Range",1,14044,69,875558,NA,NA,NA
"Varian GC","A. Stearns","20240910","2024","September","5","1316","EDT","G","Saltwater","H3","50","38","1",NA,"Within Range","Within Range",1,17539,72,1093476,NA,NA,NA
"Varian GC","A. Stearns","20240910","2024","September","5","1310","EDT","G","Saltwater","H6","10","39","1",NA,"Within Range","Within Range",1,14220,74,886542,NA,NA,NA
"Varian GC","A. Stearns","20240910","2024","September","5","1311","EDT","G","Saltwater","H6","20","40","1",NA,"Within Range","Within Range",1,30443,56,1897968,NA,NA,NA
"Varian GC","A. Stearns","20240910","2024","September","5","1312","EDT","G","Saltwater","H6","35","41","1",NA,"Within Range","Within Range",1,34058,67,2123293,NA,NA,NA
"Varian GC","A. Stearns","20240910","2024","September","5","1313","EDT","G","Saltwater","H6","50","42","1",NA,"Within Range","Within Range",1,28378,80,1769182,NA,NA,NA
"Varian GC","A. Stearns","20240910","2024","September","5","1244","EDT","G","Freshwater","C3","10","43","1",NA,"Within Range","Within Range",2,2288,102,142640,NA,NA,NA
"Varian GC","A. Stearns","20240910","2024","September","5","1245","EDT","G","Freshwater","C3","20","44","1",NA,"Within Range","Within Range",1,5349,56,333466,NA,NA,NA
"Varian GC","A. Stearns","20240910","2024","September","5","1246","EDT","G","Freshwater","C3","35","45","1",NA,"Within Range","Within Range",1,8700,58,542410,NA,NA,NA
"Varian GC","A. Stearns","20240910","2024","September","5","1247","EDT","G","Freshwater","C3","50","46","1",NA,"Within Range","Within Range",1,15632,56,974561,NA,NA,NA
"Varian GC","A. Stearns","20240910","2024","September","5","1247","EDT","G","Freshwater","C6","10","47","1",NA,"Within Range","Within Range",2,1423,100,88737,NA,NA,NA
"Varian GC","A. Stearns","20240910","2024","September","5","1248","EDT","G","Freshwater","C6","20","48","1",NA,"Within Range","Within Range",1,3609,64,224997,NA,NA,NA
"Varian GC","A. Stearns","20240910","2024","September","5","1249","EDT","G","Freshwater","C6","35","49","1",NA,"Within Range","Within Range",1,6004,46,374312,NA,NA,NA
"Varian GC","A. Stearns","20240910","2024","September","5","1250","EDT","G","Freshwater","C6","50","50","1",NA,"Within Range","Within Range",0,9748,22,607711,NA,NA,NA
"Varian GC","A. Stearns","20240910","2024","September","5","1240","EDT","G","Freshwater","F4","10","51","1",NA,"Within Range","Within Range",2,1731,109,107929,NA,NA,NA
"Varian GC","A. Stearns","20240910","2024","September","5","1240","EDT","G","Freshwater","F4","20","52","1",NA,"Within Range","Within Range",1,4599,69,286705,NA,NA,NA
"Varian GC","A. Stearns","20240910","2024","September","5","1241","EDT","G","Freshwater","F4","35","53","1",NA,"Within Range","Within Range",1,7024,50,437931,NA,NA,NA
"Varian GC","A. Stearns","20240910","2024","September","5","1242","EDT","G","Freshwater","F4","50","54","1",NA,"Within Range","Within Range",0,12923,22,805662,NA,NA,NA
"Varian GC","A. Stearns","20240910","2024","September","5","1243","EDT","G","Freshwater","F4","ATM","55","1",NA,"Within Range","Within Range",2,176,132,10973,NA,NA,NA
"Varian GC","A. Stearns","20240910","2024","September","5","1237","EDT","G","Freshwater","H3","10","56","1",NA,"Within Range","Within Range",2,1152,108,71838,NA,NA,NA
"Varian GC","A. Stearns","20240910","2024","September","5","1238","EDT","G","Freshwater","H3","20","57","1",NA,"Within Range","Within Range",1,3368,74,209967,NA,NA,NA
"Varian GC","A. Stearns","20240910","2024","September","5","1238","EDT","G","Freshwater","H3","35","58","1",NA,"Within Range","Within Range",1,4339,61,270526,NA,NA,NA
"Varian GC","A. Stearns","20240910","2024","September","5","1239","EDT","G","Freshwater","H3","50","59","1",NA,"Within Range","Within Range",1,6821,58,425270,NA,NA,NA
"Varian GC","A. Stearns","20240910","2024","September","5","1233","EDT","G","Freshwater","H6","10","60","1",NA,"Within Range","Within Range",2,1410,106,87923,NA,NA,NA
"Varian GC","A. Stearns","20240910","2024","September","5","1234","EDT","G","Freshwater","H6","20","61","1",NA,"Within Range","Within Range",1,3335,64,207894,NA,NA,NA
"Varian GC","A. Stearns","20240910","2024","September","5","1235","EDT","G","Freshwater","H6","35","62","1",NA,"Within Range","Within Range",1,5188,62,323422,NA,NA,NA
"Varian GC","A. Stearns","20240910","2024","September","5","1236","EDT","G","Freshwater","H6","50","63","1",NA,"Within Range","Within Range",1,8728,45,544132,NA,NA,NA
"Varian GC","A. Stearns","20241003","2024","October","2","1143","EDT","G","Control","C3","10","1","1",NA,"Within Range","Within Range",2,2473,107,154166,NA,NA,NA
"Varian GC","A. Stearns","20241003","2024","October","2","1143","EDT","G","Control","C3","20","2","1",NA,"Within Range","Within Range",1,5537,69,345205,NA,NA,NA
"Varian GC","A. Stearns","20241003","2024","October","2","1144","EDT","G","Control","C3","35","3","1",NA,"Within Range","Within Range",1,7695,54,479719,NA,NA,NA
"Varian GC","A. Stearns","20241003","2024","October","2","1145","EDT","G","Control","C3","50","4","1",NA,"Within Range","Within Range",1,12917,61,805321,NA,NA,NA
"Varian GC","A. Stearns","20241003","2024","October","2","1200","EDT","G","Control","C6","10","5","1",NA,"Within Range","Within Range",2,3788,104,236147,NA,NA,NA
"Varian GC","A. Stearns","20241003","2024","October","2","1200","EDT","G","Control","C6","20","6","1",NA,"Within Range","Within Range",1,7759,90,483711,NA,NA,NA
"Varian GC","A. Stearns","20241003","2024","October","2","1201","EDT","G","Control","C6","35","7","1",NA,"Within Range","Within Range",1,11492,67,716475,NA,NA,NA
"Varian GC","A. Stearns","20241003","2024","October","2","1202","EDT","G","Control","C6","50","8","1",NA,"Within Range","Within Range",1,12359,51,770530,NA,NA,NA
"Varian GC","A. Stearns","20241003","2024","October","2","1149","EDT","G","Control","F4","10","9","1",NA,"Within Range","Within Range",2,2376,103,148124,NA,NA,NA
"Varian GC","A. Stearns","20241003","2024","October","2","1150","EDT","G","Control","F4","20","10","1",NA,"Within Range","Within Range",1,8153,68,508297,NA,NA,NA
"Varian GC","A. Stearns","20241003","2024","October","2","1150","EDT","G","Control","F4","35","11","1",NA,"Within Range","Within Range",1,6940,58,432676,NA,NA,NA
"Varian GC","A. Stearns","20241003","2024","October","2","1151","EDT","G","Control","F4","50","12","1",NA,"Within Range","Within Range",1,11019,46,686988,NA,NA,NA
"Varian GC","A. Stearns","20241003","2024","October","2","1152","EDT","G","Control","F4","ATM","13","1",NA,"Within Range","Within Range",2,204,139,12736,NA,NA,NA
"Varian GC","A. Stearns","20241003","2024","October","2","1135","EDT","G","Control","H3","10","14","1",NA,"Within Range","Within Range",1,3818,73,238017,NA,NA,NA
"Varian GC","A. Stearns","20241003","2024","October","2","1136","EDT","G","Control","H3","20","15","1",NA,"Within Range","Within Range",1,5535,55,345083,NA,NA,NA
"Varian GC","A. Stearns","20241003","2024","October","2","1137","EDT","G","Control","H3","35","16","1",NA,"Within Range","Within Range",1,7139,90,445051,NA,NA,NA
"Varian GC","A. Stearns","20241003","2024","October","2","1138","EDT","G","Control","H3","50","17","1",NA,"Within Range","Within Range",1,12325,47,768379,NA,NA,NA
"Varian GC","A. Stearns","20241003","2024","October","2","1154","EDT","G","Control","H6","10","18","1",NA,"Within Range","Within Range",1,2133,87,132971,NA,NA,NA
"Varian GC","A. Stearns","20241003","2024","October","2","1155","EDT","G","Control","H6","20","19","1",NA,"Within Range","Within Range",1,5515,50,343819,NA,NA,NA
"Varian GC","A. Stearns","20241003","2024","October","2","1155","EDT","G","Control","H6","35","20","1",NA,"Within Range","Within Range",0,9625,22,600088,NA,NA,NA
"Varian GC","A. Stearns","20241003","2024","October","2","1156","EDT","G","Control","H6","50","21","1",NA,"Within Range","Within Range",1,12311,47,767501,NA,NA,NA
"Varian GC","A. Stearns","20241003","2024","October","2","1306","EDT","G","Saltwater","C3","10","22","1",NA,"Within Range","Within Range",2,4459,109,277983,NA,NA,NA
"Varian GC","A. Stearns","20241003","2024","October","2","1307","EDT","G","Saltwater","C3","20","23","1",NA,"Within Range","Within Range",2,16891,111,1053080,NA,NA,NA
"Varian GC","A. Stearns","20241003","2024","October","2","1308","EDT","G","Saltwater","C3","35","24","1",NA,"Within Range","Within Range",1,16445,93,1025267,NA,NA,NA
"Varian GC","A. Stearns","20241003","2024","October","2","1309","EDT","G","Saltwater","C3","50","25","1",NA,"Within Range","Within Range",2,29874,100,1862478,NA,NA,NA
"Varian GC","A. Stearns","20241003","2024","October","2","1311","EDT","G","Saltwater","C6","10","26","1",NA,"Within Range","Within Range",2,6267,100,390740,NA,NA,NA
"Varian GC","A. Stearns","20241003","2024","October","2","1312","EDT","G","Saltwater","C6","20","27","1",NA,"Within Range","Within Range",1,17809,91,1110294,NA,NA,NA
"Varian GC","A. Stearns","20241003","2024","October","2","1313","EDT","G","Saltwater","C6","35","28","1",NA,"Within Range","Within Range",2,20030,94,1248756,NA,NA,NA
"Varian GC","A. Stearns","20241003","2024","October","2","1314","EDT","G","Saltwater","C6","50","29","1",NA,"Within Range","Within Range",1,22192,90,1383544,NA,NA,NA
"Varian GC","A. Stearns","20241003","2024","October","2","1315","EDT","G","Saltwater","F4","10","30","1",NA,"Within Range","Within Range",2,7714,95,480896,NA,NA,NA
"Varian GC","A. Stearns","20241003","2024","October","2","1315","EDT","G","Saltwater","F4","20","31","1",NA,"Within Range","Within Range",1,24443,47,1523881,NA,NA,NA
"Varian GC","A. Stearns","20241003","2024","October","2","1316","EDT","G","Saltwater","F4","35","32","1",NA,"Within Range","Within Range",1,19900,86,1240672,NA,NA,NA
"Varian GC","A. Stearns","20241003","2024","October","2","1317","EDT","G","Saltwater","F4","50","33","1",NA,"Within Range","Within Range",1,37463,73,2335594,NA,NA,NA
"Varian GC","A. Stearns","20241003","2024","October","2","1318","EDT","G","Saltwater","F4","ATM","34","1",NA,"Within Range","Within Range",2,503,137,31331,NA,NA,NA
"Varian GC","A. Stearns","20241003","2024","October","2","1323","EDT","G","Saltwater","H3","10","35","1",NA,"Within Range","Within Range",2,3813,94,237713,NA,NA,NA
"Varian GC","A. Stearns","20241003","2024","October","2","1324","EDT","G","Saltwater","H3","20","36","1",NA,"Within Range","Within Range",1,15216,76,948627,NA,NA,NA
"Varian GC","A. Stearns","20241003","2024","October","2","1325","EDT","G","Saltwater","H3","35","37","1",NA,"Within Range","Within Range",1,21546,61,1343275,NA,NA,NA
"Varian GC","A. Stearns","20241003","2024","October","2","1326","EDT","G","Saltwater","H3","50","38","1",NA,"Within Range","Within Range",1,20282,61,1264451,NA,NA,NA
"Varian GC","A. Stearns","20241003","2024","October","2","1328","EDT","G","Saltwater","H6","10","39","1",NA,"Within Range","Within Range",1,22972,53,1432142,NA,NA,NA
"Varian GC","A. Stearns","20241003","2024","October","2","1329","EDT","G","Saltwater","H6","20","40","1",NA,"Within Range","Within Range",1,36588,45,2281049,NA,NA,NA
"Varian GC","A. Stearns","20241003","2024","October","2","1330","EDT","G","Saltwater","H6","35","41","1",NA,"Within Range","Within Range",1,43179,63,2691928,NA,NA,NA
"Varian GC","A. Stearns","20241003","2024","October","2","1331","EDT","G","Saltwater","H6","50","42","1",NA,"Within Range","Within Range",1,34842,84,2172194,NA,NA,NA
"Varian GC","A. Stearns","20241003","2024","October","2","1359","EDT","G","Freshwater","C3","10","43","1",NA,"Within Range","Within Range",1,3872,85,241393,NA,NA,NA
"Varian GC","A. Stearns","20241003","2024","October","2","1400","EDT","G","Freshwater","C3","20","44","1",NA,"Within Range","Within Range",1,6962,49,434018,NA,NA,NA
"Varian GC","A. Stearns","20241003","2024","October","2","1401","EDT","G","Freshwater","C3","35","45","1",NA,"Within Range","Within Range",1,10387,47,647543,NA,NA,NA
"Varian GC","A. Stearns","20241003","2024","October","2","1402","EDT","G","Freshwater","C3","50","46","1",NA,"Within Range","Within Range",0,14755,22,919892,NA,NA,NA
"Varian GC","A. Stearns","20241003","2024","October","2","1356","EDT","G","Freshwater","C6","10","47","1",NA,"Within Range","Within Range",1,2741,87,170908,NA,NA,NA
"Varian GC","A. Stearns","20241003","2024","October","2","1357","EDT","G","Freshwater","C6","20","48","1",NA,"Within Range","Within Range",1,4791,63,298668,NA,NA,NA
"Varian GC","A. Stearns","20241003","2024","October","2","1357","EDT","G","Freshwater","C6","35","49","1",NA,"Within Range","Within Range",0,6771,22,422132,NA,NA,NA
"Varian GC","A. Stearns","20241003","2024","October","2","1358","EDT","G","Freshwater","C6","50","50","1",NA,"Within Range","Within Range",0,8842,22,551232,NA,NA,NA
"Varian GC","A. Stearns","20241003","2024","October","2","1404","EDT","G","Freshwater","F4","10","51","1",NA,"Within Range","Within Range",1,2606,91,162500,NA,NA,NA
"Varian GC","A. Stearns","20241003","2024","October","2","1405","EDT","G","Freshwater","F4","20","52","1",NA,"Within Range","Within Range",1,4758,63,296629,NA,NA,NA
"Varian GC","A. Stearns","20241003","2024","October","2","1405","EDT","G","Freshwater","F4","35","53","1",NA,"Within Range","Within Range",0,7116,22,443618,NA,NA,NA
"Varian GC","A. Stearns","20241003","2024","October","2","1406","EDT","G","Freshwater","F4","50","54","1",NA,"Within Range","Within Range",0,11571,22,721381,NA,NA,NA
"Varian GC","A. Stearns","20241003","2024","October","2","1407","EDT","G","Freshwater","F4","ATM","55","1",NA,"Within Range","Within Range",2,301,134,18764,NA,NA,NA
"Varian GC","A. Stearns","20241003","2024","October","2","1409","EDT","G","Freshwater","H3","10","56","1",NA,"Within Range","Within Range",2,1861,128,116004,NA,NA,NA
"Varian GC","A. Stearns","20241003","2024","October","2","1410","EDT","G","Freshwater","H3","20","57","1",NA,"Within Range","Within Range",1,3635,61,226628,NA,NA,NA
"Varian GC","A. Stearns","20241003","2024","October","2","1410","EDT","G","Freshwater","H3","35","58","1",NA,"Within Range","Within Range",1,4920,56,306728,NA,NA,NA
"Varian GC","A. Stearns","20241003","2024","October","2","1411","EDT","G","Freshwater","H3","50","59","1",NA,"Within Range","Within Range",1,6495,52,404956,NA,NA,NA
"Varian GC","A. Stearns","20241003","2024","October","2","1414","EDT","G","Freshwater","H6","10","60","1",NA,"Within Range","Within Range",1,2949,85,183844,NA,NA,NA
"Varian GC","A. Stearns","20241003","2024","October","2","1415","EDT","G","Freshwater","H6","20","61","1",NA,"Within Range","Within Range",1,4382,61,273170,NA,NA,NA
"Varian GC","A. Stearns","20241003","2024","October","2","1416","EDT","G","Freshwater","H6","35","62","1",NA,"Within Range","Within Range",1,5780,49,360324,NA,NA,NA
"Varian GC","A. Stearns","20241003","2024","October","2","1417","EDT","G","Freshwater","H6","50","63","1",NA,"Within Range","Within Range",0,8508,22,530449,NA,NA,NA
"Varian GC","Stearns","20241203","2024","November","5","1304","EST","G","Control","C3","10","1","1",NA,"Within Range","Within Range",2,1427,130,88944,NA,NA,NA
"Varian GC","Stearns","20241203","2024","November","5","1305","EST","G","Control","C3","20","2","1",NA,"Within Range","Within Range",1,3176,80,198004,NA,NA,NA
"Varian GC","Stearns","20241203","2024","November","5","1306","EST","G","Control","C3","35","3","1",NA,"Within Range","Within Range",1,4456,69,277782,NA,NA,NA
"Varian GC","Stearns","20241203","2024","November","5","1307","EST","G","Control","C3","50","4","1",NA,"Within Range","Within Range",1,6840,51,426443,NA,NA,NA
"Varian GC","Stearns","20241203","2024","November","5","1225","EST","G","Control","C6","10","5","1",NA,"Within Range","Within Range",2,1768,113,110205,NA,NA,NA
"Varian GC","Stearns","20241203","2024","November","5","1226","EST","G","Control","C6","20","6","1",NA,"Within Range","Within Range",2,4414,104,275188,NA,NA,NA
"Varian GC","Stearns","20241203","2024","November","5","1227","EST","G","Control","C6","35","7","1",NA,"Within Range","Within Range",1,6143,70,382996,NA,NA,NA
"Varian GC","Stearns","20241203","2024","November","5","1227","EST","G","Control","C6","50","8","1",NA,"Within Range","Within Range",1,8879,66,553537,NA,NA,NA
"Varian GC","Stearns","20241203","2024","November","5","1308","EST","G","Control","F4","10","9","1",NA,"Within Range","Within Range",2,1028,111,64105,NA,NA,NA
"Varian GC","Stearns","20241203","2024","November","5","1309","EST","G","Control","F4","20","10","1",NA,"Within Range","Within Range",1,2512,70,156590,NA,NA,NA
"Varian GC","Stearns","20241203","2024","November","5","1310","EST","G","Control","F4","35","11","1",NA,"Within Range","Within Range",1,3423,61,213393,NA,NA,NA
"Varian GC","Stearns","20241203","2024","November","5","1310","EST","G","Control","F4","50","12","1",NA,"Within Range","Within Range",1,5542,48,345509,NA,NA,NA
"Varian GC","Stearns","20241203","2024","November","5","1311","EST","G","Control","F4","ATM","13","1",NA,"Within Range","Within Range",2,446,152,27827,NA,NA,NA
"Varian GC","Stearns","20241203","2024","November","5","1312","EST","G","Control","H3","10","14","1",NA,"Within Range","Within Range",1,1592,89,99247,NA,NA,NA
"Varian GC","Stearns","20241203","2024","November","5","1313","EST","G","Control","H3","20","15","1",NA,"Within Range","Within Range",1,2923,65,182233,NA,NA,NA
"Varian GC","Stearns","20241203","2024","November","5","1315","EST","G","Control","H3","35","16","1",NA,"Within Range","Within Range",1,4763,79,296951,NA,NA,NA
"Varian GC","Stearns","20241203","2024","November","5","1316","EST","G","Control","H3","50","17","1",NA,"Within Range","Within Range",1,7040,58,438901,NA,NA,NA
"Varian GC","Stearns","20241203","2024","November","5","1317","EST","G","Control","H6","10","18","1",NA,"Within Range","Within Range",2,981,97,61132,NA,NA,NA
"Varian GC","Stearns","20241203","2024","November","5","1318","EST","G","Control","H6","20","19","1",NA,"Within Range","Within Range",1,2989,62,186371,NA,NA,NA
"Varian GC","Stearns","20241203","2024","November","5","1319","EST","G","Control","H6","35","20","1",NA,"Within Range","Within Range",1,5963,53,371728,NA,NA,NA
"Varian GC","Stearns","20241203","2024","November","5","1319","EST","G","Control","H6","50","21","1",NA,"Within Range","Within Range",1,7979,51,497463,NA,NA,NA
"Varian GC","Stearns","20241203","2024","November","5","1205","EST","G","Saltwater","C3","10","22","1",NA,"Within Range","Within Range",2,1324,138,82560,NA,NA,NA
"Varian GC","Stearns","20241203","2024","November","5","1206","EST","G","Saltwater","C3","20","23","1",NA,"Within Range","Within Range",2,3971,121,247553,NA,NA,NA
"Varian GC","Stearns","20241203","2024","November","5","1207","EST","G","Saltwater","C3","35","24","1",NA,"Within Range","Within Range",2,6629,132,413301,NA,NA,NA
"Varian GC","Stearns","20241203","2024","November","5","1208","EST","G","Saltwater","C3","50","25","1",NA,"Within Range","Within Range",2,14121,122,880331,NA,NA,NA
"Varian GC","Stearns","20241203","2024","November","5","1149","EST","G","Saltwater","C6","10","26","1",NA,"Within Range","Within Range",2,1686,130,105142,NA,NA,NA
"Varian GC","Stearns","20241203","2024","November","5","1150","EST","G","Saltwater","C6","20","27","1",NA,"Within Range","Within Range",2,5197,119,324024,NA,NA,NA
"Varian GC","Stearns","20241203","2024","November","5","1151","EST","G","Saltwater","C6","35","28","1",NA,"Within Range","Within Range",2,7556,112,471094,NA,NA,NA
"Varian GC","Stearns","20241203","2024","November","5","1152","EST","G","Saltwater","C6","50","29","1",NA,"Within Range","Within Range",2,9452,109,589263,NA,NA,NA
"Varian GC","Stearns","20241203","2024","November","5","1201","EST","G","Saltwater","F4","10","30","1",NA,"Within Range","Within Range",2,1790,104,111571,NA,NA,NA
"Varian GC","Stearns","20241203","2024","November","5","1202","EST","G","Saltwater","F4","20","31","1",NA,"Within Range","Within Range",1,5984,65,373077,NA,NA,NA
"Varian GC","Stearns","20241203","2024","November","5","1202","EST","G","Saltwater","F4","35","32","1",NA,"Within Range","Within Range",1,7322,81,456454,NA,NA,NA
"Varian GC","Stearns","20241203","2024","November","5","1203","EST","G","Saltwater","F4","50","33","1",NA,"Within Range","Within Range",1,15879,76,989932,NA,NA,NA
"Varian GC","Stearns","20241203","2024","November","5","1204","EST","G","Saltwater","F4","ATM","34","1",NA,"Within Range","Within Range",2,348,122,21718,NA,NA,NA
"Varian GC","Stearns","20241203","2024","November","5","1157","EST","G","Saltwater","H3","10","35","1",NA,"Within Range","Within Range",2,906,120,56459,NA,NA,NA
"Varian GC","Stearns","20241203","2024","November","5","1158","EST","G","Saltwater","H3","20","36","1",NA,"Within Range","Within Range",2,3444,110,214697,NA,NA,NA
"Varian GC","Stearns","20241203","2024","November","5","1159","EST","G","Saltwater","H3","35","37","1",NA,"Within Range","Within Range",2,4809,99,299799,NA,NA,NA
"Varian GC","Stearns","20241203","2024","November","5","1200","EST","G","Saltwater","H3","50","38","1",NA,"Within Range","Within Range",2,6165,103,384381,NA,NA,NA
"Varian GC","Stearns","20241203","2024","November","5","1153","EST","G","Saltwater","H6","10","39","1",NA,"Within Range","Within Range",1,2764,83,172341,NA,NA,NA
"Varian GC","Stearns","20241203","2024","November","5","1154","EST","G","Saltwater","H6","20","40","1",NA,"Within Range","Within Range",1,6004,75,374315,NA,NA,NA
"Varian GC","Stearns","20241203","2024","November","5","1155","EST","G","Saltwater","H6","35","41","1",NA,"Within Range","Within Range",1,9812,79,611720,NA,NA,NA
"Varian GC","Stearns","20241203","2024","November","5","1156","EST","G","Saltwater","H6","50","42","1",NA,"Within Range","Within Range",1,11537,90,719259,NA,NA,NA
"Varian GC","Stearns","20241203","2024","November","5","1118","EST","G","Freshwater","C3","10","43","1",NA,"Within Range","Within Range",1,1154,93,71969,NA,NA,NA
"Varian GC","Stearns","20241203","2024","November","5","1119","EST","G","Freshwater","C3","20","44","1",NA,"Within Range","Within Range",1,2878,55,179427,NA,NA,NA
"Varian GC","Stearns","20241203","2024","November","5","1120","EST","G","Freshwater","C3","35","45","1",NA,"Within Range","Within Range",1,4519,55,281758,NA,NA,NA
"Varian GC","Stearns","20241203","2024","November","5","1121","EST","G","Freshwater","C3","50","46","1",NA,"Within Range","Within Range",1,7053,43,439705,NA,NA,NA
"Varian GC","Stearns","20241203","2024","November","5","1128","EST","G","Freshwater","C6","10","47","1",NA,"Within Range","Within Range",1,904,88,56352,NA,NA,NA
"Varian GC","Stearns","20241203","2024","November","5","1129","EST","G","Freshwater","C6","20","48","1",NA,"Within Range","Within Range",1,1903,70,118668,NA,NA,NA
"Varian GC","Stearns","20241203","2024","November","5","1130","EST","G","Freshwater","C6","35","49","1",NA,"Within Range","Within Range",1,2764,46,172347,NA,NA,NA
"Varian GC","Stearns","20241203","2024","November","5","1131","EST","G","Freshwater","C6","50","50","1",NA,"Within Range","Within Range",1,4937,36,307815,NA,NA,NA
"Varian GC","Stearns","20241203","2024","November","5","1113","EST","G","Freshwater","F4","10","51","1",NA,"Within Range","Within Range",2,990,100,61741,NA,NA,NA
"Varian GC","Stearns","20241203","2024","November","5","1114","EST","G","Freshwater","F4","20","52","1",NA,"Within Range","Within Range",1,2131,59,132840,NA,NA,NA
"Varian GC","Stearns","20241203","2024","November","5","1115","EST","G","Freshwater","F4","35","53","1",NA,"Within Range","Within Range",1,3372,40,210236,NA,NA,NA
"Varian GC","Stearns","20241203","2024","November","5","1116","EST","G","Freshwater","F4","50","54","1",NA,"Within Range","Within Range",1,5580,45,347893,NA,NA,NA
"Varian GC","Stearns","20241203","2024","November","5","1117","EST","G","Freshwater","F4","ATM","55","1",NA,"Within Range","Within Range",2,343,129,21388,NA,NA,NA
"Varian GC","Stearns","20241203","2024","November","5","1109","EST","G","Freshwater","H3","10","56","1",NA,"Within Range","Within Range",2,699,109,43554,NA,NA,NA
"Varian GC","Stearns","20241203","2024","November","5","1110","EST","G","Freshwater","H3","20","57","1",NA,"Within Range","Within Range",1,1502,79,93622,NA,NA,NA
"Varian GC","Stearns","20241203","2024","November","5","1111","EST","G","Freshwater","H3","35","58","1",NA,"Within Range","Within Range",1,2293,64,142969,NA,NA,NA
"Varian GC","Stearns","20241203","2024","November","5","1112","EST","G","Freshwater","H3","50","59","1",NA,"Within Range","Within Range",1,3350,58,208823,NA,NA,NA
"Varian GC","Stearns","20241203","2024","November","5","1106","EST","G","Freshwater","H6","10","60","1",NA,"Within Range","Within Range",2,809,99,50458,NA,NA,NA
"Varian GC","Stearns","20241203","2024","November","5","1107","EST","G","Freshwater","H6","20","61","1",NA,"Within Range","Within Range",1,1356,69,84552,NA,NA,NA
"Varian GC","Stearns","20241203","2024","November","5","1108","EST","G","Freshwater","H6","35","62","1",NA,"Within Range","Within Range",1,2182,53,136041,NA,NA,NA
"Varian GC","Stearns","20241203","2024","November","5","1109","EST","G","Freshwater","H6","50","63","1",NA,"Within Range","Within Range",1,3754,44,234023,NA,NA,NA
