"","Machine","User","Run_Date","Sample_Year","Sample_Month","Sample_Day","Sample_Time","Time_Zone","G_W","Sample_Plot","Sample_Grid","Sample_Depth","Sample_ID","Dilution_Factor","Field_Notes","CH4_Flag","CO2_Flag","CH4_Conc_ppm_dilcorr","CO2_Conc_ppm_dilcorr","CH4_Conc_umol","CO2_Conc_umol","Event_Stamp","qaqc_flag","Depth"
"1","Varian GC","Wegner","20240624","2024","April","15","13:26","EDT","G","Control","C3","10","1","1",NA,"Within Range","Within Range",1.83829201695564,5307.7633001177,114.606734224167,330907.936416316,NA,NA,"10cm"
"2","Varian GC","Wegner","20240624","2024","April","15","13:27","EDT","G","Control","C3","20","2","1",NA,"Within Range","Within Range",1.29487503926186,7894.78783243245,80.7278702781707,492193.75513918,NA,NA,"20cm"
"3","Varian GC","Wegner","20240624","2024","April","15","13:28","EDT","G","Control","C3","35","3","1",NA,"Within Range","Within Range",0.989992839567379,11659.5867588417,61.7202518433528,726906.905164696,NA,NA,"35cm"
"4","Varian GC","Wegner","20240624","2024","April","15","13:28","EDT","G","Control","C3","50","4","1",NA,"Within Range","Within Range",1.07371696694462,12160.8046417318,66.9399605327069,758154.902851112,NA,NA,"50cm"
"5","Varian GC","Wegner","20240624","2024","April","15","13:21","EDT","G","Control","C6","10","5","1",NA,"Within Range","Within Range",1.83197321488944,5544.72264651813,114.212793945725,345680.962999884,NA,NA,"10cm"
"6","Varian GC","Wegner","20240624","2024","April","15","13:22","EDT","G","Control","C6","20","6","1",NA,"Within Range","Within Range",1.29329533874531,15738.0085243417,80.6293852085602,981172.601268185,NA,NA,"20cm"
"7","Varian GC","Wegner","20240624","2024","April","15","13:23","EDT","G","Control","C6","35","7","1",NA,"Within Range","Within Range",1.56658352810875,10214.0070129184,97.667302251169,636783.479608378,NA,NA,"35cm"
"8","Varian GC","Wegner","20240624","2024","April","15","13:24","EDT","G","Control","C6","50","8","1",NA,"Within Range","Within Range",1.42125108058599,8574.92086429709,88.6066758470071,534596.063858921,NA,NA,"50cm"
"9","Varian GC","Wegner","20240624","2024","April","15","13:29","EDT","G","Control","F4","10","9","1",NA,"Within Range","Within Range",2.60760616851632,3282.27033465088,162.568963124459,204630.320115391,NA,NA,"10cm"
"10","Varian GC","Wegner","20240624","2024","April","15","13:30","EDT","G","Control","F4","20","10","1",NA,"Within Range","Within Range",1.55710532500944,11321.6114975147,97.0763918335063,705836.128273985,NA,NA,"20cm"
"11","Varian GC","Wegner","20240624","2024","April","15","13:31","EDT","G","Control","F4","35","11","1",NA,"Within Range","Within Range",1.55394592397634,6727.74894138282,96.8794216942854,419435.719537582,NA,NA,"35cm"
"12","Varian GC","Wegner","20240624","2024","April","15","13:32","EDT","G","Control","F4","50","12","1",NA,"Within Range","Within Range",1.69927837149909,6881.49774232294,105.940048098447,429021.056254547,NA,NA,"50cm"
"13","Varian GC","Wegner","20240624","2024","April","15","13:33","EDT","G","Control","F4","ATM","13","1",NA,"Within Range","Within Range",2.25691265384184,410.021250215325,140.705277670938,25562.4220832497,NA,NA,"0cm"
"14","Varian GC","Wegner","20240624","2024","April","15","13:35","EDT","G","Control","H3","10","14","1",NA,"Within Range","Within Range",1.88252363141909,10244.0093872276,117.36431617326,638653.951822168,NA,NA,"10cm"
"15","Varian GC","Wegner","20240624","2024","April","15","13:36","EDT","G","Control","H3","20","15","1",NA,"Within Range","Within Range",1.4702217965991,15550.704592689,91.6597130049312,969495.298796074,NA,NA,"20cm"
"16","Varian GC","Wegner","20240624","2024","April","15","13:37","EDT","G","Control","H3","35","16","1",NA,"Within Range","Within Range",1.47496089814875,24226.642668816,91.9551682137626,1510389.19381646,NA,NA,"35cm"
"17","Varian GC","Wegner","20240624","2024","April","15","13:38","EDT","G","Control","H3","50","17","1",NA,"Within Range","Within Range",1.18429600310324,23167.7430286923,73.8339154054388,1444373.00677633,NA,NA,"50cm"
"18","Varian GC","Wegner","20240624","2024","April","15","13:42","EDT","G","Control","H6","10","18","1",NA,"Within Range","Within Range",1.68664076736668,2373.13898244013,105.152167541564,147951.308132178,NA,NA,"10cm"
"19","Varian GC","Wegner","20240624","2024","April","15","13:43","EDT","G","Control","H6","20","19","1",NA,"Within Range","Within Range",1.74350998596254,7122.25342875972,108.69763004754,444030.762391504,NA,NA,"20cm"
"20","Varian GC","Wegner","20240624","2024","April","15","13:44","EDT","G","Control","H6","35","20","1",NA,"Within Range","Within Range",1.53025041622806,12005.873569012,95.4021456501285,748495.858417208,NA,NA,"35cm"
"21","Varian GC","Wegner","20240624","2024","April","15","13:45","EDT","G","Control","H6","50","21","1",NA,"Within Range","Within Range",1.80827770714116,9309.6403942118,112.735517901569,580401.520836147,NA,NA,"50cm"
"22","Varian GC","Wegner","20240624","2024","April","15","12:11","EDT","G","Saltwater","C3","10","22","1",NA,"Within Range","Within Range",1.60291663998944,3952.03620945224,99.9324588522095,246386.297347396,NA,NA,"10cm"
"23","Varian GC","Wegner","20240624","2024","April","15","12:12","EDT","G","Saltwater","C3","20","23","1",NA,"Within Range","Within Range",1.33752695320875,17091.026489723,83.386967157653,1065525.34225206,NA,NA,"20cm"
"24","Varian GC","Wegner","20240624","2024","April","15","12:13","EDT","G","Saltwater","C3","35","24","1",NA,"Within Range","Within Range",1.6629452596184,17871.872442239,103.674891497407,1114206.51136153,NA,NA,"35cm"
"25","Varian GC","Wegner","20240624","2024","April","15","12:13","EDT","G","Saltwater","C3","50","25","1",NA,"Within Range","Within Range",1.00263044369979,23317.125147431,62.5081324002365,1453686.10644831,NA,NA,"50cm"
"26","Varian GC","Wegner","20240624","2024","April","15","11:45","EDT","G","Saltwater","C6","10","26","1",NA,"Within Range","Within Range",1.59659783792323,16547.3062334056,99.5385185737677,1031627.57066119,NA,NA,"10cm"
"27","Varian GC","Wegner","20240624","2024","April","15","11:47","EDT","G","Saltwater","C6","20","27","1",NA,"Within Range","Within Range",0.988413139050828,33535.2862611422,61.6217667737424,2090728.56989664,NA,NA,"20cm"
"28","Varian GC","Wegner","20240624","2024","April","15","11:48","EDT","G","Saltwater","C6","35","28","1",NA,"Within Range","Within Range",2.07366739392185,23476.3040810678,129.281009596125,1463609.98011645,NA,NA,"35cm"
"29","Varian GC","Wegner","20240624","2024","April","15","11:50","EDT","W","Saltwater","C6","50","29","1",NA,"Within Range","Within Range",2.46701282254322,18491.0501552101,0.100833555342159,755.77974792928,NA,NA,"50cm"
"30","Varian GC","Wegner","20240624","2024","April","15","12:04","EDT","G","Saltwater","F4","10","30","1",NA,"Within Range","Within Range",1.39755557283772,15080.920880585,87.1293998028503,940207.037442958,NA,NA,"10cm"
"31","Varian GC","Wegner","20240624","2024","April","15","12:06","EDT","G","Saltwater","F4","20","31","1",NA,"Within Range","Within Range",0.936283022004621,26988.1324930047,58.3717594765973,1682551.90106015,NA,NA,"20cm"
"32","Varian GC","Wegner","20240624","2024","April","15","12:07","EDT","G","Saltwater","F4","35","32","1",NA,"Within Range","Within Range",1.96308835776323,12433.3687860006,122.387054723393,775147.679925223,NA,NA,"35cm"
"33","Varian GC","Wegner","20240624","2024","April","15","12:08","EDT","G","Saltwater","F4","50","33","1",NA,"Within Range","Within Range",1.39439617180461,20365.2242150027,86.9324296636294,1269652.38248146,NA,NA,"50cm"
"34","Varian GC","Wegner","20240624","2024","April","15","12:09","EDT","G","Saltwater","F4","ATM","34","1",NA,"Within Range","Within Range",2.13211631303426,310.965886481231,132.924957171712,19386.9006534433,NA,NA,"0cm"
"35","Varian GC","Wegner","20240624","2024","April","15","11:59","EDT","G","Saltwater","H3","10","35","1",NA,"Within Range","Within Range",1.85882812367082,2515.48688114276,115.887040129103,156825.865407903,NA,NA,"10cm"
"36","Varian GC","Wegner","20240624","2024","April","15","12:00","EDT","G","Saltwater","H3","20","36","1",NA,"Within Range","Within Range",0.923645417872208,13923.5718652776,57.5838789197137,868053.108807834,NA,NA,"20cm"
"37","Varian GC","Wegner","20240624","2024","April","15","12:01","EDT","G","Saltwater","H3","35","37","1",NA,"Within Range","Within Range",0.506604481502558,16538.1629355715,31.5838205425535,1031057.53962416,NA,NA,"35cm"
"38","Varian GC","Wegner","20240624","2024","April","15","12:03","EDT","G","Saltwater","H3","50","38","1",NA,"Within Range","Within Range",1.10689067779221,13851.0849407338,69.0081469945265,863533.973861209,NA,NA,"50cm"
"39","Varian GC","Wegner","20240624","2024","April","15","11:55","EDT","G","Saltwater","H6","10","39","1",NA,"Within Range","Within Range",1.04686205816324,21189.2735865239,65.2657143493292,1321027.0315788,NA,NA,"10cm"
"40","Varian GC","Wegner","20240624","2024","April","15","11:56","EDT","G","Saltwater","H6","20","40","1",NA,"Within Range","Within Range",0.876254402375657,26214.7425760844,54.6293268314,1634335.57207509,NA,NA,"20cm"
"41","Varian GC","Wegner","20240624","2024","April","15","11:57","EDT","G","Saltwater","H6","35","41","1",NA,"Within Range","Within Range",1.18271630258669,31231.3059103796,73.7354303358284,1947088.89715584,NA,NA,"35cm"
"42","Varian GC","Wegner","20240624","2024","April","15","11:58","EDT","G","Saltwater","H6","50","42","1",NA,"Within Range","Within Range",1.4244104816191,21592.8203736431,88.803645986228,1346185.80883062,NA,NA,"50cm"
"43","Varian GC","Wegner","20240624","2024","April","15","11:36","EDT","G","Freshwater","C3","10","43","1",NA,"Within Range","Within Range",1.43546838523496,8706.94319338598,89.4930414735012,542826.882380672,NA,NA,"10cm"
"44","Varian GC","Wegner","20240624","2024","April","15","11:37","EDT","G","Freshwater","C3","20","44","1",NA,"Within Range","Within Range",1.67716256426737,16297.0864316669,104.561257123901,1016027.83239819,NA,NA,"20cm"
"45","Varian GC","Wegner","20240624","2024","April","15","11:38","EDT","G","Freshwater","C3","35","45","1",NA,"Within Range","Within Range",1.23484641963289,12294.3181779399,76.9854376329734,766478.689397747,NA,NA,"35cm"
"46","Varian GC","Wegner","20240624","2024","April","15","11:39","EDT","G","Freshwater","C3","50","46","1",NA,"Within Range","Within Range",1.58238053327427,14899.124315464,98.6521529472735,928873.086999002,NA,NA,"50cm"
"47","Varian GC","Wegner","20240624","2024","April","15","11:40","EDT","G","Freshwater","C6","10","47","1",NA,"Within Range","Within Range",1.68032196530047,7467.91048612272,104.758227263122,465580.454247052,NA,NA,"10cm"
"48","Varian GC","Wegner","20240624","2024","April","15","11:41","EDT","G","Freshwater","C6","20","48","1",NA,"Within Range","Within Range",1.55868502552599,20046.8663477289,97.1748769031167,1249804.63514519,NA,NA,"20cm"
"49","Varian GC","Wegner","20240624","2024","April","15","11:42","EDT","G","Freshwater","C6","35","49","1",NA,"Within Range","Within Range",0.95365972768669,18293.913762274,59.4550952423123,1140518.31435623,NA,NA,"35cm"
"50","Varian GC","Wegner","20240624","2024","April","15","11:43","EDT","G","Freshwater","C6","50","50","1",NA,"Within Range","Within Range",1.05002145919634,18648.2625965903,65.4626844885501,1162609.88756797,NA,NA,"50cm"
"51","Varian GC","Wegner","20240624","2024","April","15","11:23","EDT","G","Freshwater","F4","10","51","1",NA,"Within Range","Within Range",2.38644809619908,4444.85936859999,148.781053378995,277110.933204488,NA,NA,"10cm"
"52","Varian GC","Wegner","20240624","2024","April","15","11:25","EDT","G","Freshwater","F4","20","52","1",NA,"Within Range","Within Range",1.192194505686,11701.1207388012,74.3263407534911,729496.305411549,NA,NA,"20cm"
"53","Varian GC","Wegner","20240624","2024","April","15","11:27","EDT","G","Freshwater","F4","35","53","1",NA,"Within Range","Within Range",1.63609035083703,12417.1734449378,102.000645314029,774137.995320314,NA,NA,"35cm"
"54","Varian GC","Wegner","20240624","2024","April","15","11:29","EDT","G","Freshwater","F4","50","54","1",NA,"Within Range","Within Range",1.05318086022945,13116.715933608,65.659654627771,817750.369925688,NA,NA,"50cm"
"55","Varian GC","Wegner","20240624","2024","April","15","11:30","EDT","G","Freshwater","F4","ATM","55","1",NA,"Within Range","Within Range",2.22373894299426,306.789318334823,138.637091209118,19126.5161056623,NA,NA,"0cm"
"56","Varian GC","Wegner","20240624","2024","April","15","11:19","EDT","G","Freshwater","H3","10","56","1",NA,"Within Range","Within Range",2.54441814785425,6307.60876189816,158.629560340041,393242.441514848,NA,NA,"10cm"
"57","Varian GC","Wegner","20240624","2024","April","15","11:20","EDT","G","Freshwater","H3","20","57","1",NA,"Within Range","Within Range",1.62661214773772,11207.4123610848,101.409734896366,698716.481364387,NA,NA,"20cm"
"58","Varian GC","Wegner","20240624","2024","April","15","11:21","EDT","G","Freshwater","H3","35","58","1",NA,"Within Range","Within Range",1.77352429577702,10645.1084558883,110.568846370139,663660.128172586,NA,NA,"35cm"
"59","Varian GC","Wegner","20240624","2024","April","15","11:22","EDT","G","Freshwater","H3","50","59","1",NA,"Within Range","Within Range",1.29961414081151,9405.69552051497,81.0233254870021,586389.995044574,NA,NA,"50cm"
"60","Varian GC","Wegner","20240624","2024","April","15","11:12","EDT","G","Freshwater","H6","10","60","1",NA,"Within Range","Within Range",1.61713394463841,6820.10872574138,100.818824478704,425193.810831757,NA,NA,"10cm"
"61","Varian GC","Wegner","20240624","2024","April","15","11:14","EDT","G","Freshwater","H6","20","61","1",NA,"Within Range","Within Range",1.09425307365979,9396.91462759834,68.2202664376429,585842.55783032,NA,NA,"20cm"
"62","Varian GC","Wegner","20240624","2024","April","15","11:15","EDT","G","Freshwater","H6","35","62","1",NA,"Within Range","Within Range",1.5681632286253,5897.34263114655,97.7657873207795,367664.752565246,NA,NA,"35cm"
"63","Varian GC","Wegner","20240624","2024","April","15","11:17","EDT","G","Freshwater","H6","50","63","1",NA,"Within Range","Within Range",1.25222312531496,12927.5702720473,78.0687733986884,805958.246386989,NA,NA,"50cm"
"64","Varian GC","Wegner","2024625","2024","May","22","12:53","EDT","G","Control","C3","10","1","1",NA,"Within Range","Within Range",2.18795231550104,15515.8252894606,136.406004707048,967320.778644673,NA,NA,"10cm"
"65","Varian GC","Wegner","2024625","2024","May","22","12:54","EDT","G","Control","C3","20","2","1",NA,"Within Range","Within Range",1.72699243963221,22270.1311893837,107.667857832432,1388412.16891419,NA,NA,"20cm"
"66","Varian GC","Wegner","2024625","2024","May","22","12:55","EDT","G","Control","C3","35","3","1",NA,"Within Range","Within Range",1.26908527817311,28979.3602998586,79.1200298112911,1806693.28552735,NA,NA,"35cm"
"67","Varian GC","Wegner","2024625","2024","May","22","12:55","EDT","G","Control","C3","50","4","1",NA,"Within Range","Within Range",1.34540313841629,33497.6645703939,83.878001148148,2088383.07795473,NA,NA,"50cm"
"68","Varian GC","Wegner","2024625","2024","May","22","12:57","EDT","G","Control","C6","10","5","1",NA,"Within Range","Within Range",2.51611911454673,8603.00569874174,156.865281455532,536346.98869961,NA,NA,"10cm"
"69","Varian GC","Wegner","2024625","2024","May","22","12:58","EDT","G","Control","C6","20","6","1",NA,"Within Range","Within Range",1.71020251037871,34847.8720618613,106.621104138324,2172560.60236043,NA,NA,"20cm"
"70","Varian GC","Wegner","2024625","2024","May","22","12:59","EDT","G","Control","C6","35","7","1",NA,"Within Range","Within Range",1.53314507461453,23145.9814083405,95.5826106368158,1443016.29727809,NA,NA,"35cm"
"71","Varian GC","Wegner","2024625","2024","May","22","12:59","EDT","G","Control","C6","50","8","1",NA,"Within Range","Within Range",1.37593028251357,24668.0881911597,85.7811896828907,1537910.73510971,NA,NA,"50cm"
"72","Varian GC","Wegner","2024625","2024","May","22","12:48","EDT","G","Control","F4","10","9","1",NA,"Within Range","Within Range",2.35585160803605,7087.66101180314,146.873541648133,441874.127917902,NA,NA,"10cm"
"73","Varian GC","Wegner","2024625","2024","May","22","12:49","EDT","G","Control","F4","20","10","1",NA,"Within Range","Within Range",1.48277528685402,25961.9987802021,92.4423495544903,1618578.47756871,NA,NA,"20cm"
"74","Varian GC","Wegner","2024625","2024","May","22","12:49","EDT","G","Control","F4","35","11","1",NA,"Within Range","Within Range",1.49498614449293,19352.1684369281,93.2036249683874,1206494.29157906,NA,NA,"35cm"
"75","Varian GC","Wegner","2024625","2024","May","22","12:50","EDT","G","Control","F4","50","12","1",NA,"Within Range","Within Range",1.79262579944135,19733.4559406023,111.759713182129,1230265.33295526,NA,NA,"50cm"
"76","Varian GC","Wegner","2024625","2024","May","22","12:51","EDT","G","Control","F4","ATM","13","1",NA,"Within Range","Within Range",2.92823555985992,641.708993887652,182.558326674559,40006.7951301528,NA,NA,"0cm"
"77","Varian GC","Wegner","2024625","2024","May","22","12:40","EDT","G","Control","H3","10","14","1",NA,"Within Range","Within Range",1.6812017234863,18565.3399686927,104.813075030318,1157440.14767411,NA,NA,"10cm"
"78","Varian GC","Wegner","2024625","2024","May","22","12:41","EDT","G","Control","H3","20","15","1",NA,"Within Range","Within Range",1.4461427139373,28711.3884302275,90.158523312799,1789986.80986456,NA,NA,"20cm"
"79","Varian GC","Wegner","2024625","2024","May","22","12:42","EDT","G","Control","H3","35","16","1",NA,"Within Range","Needs Dilution",1.10423870004783,50541.2298437546,68.8428117236804,3150949.4915059,NA,NA,"35cm"
"80","Varian GC","Wegner","2024625","2024","May","22","12:43","EDT","G","Control","H3","50","17","1",NA,"Within Range","Within Range",1.54230321784371,41801.6569029446,96.1535671972386,2606088.33559505,NA,NA,"50cm"
"81","Varian GC","Wegner","2024625","2024","May","22","12:45","EDT","G","Control","H6","10","18","1",NA,"Within Range","Within Range",2.00631580812226,5989.63754185631,125.082032925328,373418.7993676,NA,NA,"10cm"
"82","Varian GC","Wegner","2024625","2024","May","22","12:45","EDT","G","Control","H6","20","19","1",NA,"Within Range","Within Range",1.07065884154083,18130.1982325827,66.7493043354634,1130311.61051015,NA,NA,"20cm"
"83","Varian GC","Wegner","2024625","2024","May","22","12:46","EDT","G","Control","H6","35","20","1",NA,"Within Range","Within Range",1.19582013233965,26605.4719706959,74.5523773279086,1658695.26001845,NA,NA,"35cm"
"84","Varian GC","Wegner","2024625","2024","May","22","12:47","EDT","G","Control","H6","50","21","1",NA,"Within Range","Within Range",1.26145349214879,21003.3729272674,78.6442326776055,1309437.21491692,NA,NA,"50cm"
"85","Varian GC","Wegner","2024625","2024","May","22","13:39","EDT","G","Saltwater","C3","10","22","1",NA,"Within Range","Within Range",2.03531659501467,8443.23891246689,126.890062033334,526386.465864519,NA,NA,"10cm"
"86","Varian GC","Wegner","2024625","2024","May","22","13:40","EDT","G","Saltwater","C3","20","23","1",NA,"Within Range","Within Range",1.5972520772188,35177.8057494246,99.5793065597756,2193130.0342534,NA,NA,"20cm"
"87","Varian GC","Wegner","2024625","2024","May","22","13:41","EDT","G","Saltwater","C3","35","24","1",NA,"Within Range","Within Range",1.16071391662779,35102.74128798,72.3637105129544,2188450.20498629,NA,NA,"35cm"
"88","Varian GC","Wegner","2024625","2024","May","22","13:42","EDT","G","Saltwater","C3","50","25","1",NA,"Within Range","Needs Dilution",0.672279611071413,61839.8605129644,41.9126939570707,3855352.89981075,NA,NA,"50cm"
"89","Varian GC","Wegner","2024625","2024","May","22","13:58","EDT","G","Saltwater","C6","10","26","1",NA,"Within Range","Within Range",11.0118233168179,25409.8167714127,686.522650674435,1584153.16530005,NA,NA,"10cm"
"90","Varian GC","Wegner","2024625","2024","May","22","13:59","EDT","G","Saltwater","C6","20","27","1",NA,"Within Range","Needs Dilution",7.18524580422471,59141.7207356461,447.957967844433,3687139.69673604,NA,NA,"20cm"
"91","Varian GC","Wegner","2024625","2024","May","22","14:00","EDT","G","Saltwater","C6","35","28","1",NA,"Within Range","Within Range",4.38438033329987,42650.0198662298,273.340419781787,2658978.79465273,NA,NA,"35cm"
"92","Varian GC","Wegner","2024625","2024","May","22","14:01","EDT","W","Saltwater","C6","50","29","1",NA,"Within Range","Within Range",5.66957309979508,25015.8135246735,0.231730945093046,1022.4646562108,NA,NA,"50cm"
"93","Varian GC","Wegner","2024625","2024","May","22","13:44","EDT","G","Saltwater","F4","10","30","1",NA,"Within Range","Within Range",2.09026545438977,30048.8513054622,130.315801395871,1873369.78213605,NA,NA,"10cm"
"94","Varian GC","Wegner","2024625","2024","May","22","13:44","EDT","G","Saltwater","F4","20","31","1",NA,"Within Range","Needs Dilution",1.07829062756515,54383.4977652388,67.2251014691491,3390492.37937897,NA,NA,"20cm"
"95","Varian GC","Wegner","2024625","2024","May","22","13:45","EDT","G","Saltwater","F4","35","32","1",NA,"Within Range","Within Range",2.57412068833155,18742.2458673276,160.481339671543,1168469.19372366,NA,NA,"35cm"
"96","Varian GC","Wegner","2024625","2024","May","22","13:45","EDT","G","Saltwater","F4","50","33","1",NA,"Within Range","Within Range",1.68578079510089,42316.7715390119,105.098553310529,2638202.71440224,NA,NA,"50cm"
"97","Varian GC","Wegner","2024625","2024","May","22","13:46","EDT","G","Saltwater","F4","ATM","34","1",NA,"Within Range","Within Range",2.21237403077886,625.418752658701,137.928555534842,38991.1940560287,NA,NA,"0cm"
"98","Varian GC","Wegner","2024625","2024","May","22","13:47","EDT","G","Saltwater","H3","10","35","1",NA,"Within Range","Within Range",2.25205931810532,5900.68508673729,140.402700630007,367873.135083372,NA,NA,"10cm"
"99","Varian GC","Wegner","2024625","2024","May","22","13:48","EDT","G","Saltwater","H3","20","36","1",NA,"Within Range","Within Range",0.989761909683058,30335.2211575661,61.7058547183951,1891223.26418741,NA,NA,"20cm"
"100","Varian GC","Wegner","2024625","2024","May","22","13:48","EDT","G","Saltwater","H3","35","37","1",NA,"Within Range","Within Range",0.672279611071413,36461.079463478,41.9126939570707,2273134.62989264,NA,NA,"35cm"
"101","Varian GC","Wegner","2024625","2024","May","22","13:49","EDT","G","Saltwater","H3","50","38","1",NA,"Within Range","Within Range",1.2232945620272,35724.3170680733,76.265247009177,2227201.81222402,NA,NA,"50cm"
"102","Varian GC","Wegner","2024625","2024","May","22","13:50","EDT","G","Saltwater","H6","10","39","1",NA,"Within Range","Within Range",1.17597748867643,49012.765189403,73.3153047803258,3055658.67764358,NA,NA,"10cm"
"103","Varian GC","Wegner","2024625","2024","May","22","13:51","EDT","G","Saltwater","H6","20","40","1",NA,"Within Range","Needs Dilution",1.04471076905815,57663.8938428459,65.131594080932,3595005.85055149,NA,NA,"20cm"
"104","Varian GC","Wegner","2024625","2024","May","22","13:51","EDT","G","Saltwater","H6","35","41","1",NA,"Within Range","Needs Dilution",1.00502548173169,69128.9725493415,62.6574489857665,4309786.3185375,NA,NA,"35cm"
"105","Varian GC","Wegner","2024625","2024","May","22","13:52","EDT","G","Saltwater","H6","50","42","1",NA,"Within Range","Within Range",1.34387678121143,38562.376216174,83.7828417214109,2404138.16809065,NA,NA,"50cm"
"106","Varian GC","Wegner","2024625","2024","May","22","14:26","EDT","G","Freshwater","C3","10","43","1",NA,"Within Range","Within Range",1.70104436714953,14285.1180645624,106.050147577901,890593.395546287,NA,NA,"10cm"
"107","Varian GC","Wegner","2024625","2024","May","22","14:27","EDT","G","Freshwater","C3","20","44","1",NA,"Within Range","Within Range",1.32098142313847,27842.8893197727,82.3554503203538,1735840.98003571,NA,NA,"20cm"
"108","Varian GC","Wegner","2024625","2024","May","22","14:28","EDT","G","Freshwater","C3","35","45","1",NA,"Within Range","Within Range",1.43087914188866,23603.3497089632,89.2069290454277,1471530.53048399,NA,NA,"35cm"
"109","Varian GC","Wegner","2024625","2024","May","22","14:29","EDT","G","Freshwater","C3","50","46","1",NA,"Within Range","Within Range",1.32861320916279,34398.4900794306,82.8312474540395,2144544.26929119,NA,NA,"50cm"
"110","Varian GC","Wegner","2024625","2024","May","22","14:22","EDT","G","Freshwater","C6","10","47","1",NA,"Within Range","Within Range",2.37111518008468,19669.9927179486,147.825135915504,1226308.77293944,NA,NA,"10cm"
"111","Varian GC","Wegner","2024625","2024","May","22","14:23","EDT","G","Freshwater","C6","20","48","1",NA,"Within Range","Within Range",1.52551328859021,29478.831453654,95.1068135031301,1837832.38489115,NA,NA,"20cm"
"112","Varian GC","Wegner","2024625","2024","May","22","14:24","EDT","G","Freshwater","C6","35","49","1",NA,"Within Range","Within Range",1.3408240668017,29915.5612139888,83.5925228679366,1865059.92605915,NA,NA,"35cm"
"113","Varian GC","Wegner","2024625","2024","May","22","14:25","EDT","G","Freshwater","C6","50","50","1",NA,"Within Range","Within Range",1.33777135239198,37126.9871052922,83.4022040144623,2314650.06890849,NA,NA,"50cm"
"114","Varian GC","Wegner","2024625","2024","May","22","14:30","EDT","G","Freshwater","F4","10","51","1",NA,"Within Range","Within Range",1.94831423433744,6413.07987040522,121.465974709317,399817.947032744,NA,NA,"10cm"
"115","Varian GC","Wegner","2024625","2024","May","22","14:31","EDT","G","Freshwater","F4","20","52","1",NA,"Within Range","Within Range",1.20803098997856,25943.0579821762,75.3136527418057,1617397.62981148,NA,NA,"20cm"
"116","Varian GC","Wegner","2024625","2024","May","22","14:32","EDT","G","Freshwater","F4","35","53","1",NA,"Within Range","Within Range",1.45224814275675,17956.5607765341,90.5391610197476,1119486.33270162,NA,NA,"35cm"
"117","Varian GC","Wegner","2024625","2024","May","22","14:33","EDT","G","Freshwater","F4","50","54","1",NA,"Within Range","Within Range",1.3744039253087,21310.3697703921,85.6860302561536,1328576.66897706,NA,NA,"50cm"
"118","Varian GC","Wegner","2024625","2024","May","22","14:34","EDT","G","Freshwater","F4","ATM","55","1",NA,"Within Range","Within Range",2.53901447261969,703.942219596407,158.292672856589,43886.6720446638,NA,NA,"0cm"
"119","Varian GC","Wegner","2024625","2024","May","22","14:36","EDT","G","Freshwater","H3","10","56","1",NA,"Within Range","Within Range",2.07347552513627,10199.3915928434,129.269047701762,635872.29381817,NA,NA,"10cm"
"120","Varian GC","Wegner","2024625","2024","May","22","14:36","EDT","G","Freshwater","H3","20","57","1",NA,"Within Range","Within Range",1.52398693138534,17649.3329480676,95.011654076393,1100332.47805908,NA,NA,"20cm"
"121","Varian GC","Wegner","2024625","2024","May","22","14:37","EDT","G","Freshwater","H3","35","58","1",NA,"Within Range","Within Range",1.3408240668017,19729.0845430092,83.5925228679366,1229992.80193324,NA,NA,"35cm"
"122","Varian GC","Wegner","2024625","2024","May","22","14:38","EDT","G","Freshwater","H3","50","59","1",NA,"Within Range","Within Range",1.38966749735734,18139.6108852602,86.6376245235249,1130898.43424316,NA,NA,"50cm"
"123","Varian GC","Wegner","2024625","2024","May","22","14:43","EDT","G","Freshwater","H6","10","60","1",NA,"Within Range","Within Range",1.92389251905963,17246.1538086262,119.943423881523,1075196.62148543,NA,NA,"10cm"
"124","Varian GC","Wegner","2024625","2024","May","22","14:44","EDT","G","Freshwater","H6","20","61","1",NA,"Within Range","Within Range",1.16529298824238,22181.3231001033,72.6491887931658,1382875.50499397,NA,NA,"20cm"
"125","Varian GC","Wegner","2024625","2024","May","22","14:45","EDT","G","Freshwater","H6","35","62","1",NA,"Within Range","Within Range",1.67662265187171,11179.7857774894,104.527596750107,696994.125778642,NA,NA,"35cm"
"126","Varian GC","Wegner","2024625","2024","May","22","14:46","EDT","G","Freshwater","H6","50","63","1",NA,"Within Range","Within Range",0.672279611071413,30277.1976397112,41.9126939570707,1887605.83788723,NA,NA,"50cm"
"127","Varian GC","A. Stearns","20240722","2024","June","10","1411","EDT","G","Control","C3","10","1","1",NA,"Within Range","Within Range",1.04982634945801,5582.71758245568,0.000858185432523232,4.56361845521236,"D1_PM",NA,"10cm"
"128","Varian GC","A. Stearns","20240722","2024","June","10","1412","EDT","G","Control","C3","20","2","1",NA,"Within Range","Within Range",0.466880567632181,10565.7246005093,0.000381653691657643,8.63700072006251,"D1_PM",NA,"20cm"
"129","Varian GC","A. Stearns","20240722","2024","June","10","1413","EDT","G","Control","C3","35","3","1",NA,"Within Range","Within Range",0.265587134681274,14811.4128240566,0.000217105438596321,12.1076583067814,"D1_PM",NA,"35cm"
"130","Varian GC","A. Stearns","20240722","2024","June","10","1414","EDT","G","Control","C3","50","4","1",NA,"Within Range","Within Range",0.119045515493014,27081.0695646952,9.73143103676781e-05,22.1375462804568,"D1_PM",NA,"50cm"
"131","Varian GC","A. Stearns","20240722","2024","June","10","1416","EDT","G","Control","C6","10","5","1",NA,"Within Range","Within Range",1.10457816322065,6900.98914380054,0.000902942557355912,5.64124567483766,"D1_PM",NA,"10cm"
"132","Varian GC","A. Stearns","20240722","2024","June","10","1417","EDT","G","Control","C6","20","6","1",NA,"Within Range","Within Range",0.832429441871028,18568.1511321984,0.000680473319217004,15.1786215108519,"D1_PM",NA,"20cm"
"133","Varian GC","A. Stearns","20240722","2024","June","10","1418","EDT","G","Control","C6","35","7","1",NA,"Within Range","Within Range",0.410518406405927,18904.2049100164,0.000335580180800473,15.4533302346486,"D1_PM",NA,"35cm"
"134","Varian GC","A. Stearns","20240722","2024","June","10","1419","EDT","G","Control","C6","50","8","1",NA,"Within Range","Within Range",0.265587134681274,19433.9155823859,0.000217105438596321,15.8863446876716,"D1_PM",NA,"50cm"
"135","Varian GC","A. Stearns","20240722","2024","June","10","1423","EDT","G","Control","F4","10","9","1",NA,"Within Range","Within Range",1.15771962951969,4400.97813319202,0.000946383296164101,3.59760004567284,"D1_PM",NA,"10cm"
"136","Varian GC","A. Stearns","20240722","2024","June","10","1424","EDT","G","Control","F4","20","10","1",NA,"Within Range","Within Range",0.378311457133782,14203.1369124399,0.000309252460310661,11.6104203334978,"D1_PM",NA,"20cm"
"137","Varian GC","A. Stearns","20240722","2024","June","10","1425","EDT","G","Control","F4","35","11","1",NA,"Within Range","Within Range",0.344494160398029,13880.3714400059,0.000281608353796359,11.3465741967463,"D1_PM",NA,"35cm"
"138","Varian GC","A. Stearns","20240722","2024","June","10","1426","EDT","G","Control","F4","50","12","1",NA,"Within Range","Within Range",0.181849066573697,20455.7295298207,0.000148653365322811,16.7216312518641,"D1_PM",NA,"50cm"
"139","Varian GC","A. Stearns","20240722","2024","June","10","1427","EDT","G","Control","F4","ATM","13","1",NA,"Within Range","Within Range",1.6037858769389,653.126565909206,0.00131102222494799,0.533901349253213,"D1_PM",NA,"0cm"
"140","Varian GC","A. Stearns","20240722","2024","June","10","1428","EDT","G","Control","H3","10","14","1",NA,"Within Range","Within Range",0.685887822682767,6858.40684385133,0.000560682190988362,5.60643657567701,"D1_PM",NA,"10cm"
"141","Varian GC","A. Stearns","20240722","2024","June","10","1429","EDT","G","Control","H3","20","15","1",NA,"Within Range","Within Range",0.320338948443921,12568.1259011924,0.000261862563429,10.2738729772687,"D1_PM",NA,"20cm"
"142","Varian GC","A. Stearns","20240722","2024","June","10","1430","EDT","G","Control","H3","35","16","1",NA,"Within Range","Within Range",0.102942040856941,20554.4571596188,8.41504501227724e-05,16.802336612064,"D1_PM",NA,"35cm"
"143","Varian GC","A. Stearns","20240722","2024","June","10","1431","EDT","G","Control","H3","50","17","1",NA,"Within Range","Within Range",-0.238451621427797,24302.7327582195,-0.00019492338706923,19.8663819348567,"D1_PM",NA,"50cm"
"144","Varian GC","A. Stearns","20240722","2024","June","10","1434","EDT","G","Control","H6","10","18","1",NA,"Within Range","Within Range",0.896843340415318,4026.22403227857,0.000733128760196627,3.29125556275117,"D1_PM",NA,"10cm"
"145","Varian GC","A. Stearns","20240722","2024","June","10","1435","EDT","G","Control","H6","20","19","1",NA,"Within Range","Within Range",0.139980032519908,10980.9348725105,0.000114427328686056,8.9764162882176,"D1_PM",NA,"20cm"
"146","Varian GC","A. Stearns","20240722","2024","June","10","1436","EDT","G","Control","H6","35","20","1",NA,"Within Range","Within Range",-0.238451621427797,20206.6499503422,-0.00019492338706923,16.5180199910515,"D1_PM",NA,"35cm"
"147","Varian GC","A. Stearns","20240722","2024","June","10","1437","EDT","G","Control","H6","50","21","1",NA,"Within Range","Within Range",-0.238451621427797,18655.2567205237,-0.00019492338706923,15.249826379191,"D1_PM",NA,"50cm"
"148","Varian GC","A. Stearns","20240722","2024","June","10","1337","EDT","G","Saltwater","C3","10","22","1",NA,"Within Range","Within Range",1.01600905272225,3425.4433221256,0.00083054132600893,2.80014457676723,"D1_PM",NA,"10cm"
"149","Varian GC","A. Stearns","20240722","2024","June","10","1338","EDT","G","Saltwater","C3","20","23","1",NA,"Within Range","Within Range",0.375090762206567,11511.8041656641,0.00030661968826168,9.41037786118968,"D1_PM",NA,"20cm"
"150","Varian GC","A. Stearns","20240722","2024","June","10","1339","EDT","G","Saltwater","C3","35","24","1",NA,"Within Range","Within Range",0.206004278527805,17143.382015076,0.000168399155690169,14.0139373688938,"D1_PM",NA,"35cm"
"151","Varian GC","A. Stearns","20240722","2024","June","10","1340","EDT","G","Saltwater","C3","50","25","1",NA,"Within Range","Within Range",-0.238451621427797,30091.3096961397,-0.00019492338706923,24.5982810777271,"D1_PM",NA,"50cm"
"152","Varian GC","A. Stearns","20240722","2024","June","10","1344","EDT","G","Saltwater","C6","10","26","1",NA,"Within Range","Within Range",0.946764111787143,15212.8570089074,0.000773936726955835,12.4358207229638,"D1_PM",NA,"10cm"
"153","Varian GC","A. Stearns","20240722","2024","June","10","1346","EDT","G","Saltwater","C6","20","27","1",NA,"Within Range","Within Range",-0.238451621427797,36588.5922730183,-0.00019492338706923,29.909514941635,"D1_PM",NA,"20cm"
"154","Varian GC","A. Stearns","20240722","2024","June","10","1347","EDT","G","Saltwater","C6","35","28","1",NA,"Within Range","Within Range",0.183459414037304,28761.631095117,0.000149969751347301,23.5113291204585,"D1_PM",NA,"35cm"
"155","Varian GC","A. Stearns","20240722","2024","June","10","1348","EDT","G","Saltwater","C6","50","29","1",NA,"Within Range","Within Range",0.220497405700271,33476.399484851,0.000180246629910585,27.3654384709045,"D1_PM",NA,"50cm"
"156","Varian GC","A. Stearns","20240722","2024","June","10","1350","EDT","G","Saltwater","F4","10","30","1",NA,"Within Range","Within Range",1.1593299769833,13026.1931976586,0.000947699682188592,10.6483222194177,"D1_PM",NA,"10cm"
"157","Varian GC","A. Stearns","20240722","2024","June","10","1351","EDT","G","Saltwater","F4","20","31","1",NA,"Within Range","Within Range",0.0948903035389048,38018.1810137114,7.75685200003195e-05,31.0781389072989,"D1_PM",NA,"20cm"
"158","Varian GC","A. Stearns","20240722","2024","June","10","1352","EDT","G","Saltwater","F4","35","32","1",NA,"Within Range","Within Range",0.206004278527805,42049.1182777112,0.000168399155690169,34.3732473232437,"D1_PM",NA,"35cm"
"159","Varian GC","A. Stearns","20240722","2024","June","10","1353","EDT","G","Saltwater","F4","50","33","1",NA,"Within Range","Needs Dilution",-0.238451621427797,67179.9793365016,-0.00019492338706923,54.9165865893553,"D1_PM",NA,"50cm"
"160","Varian GC","A. Stearns","20240722","2024","June","10","1354","EDT","G","Saltwater","F4","ATM","34","1",NA,"Within Range","Within Range",1.56191684288511,484.606964553409,0.00127679618831124,0.396144217273405,"D1_PM",NA,"0cm"
"161","Varian GC","A. Stearns","20240722","2024","June","10","1358","EDT","G","Saltwater","H3","10","35","1",NA,"Within Range","Within Range",0.985412450913717,4440.70568708573,0.000805529991543609,3.63007551939187,"D1_PM",NA,"10cm"
"162","Varian GC","A. Stearns","20240722","2024","June","10","1359","EDT","G","Saltwater","H3","20","36","1",NA,"Within Range","Within Range",0.148031769837944,16810.0874269602,0.000121009258808509,13.7414841575533,"D1_PM",NA,"20cm"
"163","Varian GC","A. Stearns","20240722","2024","June","10","1400","EDT","G","Saltwater","H3","35","37","1",NA,"Within Range","Within Range",-0.238451621427797,26362.760512228,-0.00019492338706923,21.5503612043772,"D1_PM",NA,"35cm"
"164","Varian GC","A. Stearns","20240722","2024","June","10","1401","EDT","G","Saltwater","H3","50","38","1",NA,"Within Range","Within Range",-0.238451621427797,29835.3261701337,-0.00019492338706923,24.3890261537125,"D1_PM",NA,"50cm"
"165","Varian GC","A. Stearns","20240722","2024","June","10","1402","EDT","G","Saltwater","H6","10","39","1",NA,"Within Range","Within Range",0.32678033829835,35029.7157862802,0.000267128107526963,28.635204106598,"D1_PM",NA,"10cm"
"166","Varian GC","A. Stearns","20240722","2024","June","10","1403","EDT","G","Saltwater","H6","20","40","1",NA,"Within Range","Within Range",-0.238451621427797,46737.3100566775,-0.00019492338706923,38.2056314995993,"D1_PM",NA,"20cm"
"167","Varian GC","A. Stearns","20240722","2024","June","10","1404","EDT","G","Saltwater","H6","35","41","1",NA,"Within Range","Within Range",-0.238451621427797,47558.3720503265,-0.00019492338706923,38.8768124453927,"D1_PM",NA,"35cm"
"168","Varian GC","A. Stearns","20240722","2024","June","10","1405","EDT","G","Saltwater","H6","50","42","1",NA,"Within Range","Within Range",-0.238451621427797,47871.480358803,-0.00019492338706923,39.1327642885477,"D1_PM",NA,"50cm"
"169","Varian GC","A. Stearns","20240722","2024","June","10","1300","EDT","G","Freshwater","C3","10","43","1",NA,"Within Range","Within Range",0.793781102744454,6968.67290331307,0.00064888005462923,5.6965740788752,"D1_PM",NA,"10cm"
"170","Varian GC","A. Stearns","20240722","2024","June","10","1302","EDT","G","Freshwater","C3","20","44","1",NA,"Within Range","Within Range",0.196342193746162,16232.7419124595,0.000160500839543226,13.2695303812617,"D1_PM",NA,"20cm"
"171","Varian GC","A. Stearns","20240722","2024","June","10","1305","EDT","G","Freshwater","C3","35","45","1",NA,"Within Range","Within Range",0.317118253516706,19120.0308785387,0.000259229791380019,15.6297581765094,"D1_PM",NA,"35cm"
"172","Varian GC","A. Stearns","20240722","2024","June","10","1306","EDT","G","Freshwater","C3","50","46","1",NA,"Within Range","Within Range",-0.238451621427797,33232.3067525615,-0.00019492338706923,27.1659037315223,"D1_PM",NA,"50cm"
"173","Varian GC","A. Stearns","20240722","2024","June","10","1309","EDT","G","Freshwater","C6","10","47","1",NA,"Within Range","Within Range",0.615032534284048,16541.3411555136,0.000502761205910776,13.5217962679137,"D1_PM",NA,"10cm"
"174","Varian GC","A. Stearns","20240722","2024","June","10","1310","EDT","G","Freshwater","C6","20","48","1",NA,"Within Range","Within Range",0.15608350715598,22105.462191752,0.000127591188930961,18.0702128899209,"D1_PM",NA,"20cm"
"175","Varian GC","A. Stearns","20240722","2024","June","10","1311","EDT","G","Freshwater","C6","35","49","1",NA,"Within Range","Within Range",-0.238451621427797,32643.4586420297,-0.00019492338706923,26.6845471046019,"D1_PM",NA,"35cm"
"176","Varian GC","A. Stearns","20240722","2024","June","10","1312","EDT","G","Freshwater","C6","50","50","1",NA,"Within Range","Within Range",-0.238451621427797,41391.4218146107,-0.00019492338706923,33.8356102902751,"D1_PM",NA,"50cm"
"177","Varian GC","A. Stearns","20240722","2024","June","10","1313","EDT","G","Freshwater","F4","10","51","1",NA,"Within Range","Within Range",0.946764111787143,6354.71138867372,0.000773936726955835,5.19468838295471,"D1_PM",NA,"10cm"
"178","Varian GC","A. Stearns","20240722","2024","June","10","1316","EDT","G","Freshwater","F4","20","52","1",NA,"Within Range","Within Range",0.157693854619588,18386.6776726954,0.000128907574955452,15.0302751872761,"D1_PM",NA,"20cm"
"179","Varian GC","A. Stearns","20240722","2024","June","10","1317","EDT","G","Freshwater","F4","35","53","1",NA,"Within Range","Within Range",0.106162735784156,19395.9498487566,8.67832221717535e-05,15.8553094221226,"D1_PM",NA,"35cm"
"180","Varian GC","A. Stearns","20240722","2024","June","10","1318","EDT","G","Freshwater","F4","50","54","1",NA,"Within Range","Within Range",-0.238451621427797,30890.63859168,-0.00019492338706923,25.2516962013822,"D1_PM",NA,"50cm"
"181","Varian GC","A. Stearns","20240722","2024","June","10","1319","EDT","G","Freshwater","F4","ATM","55","1",NA,"Within Range","Within Range",1.70201707221895,398.731664277158,0.00139132177244192,0.325945053622497,"D1_PM",NA,"0cm"
"182","Varian GC","A. Stearns","20240722","2024","June","10","1324","EDT","G","Freshwater","H3","10","56","1",NA,"Within Range","Within Range",1.06109878170326,5806.53445102463,0.000867400134694666,4.74657859548508,"D1_PM",NA,"10cm"
"183","Varian GC","A. Stearns","20240722","2024","June","10","1325","EDT","G","Freshwater","H3","20","57","1",NA,"Within Range","Within Range",0.429842575969214,13645.9776775786,0.00035137681309436,11.1549679253917,"D1_PM",NA,"20cm"
"184","Varian GC","A. Stearns","20240722","2024","June","10","1326","EDT","G","Freshwater","H3","35","58","1",NA,"Within Range","Within Range",0.143200727447122,18161.6902387982,0.000117060100735037,14.8463581629311,"D1_PM",NA,"35cm"
"185","Varian GC","A. Stearns","20240722","2024","June","10","1327","EDT","G","Freshwater","H3","50","59","1",NA,"Within Range","Within Range",0.125486905347443,23177.7597551013,0.00010257985446564,18.9467675207621,"D1_PM",NA,"50cm"
"186","Varian GC","A. Stearns","20240722","2024","June","10","1329","EDT","G","Freshwater","H6","10","60","1",NA,"Within Range","Within Range",1.01117801033143,6826.74782954126,0.000826592167935458,5.58055676717061,"D1_PM",NA,"10cm"
"187","Varian GC","A. Stearns","20240722","2024","June","10","1330","EDT","G","Freshwater","H6","20","61","1",NA,"Within Range","Within Range",0.317118253516706,11763.224875799,0.000259229791380019,9.61590289014691,"D1_PM",NA,"20cm"
"188","Varian GC","A. Stearns","20240722","2024","June","10","1331","EDT","G","Freshwater","H6","35","62","1",NA,"Within Range","Within Range",0.251094007508809,17412.7732919075,0.000205257964375906,14.2341525211855,"D1_PM",NA,"35cm"
"189","Varian GC","A. Stearns","20240722","2024","June","10","1332","EDT","G","Freshwater","H6","50","63","1",NA,"Within Range","Within Range",-0.238451621427797,28618.5235114729,-0.00019492338706923,23.3943451605584,"D1_PM",NA,"50cm"
"190","Varian GC","A. Stearns","20240801","2024","June","11","925","EDT","G","Control","C3","10","64","1",NA,"Within Range","Within Range",1.21891283313677,5016.40285449162,0.000996405965094743,4.1006818466837,"D2_AM",NA,"10cm"
"191","Varian GC","A. Stearns","20240801","2024","June","11","926","EDT","G","Control","C3","20","65","1",NA,"Within Range","Within Range",0.47332195748661,8963.26844438418,0.000386919235755605,7.32706548157883,"D2_AM",NA,"20cm"
"192","Varian GC","A. Stearns","20240801","2024","June","11","926","EDT","G","Control","C3","35","66","1",NA,"Within Range","Within Range",0.27363887199931,14576.6189193998,0.000223687368718774,11.9157249373,"D2_AM",NA,"35cm"
"193","Varian GC","A. Stearns","20240801","2024","June","11","927","EDT","G","Control","C3","50","67","1",NA,"Within Range","Within Range",0.102942040856941,24726.2265715994,8.41504501227724e-05,20.2125689224418,"D2_AM",NA,"50cm"
"194","Varian GC","A. Stearns","20240801","2024","June","11","929","EDT","G","Control","C6","10","68","1",NA,"Within Range","Within Range",1.19314727371905,5887.3452645748,0.000975343788702894,4.81263777090482,"D2_AM",NA,"10cm"
"195","Varian GC","A. Stearns","20240801","2024","June","11","929","EDT","G","Control","C6","20","69","1",NA,"Within Range","Within Range",0.846922569043493,16608.2544919274,0.000692320793437419,13.5764948860057,"D2_AM",NA,"20cm"
"196","Varian GC","A. Stearns","20240801","2024","June","11","930","EDT","G","Control","C6","35","70","1",NA,"Within Range","Within Range",0.494256474513504,17291.2972777467,0.000404032254073983,14.1348513883766,"D2_AM",NA,"35cm"
"197","Varian GC","A. Stearns","20240801","2024","June","11","931","EDT","G","Control","C6","50","71","1",NA,"Within Range","Within Range",0.262366439754059,19728.5098474062,0.00021447266654734,16.1271621398872,"D2_AM",NA,"50cm"
"198","Varian GC","A. Stearns","20240801","2024","June","11","932","EDT","G","Control","F4","10","72","1",NA,"Within Range","Within Range",1.26239221465416,4506.11401093478,0.00103194838775599,3.68354385796233,"D2_AM",NA,"10cm"
"199","Varian GC","A. Stearns","20240801","2024","June","11","933","EDT","G","Control","F4","20","73","1",NA,"Within Range","Within Range",0.465270220168574,12825.4233270566,0.000380337305633152,10.4842019548338,"D2_AM",NA,"20cm"
"200","Varian GC","A. Stearns","20240801","2024","June","11","934","EDT","G","Control","F4","35","74","1",NA,"Within Range","Within Range",0.296183736489812,12594.2904251864,0.000242116773061642,10.2952612891092,"D2_AM",NA,"35cm"
"201","Varian GC","A. Stearns","20240801","2024","June","11","935","EDT","G","Control","F4","50","75","1",NA,"Within Range","Within Range",0.133538642665479,19221.374363509,0.000109161784588093,15.7126018796871,"D2_AM",NA,"50cm"
"202","Varian GC","A. Stearns","20240801","2024","June","11","935","EDT","G","Control","F4","ATM","76","1",NA,"Within Range","Within Range",1.61505830918415,872.022282282054,0.00132023692711943,0.712838670773003,"D2_AM",NA,"0cm"
"203","Varian GC","A. Stearns","20240801","2024","June","11","936","EDT","G","Control","H3","10","77","1",NA,"Within Range","Within Range",0.779287975571988,6704.76417225338,0.000637032580408815,5.48084065912626,"D2_AM",NA,"10cm"
"204","Varian GC","A. Stearns","20240801","2024","June","11","937","EDT","G","Control","H3","20","78","1",NA,"Within Range","Within Range",0.402466669087891,11789.4730116022,0.00032899825067802,9.63735955084972,"D2_AM",NA,"20cm"
"205","Varian GC","A. Stearns","20240801","2024","June","11","938","EDT","G","Control","H3","35","79","1",NA,"Within Range","Within Range",0.135148990129086,18666.9743183498,0.000110478170612584,15.2594049840372,"D2_AM",NA,"35cm"
"206","Varian GC","A. Stearns","20240801","2024","June","11","939","EDT","G","Control","H3","50","80","1",NA,"Within Range","Within Range",-0.238451621427797,22095.4407191973,-0.00019492338706923,18.0620207905672,"D2_AM",NA,"50cm"
"207","Varian GC","A. Stearns","20240801","2024","June","11","940","EDT","G","Control","H6","10","81","1",NA,"Within Range","Within Range",0.864636391143173,3134.86839621693,0.000706801039706816,2.56261275200394,"D2_AM",NA,"10cm"
"208","Varian GC","A. Stearns","20240801","2024","June","11","941","EDT","G","Control","H6","20","82","1",NA,"Within Range","Within Range",0.247873312581594,10765.3657116877,0.000202625192326924,8.80019827500532,"D2_AM",NA,"20cm"
"209","Varian GC","A. Stearns","20240801","2024","June","11","941","EDT","G","Control","H6","35","83","1",NA,"Within Range","Within Range",-0.238451621427797,19934.4696224481,-0.00019492338706923,16.2955249159958,"D2_AM",NA,"35cm"
"210","Varian GC","A. Stearns","20240801","2024","June","11","942","EDT","G","Control","H6","50","84","1",NA,"Within Range","Within Range",-0.238451621427797,18510.9725992792,-0.00019492338706923,15.1318806531571,"D2_AM",NA,"50cm"
"211","Varian GC","A. Stearns","20240801","2024","June","11","843","EDT","G","Saltwater","C3","10","85","1",NA,"Within Range","Within Range",1.20603005342791,5296.59797152066,0.000985874876898818,4.32972864839772,"D2_AM",NA,"10cm"
"212","Varian GC","A. Stearns","20240801","2024","June","11","844","EDT","G","Saltwater","C3","20","86","1",NA,"Within Range","Within Range",0.547397940812544,13414.4864393834,0.000447472992882172,10.9657343359715,"D2_AM",NA,"20cm"
"213","Varian GC","A. Stearns","20240801","2024","June","11","845","EDT","G","Saltwater","C3","35","87","1",NA,"Within Range","Within Range",3.94523108902385,18404.8871302753,0.00322504750455729,15.0451605930743,"D2_AM",NA,"35cm"
"214","Varian GC","A. Stearns","20240801","2024","June","11","846","EDT","G","Saltwater","C3","50","88","1",NA,"Within Range","Within Range",1.45080286789621,22724.9062521632,0.00118596555262139,18.576580318384,"D2_AM",NA,"50cm"
"215","Varian GC","A. Stearns","20240801","2024","June","11","848","EDT","G","Saltwater","C6","10","89","1",NA,"Within Range","Within Range",1.58285135991201,12552.5024374242,0.00129390920662961,10.2611015041404,"D2_AM",NA,"10cm"
"216","Varian GC","A. Stearns","20240801","2024","June","11","853","EDT","W","Saltwater","C6","20","90","1",NA,"Within Range","Within Range",4.73752204111862,12302.0910412713,0.193635471430333,502.820077179625,"D2_AM",NA,"20cm"
"217","Varian GC","A. Stearns","20240801","2024","June","11","854","EDT","W","Saltwater","C6","35","91","1",NA,"Within Range","Within Range",3.81318259700806,14439.4298573895,0.155855192527453,590.17895502195,"D2_AM",NA,"35cm"
"218","Varian GC","A. Stearns","20240801","2024","June","11","855","EDT","W","Saltwater","C6","50","92","1",NA,"Within Range","Within Range",2.10943498051158,16590.3973984003,0.0862183718319016,678.094876092077,"D2_AM",NA,"50cm"
"219","Varian GC","A. Stearns","20240801","2024","June","11","857","EDT","W","Saltwater","F4","10","93","1",NA,"Within Range","Within Range",6.47347660688724,5576.49447494557,0.264588678150375,227.926567351604,"D2_AM",NA,"10cm"
"220","Varian GC","A. Stearns","20240801","2024","June","11","858","EDT","G","Saltwater","F4","20","94","1",NA,"Within Range","Within Range",2.93232253441489,29851.1944970573,0.00239704069515272,24.4019977913661,"D2_AM",NA,"20cm"
"221","Varian GC","A. Stearns","20240801","2024","June","11","900","EDT","G","Saltwater","F4","35","95","1",NA,"Within Range","Needs Dilution",-0.238451621427797,67276.7122274241,-0.00019492338706923,54.9956613409829,"D2_AM",NA,"35cm"
"222","Varian GC","A. Stearns","20240801","2024","June","11","902","EDT","G","Saltwater","F4","50","96","1",NA,"Within Range","Needs Dilution",0.267197482144881,65887.3527114796,0.000218421824620811,53.8599229422119,"D2_AM",NA,"50cm"
"223","Varian GC","A. Stearns","20240801","2024","June","11","903","EDT","G","Saltwater","F4","ATM","97","1",NA,"Within Range","Within Range",1.78736548779013,936.905046187833,0.00146109023173992,0.765877387923255,"D2_AM",NA,"0cm"
"224","Varian GC","A. Stearns","20240801","2024","June","11","905","EDT","G","Saltwater","H3","10","98","1",NA,"Within Range","Within Range",1.33163715558928,6547.68147193584,0.00108855298680908,5.35243267509773,"D2_AM",NA,"10cm"
"225","Varian GC","A. Stearns","20240801","2024","June","11","906","EDT","G","Saltwater","H3","20","99","1",NA,"Within Range","Within Range",2.31555945585331,21367.7671441045,0.00189286484777283,17.4671806419092,"D2_AM",NA,"20cm"
"226","Varian GC","A. Stearns","20240801","2024","June","11","907","EDT","G","Saltwater","H3","35","100","1",NA,"Within Range","Within Range",0.515190991540398,30060.1284635963,0.00042114527239236,24.5727918341482,"D2_AM",NA,"35cm"
"227","Varian GC","A. Stearns","20240801","2024","June","11","908","EDT","W","Saltwater","H3","50","101","1",NA,"Within Range","Within Range",2.37031126961596,15347.1136853251,0.0968810986302753,627.278473379123,"D2_AM",NA,"50cm"
"228","Varian GC","A. Stearns","20240801","2024","June","11","913","EDT","G","Saltwater","H6","10","102","1",NA,"Within Range","Within Range",0.460439177777752,46173.5156275323,0.000376388147559681,37.744755121063,"D2_AM",NA,"10cm"
"229","Varian GC","A. Stearns","20240801","2024","June","11","914","EDT","G","Saltwater","H6","20","103","1",NA,"Within Range","Needs Dilution",0.294573389026204,62139.2861424018,0.000240800387037151,50.7960484915749,"D2_AM",NA,"20cm"
"230","Varian GC","A. Stearns","20240801","2024","June","11","917","EDT","W","Saltwater","H6","35","104","1",NA,"Within Range","Within Range",2.69882215219184,18251.6565454511,0.110308236080079,745.995076938672,"D2_AM",NA,"35cm"
"231","Varian GC","A. Stearns","20240801","2024","June","11","918","EDT","W","Saltwater","H6","50","105","1",NA,"Within Range","Within Range",2.28979389643559,22168.7443867396,0.0935901335690489,906.097160728204,"D2_AM",NA,"50cm"
"232","Varian GC","A. Stearns","20240801","2024","June","11","805","EDT","G","Freshwater","C3","10","106","1",NA,"Within Range","Within Range",0.471711610023002,8968.48821018441,0.000385602849731115,7.33133240341142,"D2_AM",NA,"10cm"
"233","Varian GC","A. Stearns","20240801","2024","June","11","806","EDT","G","Freshwater","C3","20","107","1",NA,"Within Range","Within Range",0.560280720521402,12109.6823515849,0.000458004081078096,9.89911616523925,"D2_AM",NA,"20cm"
"234","Varian GC","A. Stearns","20240801","2024","June","11","807","EDT","G","Freshwater","C3","35","108","1",NA,"Within Range","Within Range",-0.238451621427797,27501.6608538429,-0.00019492338706923,22.4813605861075,"D2_AM",NA,"35cm"
"235","Varian GC","A. Stearns","20240801","2024","June","11","808","EDT","G","Freshwater","C3","50","109","1",NA,"Within Range","Within Range",-0.238451621427797,31948.1070034481,-0.00019492338706923,26.1161286732871,"D2_AM",NA,"50cm"
"236","Varian GC","A. Stearns","20240801","2024","June","11","820","EDT","G","Freshwater","C6","10","110","1",NA,"Within Range","Within Range",0.70199129731884,13688.4524766303,0.000573846051233267,11.1896891474437,"D2_AM",NA,"10cm"
"237","Varian GC","A. Stearns","20240801","2024","June","11","821","EDT","G","Freshwater","C6","20","111","1",NA,"Within Range","Within Range",0.135148990129086,16800.1435939426,0.000110478170612584,13.7333555250003,"D2_AM",NA,"20cm"
"238","Varian GC","A. Stearns","20240801","2024","June","11","822","EDT","G","Freshwater","C6","35","112","1",NA,"Within Range","Within Range",0.128707600274657,37494.120110732,0.000105212626514622,30.6497428845432,"D2_AM",NA,"35cm"
"239","Varian GC","A. Stearns","20240801","2024","June","11","823","EDT","G","Freshwater","C6","50","113","1",NA,"Within Range","Within Range",-0.238451621427797,37512.263873319,-0.00019492338706923,30.6645745876639,"D2_AM",NA,"50cm"
"240","Varian GC","A. Stearns","20240801","2024","June","11","824","EDT","G","Freshwater","F4","10","114","1",NA,"Within Range","Within Range",1.50716502912247,4152.47189183345,0.00123203906347856,3.39445746277318,"D2_AM",NA,"10cm"
"241","Varian GC","A. Stearns","20240801","2024","June","11","825","EDT","G","Freshwater","F4","20","115","1",NA,"Within Range","Within Range",0.157693854619588,18062.9566367281,0.000128907574955452,14.7656479206697,"D2_AM",NA,"20cm"
"242","Varian GC","A. Stearns","20240801","2024","June","11","826","EDT","W","Freshwater","F4","35","116","1",NA,"Within Range","Within Range",1.56996858020315,7795.17563682934,0.0641689059216844,318.610129139007,"D2_AM",NA,"35cm"
"243","Varian GC","A. Stearns","20240801","2024","June","11","829","EDT","W","Freshwater","F4","50","117","1",NA,"Within Range","Within Range",1.47495807985032,10996.0208317913,0.0602855671494372,449.437418790122,"D2_AM",NA,"50cm"
"244","Varian GC","A. Stearns","20240801","2024","June","11","833","EDT","G","Freshwater","F4","ATM","118","1",NA,"Within Range","Within Range",1.52004780883133,808.763976382752,0.00124257015167448,0.661127874376146,"D2_AM",NA,"0cm"
"245","Varian GC","A. Stearns","20240801","2024","June","11","810","EDT","G","Freshwater","H3","10","119","1",NA,"Within Range","Within Range",1.12712302771116,5456.09944203168,0.00092137196169878,4.46011386737156,"D2_AM",NA,"10cm"
"246","Varian GC","A. Stearns","20240801","2024","June","11","811","EDT","G","Freshwater","H3","20","120","1",NA,"Within Range","Within Range",0.634356703847335,11493.6663753492,0.000518557838204663,9.39555104013065,"D2_AM",NA,"20cm"
"247","Varian GC","A. Stearns","20240801","2024","June","11","812","EDT","G","Freshwater","H3","35","121","1",NA,"Within Range","Within Range",0.436283965823643,11364.3009897671,0.000356642357192322,9.28980070395691,"D2_AM",NA,"35cm"
"248","Varian GC","A. Stearns","20240801","2024","June","11","813","EDT","W","Freshwater","H3","50","122","1",NA,"Within Range","Within Range",1.68269290265566,11799.2078150969,0.0687762570074015,482.265865562345,"D2_AM",NA,"50cm"
"249","Varian GC","A. Stearns","20240801","2024","June","11","834","EDT","G","Freshwater","H6","10","123","1",NA,"Within Range","Within Range",0.592487669793547,32138.6165106122,0.000484331801567908,26.2718615560537,"D2_AM",NA,"10cm"
"250","Varian GC","A. Stearns","20240801","2024","June","11","835","EDT","G","Freshwater","H6","20","124","1",NA,"Within Range","Within Range",0.904895077733354,12283.1290774089,0.00073971069031908,10.0409009980336,"D2_AM",NA,"20cm"
"251","Varian GC","A. Stearns","20240801","2024","June","11","838","EDT","W","Freshwater","H6","35","125","1",NA,"Within Range","Within Range",1.48300981716836,6551.80233967286,0.0606146636555599,267.790064879858,"D2_AM",NA,"35cm"
"252","Varian GC","A. Stearns","20240801","2024","June","11","840","EDT","W","Freshwater","H6","50","126","1",NA,"Within Range","Within Range",1.83406556423474,10229.6947117796,0.0749632713225072,418.115576225609,"D2_AM",NA,"50cm"
"253","Varian GC","A. Stearns","20240805","2024","June","11","1447","EDT","G","Control","C3","10","127","1",NA,"Within Range","Within Range",1.06431947663047,4346.71406904917,0.000870032906743647,3.55324163403558,"D2_PM",NA,"10cm"
"254","Varian GC","A. Stearns","20240805","2024","June","11","1448","EDT","G","Control","C3","20","128","1",NA,"Within Range","Within Range",0.557060025594187,9112.92163823092,0.000455371309029115,7.44940018098522,"D2_PM",NA,"20cm"
"255","Varian GC","A. Stearns","20240805","2024","June","11","1449","EDT","G","Control","C3","35","129","1",NA,"Within Range","Within Range",0.233380185409129,14064.1920024374,0.000190777718106509,11.4968391705283,"D2_PM",NA,"35cm"
"256","Varian GC","A. Stearns","20240805","2024","June","11","1450","EDT","G","Control","C3","50","130","1",NA,"Within Range","Within Range",0.170576634328446,23739.135414053,0.000139438663151377,19.405666664353,"D2_PM",NA,"50cm"
"257","Varian GC","A. Stearns","20240805","2024","June","11","1451","EDT","G","Control","C6","10","131","1",NA,"Within Range","Within Range",1.18026449401019,5938.98152900129,0.000964812700506969,4.854848075441,"D2_PM",NA,"10cm"
"258","Varian GC","A. Stearns","20240805","2024","June","11","1452","EDT","G","Control","C6","20","132","1",NA,"Within Range","Within Range",0.924219247296641,16083.3634431285,0.000755507322612967,13.1474202566886,"D2_PM",NA,"20cm"
"259","Varian GC","A. Stearns","20240805","2024","June","11","1453","EDT","G","Control","C6","35","133","1",NA,"Within Range","Within Range",0.402466669087891,17988.9124074475,0.00032899825067802,14.7051201210352,"D2_PM",NA,"35cm"
"260","Varian GC","A. Stearns","20240805","2024","June","11","1454","EDT","G","Control","C6","50","134","1",NA,"Within Range","Within Range",0.3380527705436,17364.6308066494,0.000276342809698397,14.1947982226814,"D2_PM",NA,"50cm"
"261","Varian GC","A. Stearns","20240805","2024","June","11","1455","EDT","G","Control","F4","10","135","1",NA,"Within Range","Within Range",1.15449893459248,3961.62793743276,0.00094375052411512,3.2384511845574,"D2_PM",NA,"10cm"
"262","Varian GC","A. Stearns","20240805","2024","June","11","1456","EDT","G","Control","F4","20","136","1",NA,"Within Range","Within Range",0.552228983203365,10919.6175550381,0.000451422150955644,8.92629216183859,"D2_PM",NA,"20cm"
"263","Varian GC","A. Stearns","20240805","2024","June","11","1457","EDT","G","Control","F4","35","137","1",NA,"Within Range","Within Range",0.400856321624283,13449.4958983319,0.000327681864653529,10.9943529810318,"D2_PM",NA,"35cm"
"264","Varian GC","A. Stearns","20240805","2024","June","11","1458","EDT","G","Control","F4","50","138","1",NA,"Within Range","Within Range",0.220497405700271,19973.6238382219,0.000180246629910585,16.3275317118018,"D2_PM",NA,"50cm"
"265","Varian GC","A. Stearns","20240805","2024","June","11","1459","EDT","G","Control","F4","ATM","139","1",NA,"Within Range","Within Range",1.55225475810347,726.87218158562,0.00126889787216429,0.594185045808009,"D2_PM",NA,"0cm"
"266","Varian GC","A. Stearns","20240805","2024","June","11","1500","EDT","G","Control","H3","10","140","1",NA,"Within Range","Within Range",0.750301721227058,6522.58001237251,0.000613337631967985,5.33191337022085,"D2_PM",NA,"10cm"
"267","Varian GC","A. Stearns","20240805","2024","June","11","1501","EDT","G","Control","H3","20","141","1",NA,"Within Range","Within Range",0.566722110375831,10233.2123800363,0.000463269625176059,8.36518705879066,"D2_PM",NA,"20cm"
"268","Varian GC","A. Stearns","20240805","2024","June","11","1502","EDT","G","Control","H3","35","142","1",NA,"Within Range","Within Range",0.10938343071137,19646.4329121745,8.94159942207347e-05,16.0600679674097,"D2_PM",NA,"35cm"
"269","Varian GC","A. Stearns","20240805","2024","June","11","1503","EDT","G","Control","H3","50","143","1",NA,"Within Range","Within Range",-0.238451621427797,23879.8779779525,-0.00019492338706923,19.5207173278621,"D2_PM",NA,"50cm"
"270","Varian GC","A. Stearns","20240805","2024","June","11","1504","EDT","G","Control","H6","10","144","1",NA,"Within Range","Within Range",1.0031262730134,3457.99220497598,0.000820010237813005,2.82675181245103,"D2_PM",NA,"10cm"
"271","Varian GC","A. Stearns","20240805","2024","June","11","1505","EDT","G","Control","H6","20","145","1",NA,"Within Range","Within Range",0.128707600274657,11692.3698398106,0.000105212626514622,9.5579821114033,"D2_PM",NA,"20cm"
"272","Varian GC","A. Stearns","20240805","2024","June","11","1506","EDT","G","Control","H6","35","146","1",NA,"Within Range","Within Range",-0.238451621427797,20903.9903555273,-0.00019492338706923,17.0880641488769,"D2_PM",NA,"35cm"
"273","Varian GC","A. Stearns","20240805","2024","June","11","1507","EDT","G","Control","H6","50","147","1",NA,"Within Range","Within Range",0.104552388320548,18346.0483057172,8.54668361472629e-05,14.9970625222565,"D2_PM",NA,"50cm"
"274","Varian GC","A. Stearns","20240805","2024","June","11","1350","EDT","W","Saltwater","C3","10","148","1",NA,"Within Range","Within Range",8.84390807331712,9754.0151849417,0.361474689552881,398.673254136216,"D2_PM",NA,"10cm"
"275","Varian GC","A. Stearns","20240805","2024","June","11","1352","EDT","W","Saltwater","C3","20","149","1",NA,"Within Range","Within Range",2.37675265947039,7732.98636763283,0.0971443758351734,316.068283770424,"D2_PM",NA,"20cm"
"276","Varian GC","A. Stearns","20240805","2024","June","11","1354","EDT","W","Saltwater","C3","35","150","1",NA,"Within Range","Within Range",4.16745903900165,12747.1268400532,0.17033543879685,521.009906367241,"D2_PM",NA,"35cm"
"277","Varian GC","A. Stearns","20240805","2024","June","11","1356","EDT","W","Saltwater","C3","50","151","1",NA,"Within Range","Within Range",3.77453425788148,15295.7640899586,0.154275529298064,625.179675100138,"D2_PM",NA,"50cm"
"278","Varian GC","A. Stearns","20240805","2024","June","11","1414","EDT","W","Saltwater","C6","10","152","1",NA,"Within Range","Within Range",4.58775972700315,9850.80182631293,0.187514276416452,402.629188645315,"D2_PM",NA,"10cm"
"279","Varian GC","A. Stearns","20240805","2024","June","11","1416","EDT","W","Saltwater","C6","20","153","1",NA,"Within Range","Within Range",5.7085615616738,14623.3400039023,0.233324510068724,597.695865257245,"D2_PM",NA,"20cm"
"280","Varian GC","A. Stearns","20240805","2024","June","11","1418","EDT","W","Saltwater","C6","35","154","1",NA,"Within Range","Within Range",8.27706576612737,12256.8809416057,0.338306295521847,500.972216866538,"D2_PM",NA,"35cm"
"281","Varian GC","A. Stearns","20240805","2024","June","11","1420","EDT","W","Saltwater","C6","50","155","1",NA,"Within Range","Within Range",4.68438057481958,17737.300584606,0.191463434489923,724.97194330535,"D2_PM",NA,"50cm"
"282","Varian GC","A. Stearns","20240805","2024","June","11","1400","EDT","W","Saltwater","F4","10","156","1",NA,"Within Range","Within Range",6.29311769096323,6617.58094439103,0.257216916413228,270.47861619932,"D2_PM",NA,"10cm"
"283","Varian GC","A. Stearns","20240805","2024","June","11","1402","EDT","W","Saltwater","F4","20","157","1",NA,"Within Range","Within Range",3.76809286802705,12739.7749731195,0.154012252093166,520.70941547617,"D2_PM",NA,"20cm"
"284","Varian GC","A. Stearns","20240805","2024","June","11","1404","EDT","W","Saltwater","F4","35","158","1",NA,"Within Range","Within Range",2.96936052607786,24799.3331541629,0.1213658786858,1013.6165119203,"D2_PM",NA,"35cm"
"285","Varian GC","A. Stearns","20240805","2024","June","11","1406","EDT","W","Saltwater","F4","50","159","1",NA,"Within Range","Within Range",2.9355432293421,24218.6730286564,0.119983673360085,989.883345896509,"D2_PM",NA,"50cm"
"286","Varian GC","A. Stearns","20240805","2024","June","11","1406","EDT","W","Saltwater","F4","ATM","160","1",NA,"Within Range","Within Range",1.72939297910027,896.866934145828,0.0706850167429128,36.6574023500688,"D2_PM",NA,"0cm"
"287","Varian GC","A. Stearns","20240805","2024","June","11","1422","EDT","G","Saltwater","H3","10","161","1",NA,"Within Range","Within Range",2.89528454275192,4825.85751369505,0.00236676381658943,3.94491967154758,"D2_PM",NA,"10cm"
"288","Varian GC","A. Stearns","20240805","2024","June","11","1424","EDT","W","Saltwater","H3","20","162","1",NA,"Within Range","Within Range",4.88567400777049,13667.5196629806,0.199690847142989,558.628876077948,"D2_PM",NA,"20cm"
"289","Varian GC","A. Stearns","20240805","2024","June","11","1426","EDT","W","Saltwater","H3","35","163","1",NA,"Within Range","Within Range",9.5057608808597,11853.3882674306,0.388526422356163,484.480368701092,"D2_PM",NA,"35cm"
"290","Varian GC","A. Stearns","20240805","2024","June","11","1428","EDT","W","Saltwater","H3","50","164","1",NA,"Within Range","Within Range",3.52493040102236,14630.5365917619,0.144073537608263,597.990009468244,"D2_PM",NA,"50cm"
"291","Varian GC","A. Stearns","20240805","2024","June","11","1430","EDT","W","Saltwater","H6","10","165","1",NA,"Within Range","Within Range",3.56679943507615,21784.8288204514,0.1457848394401,890.40548245791,"D2_PM",NA,"10cm"
"292","Varian GC","A. Stearns","20240805","2024","June","11","1432","EDT","W","Saltwater","H6","20","166","1",NA,"Within Range","Within Range",3.64248576586569,19946.2111093625,0.148878346597653,815.256152454416,"D2_PM",NA,"20cm"
"293","Varian GC","A. Stearns","20240805","2024","June","11","1434","EDT","W","Saltwater","H6","35","167","1",NA,"Within Range","Within Range",3.38160947676131,19167.4447466028,0.138215619799279,783.425843174955,"D2_PM",NA,"35cm"
"294","Varian GC","A. Stearns","20240805","2024","June","11","1436","EDT","W","Saltwater","H6","50","168","1",NA,"Within Range","Within Range",3.45407511262364,20070.0760323565,0.141177488354383,820.318850326729,"D2_PM",NA,"50cm"
"295","Varian GC","A. Stearns","20240805","2024","June","11","1304","EDT","W","Freshwater","C3","10","169","1",NA,"Within Range","Within Range",1.64404456352908,5665.39174489564,0.0671965937780128,231.560041692461,"D2_PM",NA,"10cm"
"296","Varian GC","A. Stearns","20240805","2024","June","11","1306","EDT","W","Freshwater","C3","20","170","1",NA,"Within Range","Within Range",1.69074463997369,5565.73841292474,0.0691053535135241,227.486937705122,"D2_PM",NA,"20cm"
"297","Varian GC","A. Stearns","20240805","2024","June","11","1308","EDT","W","Freshwater","C3","35","171","1",NA,"Within Range","Within Range",1.75998958090881,12555.4288507447,0.0719355834661789,513.174685716059,"D2_PM",NA,"35cm"
"298","Varian GC","A. Stearns","20240805","2024","June","11","1310","EDT","W","Freshwater","C3","50","172","1",NA,"Within Range","Within Range",1.6472652584563,14291.0845911289,0.0673282323804618,584.115678626078,"D2_PM",NA,"50cm"
"299","Varian GC","A. Stearns","20240805","2024","June","11","1312","EDT","G","Freshwater","C6","10","173","1",NA,"Within Range","Within Range",1.25595082479974,6902.44040591662,0.00102668284365803,5.64243201580485,"D2_PM",NA,"10cm"
"300","Varian GC","A. Stearns","20240805","2024","June","11","1314","EDT","G","Freshwater","C6","20","174","1",NA,"Within Range","Within Range",0.503918559295148,18480.7708193573,0.000411930570220926,15.1071920676795,"D2_PM",NA,"20cm"
"301","Varian GC","A. Stearns","20240805","2024","June","11","1316","EDT","W","Freshwater","C6","35","175","1",NA,"Within Range","Within Range",1.67303081787401,14188.8452653462,0.0683813412000543,579.936878005242,"D2_PM",NA,"35cm"
"302","Varian GC","A. Stearns","20240805","2024","June","11","1318","EDT","W","Freshwater","C6","50","176","1",NA,"Within Range","Within Range",1.67303081787401,16515.0810751662,0.0683813412000543,675.016492154385,"D2_PM",NA,"50cm"
"303","Varian GC","A. Stearns","20240805","2024","June","11","1324","EDT","W","Freshwater","F4","10","177","1",NA,"Within Range","Within Range",1.79541722510817,6507.24918993638,0.0733836080931185,265.969055905535,"D2_PM",NA,"10cm"
"304","Varian GC","A. Stearns","20240805","2024","June","11","1326","EDT","W","Freshwater","F4","20","178","1",NA,"Within Range","Within Range",1.68591359758287,10983.6821176685,0.0689078956098505,448.933101827527,"D2_PM",NA,"20cm"
"305","Varian GC","A. Stearns","20240805","2024","June","11","1328","EDT","W","Freshwater","F4","35","179","1",NA,"Within Range","Within Range",1.75193784359077,8869.593356768,0.0716064869600562,362.52451727435,"D2_PM",NA,"35cm"
"306","Varian GC","A. Stearns","20240805","2024","June","11","1330","EDT","W","Freshwater","F4","50","180","1",NA,"Within Range","Within Range",1.60861691932972,11917.9664454602,0.0657485691510731,487.119855301542,"D2_PM",NA,"50cm"
"307","Varian GC","A. Stearns","20240805","2024","June","11","1331","EDT","G","Freshwater","F4","ATM","181","1",NA,"Within Range","Within Range",1.84533799647999,359.075777648441,0.00150848012862158,0.293528164642594,"D2_PM",NA,"0cm"
"308","Varian GC","A. Stearns","20240805","2024","June","11","1332","EDT","W","Freshwater","H3","10","182","1",NA,"Within Range","Within Range",1.74388610627273,5142.31029453779,0.0712773904539336,210.180273459745,"D2_PM",NA,"10cm"
"309","Varian GC","A. Stearns","20240805","2024","June","11","1334","EDT","W","Freshwater","H3","20","183","1",NA,"Within Range","Within Range",1.67786186026484,5607.35320479657,0.0685787991037279,229.187847964248,"D2_PM",NA,"20cm"
"310","Varian GC","A. Stearns","20240805","2024","June","11","1336","EDT","W","Freshwater","H3","35","184","1",NA,"Within Range","Within Range",1.65853769070155,9674.45854852888,0.0677889674890335,395.42155701196,"D2_PM",NA,"35cm"
"311","Varian GC","A. Stearns","20240805","2024","June","11","1338","EDT","W","Freshwater","H3","50","185","1",NA,"Within Range","Within Range",1.86466216604328,10971.4807658037,0.0762138380457732,448.434399235766,"D2_PM",NA,"50cm"
"312","Varian GC","A. Stearns","20240805","2024","June","11","1342","EDT","W","Freshwater","H6","10","186","1",NA,"Within Range","Within Range",1.58768240230283,3837.10606450975,0.0648929182351543,156.833010016793,"D2_PM",NA,"10cm"
"313","Varian GC","A. Stearns","20240805","2024","June","11","1344","EDT","W","Freshwater","H6","20","187","1",NA,"Within Range","Within Range",1.69074463997369,6299.21106420977,0.0691053535135241,257.465969228382,"D2_PM",NA,"20cm"
"314","Varian GC","A. Stearns","20240805","2024","June","11","1346","EDT","W","Freshwater","H6","35","188","1",NA,"Within Range","Within Range",1.58929274976644,6530.67244104448,0.0649587375363788,266.926428183992,"D2_PM",NA,"35cm"
"315","Varian GC","A. Stearns","20240805","2024","June","11","1348","EDT","W","Freshwater","H6","50","189","1",NA,"Within Range","Within Range",1.57640997005758,9602.18808405688,0.0644321831265826,392.467665644898,"D2_PM",NA,"50cm"
"316","Varian GC","A. Stearns`","20240806","2024","June","12","1005","EDT","G","Control","C3","10","190","1",NA,"Within Range","Within Range",1.21247144328234,4601.57480790367,0.000991140420996781,3.76157873047058,"D3_AM",NA,"10cm"
"317","Varian GC","A. Stearns`","20240806","2024","June","12","1006","EDT","G","Control","C3","20","191","1",NA,"Within Range","Within Range",0.457218482850537,9589.62839586709,0.000373755375510699,7.83908633736712,"D3_AM",NA,"20cm"
"318","Varian GC","A. Stearns`","20240806","2024","June","12","1006","EDT","G","Control","C3","35","192","1",NA,"Within Range","Within Range",0.288131999171775,13296.0085058081,0.000235534842939189,10.8688839980825,"D3_AM",NA,"35cm"
"319","Varian GC","A. Stearns`","20240806","2024","June","12","1007","EDT","G","Control","C3","50","193","1",NA,"Within Range","Within Range",0.138369685056301,24264.8148027668,0.000113110942661565,19.8353857258005,"D3_AM",NA,"50cm"
"320","Varian GC","A. Stearns`","20240806","2024","June","12","1008","EDT","G","Control","C6","10","194","1",NA,"Within Range","Within Range",1.36867514725224,6394.30158030953,0.00111882986537237,5.22705156925709,"D3_AM",NA,"10cm"
"321","Varian GC","A. Stearns`","20240806","2024","June","12","1009","EDT","G","Control","C6","20","195","1",NA,"Within Range","Within Range",1.05143669692161,15720.458330027,0.000859501818547723,12.8507617839681,"D3_AM",NA,"20cm"
"322","Varian GC","A. Stearns`","20240806","2024","June","12","1009","EDT","G","Control","C6","35","196","1",NA,"Within Range","Within Range",0.494256474513504,16867.8452702714,0.000404032254073983,13.7886985752226,"D3_AM",NA,"35cm"
"323","Varian GC","A. Stearns`","20240806","2024","June","12","1010","EDT","G","Control","C6","50","197","1",NA,"Within Range","Within Range",0.236600880336343,19616.905998998,0.00019341049015549,16.0359310548921,"D3_AM",NA,"50cm"
"324","Varian GC","A. Stearns`","20240806","2024","June","12","1013","EDT","G","Control","F4","10","198","1",NA,"Within Range","Within Range",1.24467839255449,3870.78967905583,0.00101746814148659,3.16419502772241,"D3_AM",NA,"10cm"
"325","Varian GC","A. Stearns`","20240806","2024","June","12","1013","EDT","G","Control","F4","20","199","1",NA,"Within Range","Within Range",0.482984042268253,11298.5701632256,0.000394817551902549,9.2360687340604,"D3_AM",NA,"20cm"
"326","Varian GC","A. Stearns`","20240806","2024","June","12","1014","EDT","G","Control","F4","35","200","1",NA,"Within Range","Within Range",0.344494160398029,12844.7436272439,0.000281608353796359,10.4999954240883,"D3_AM",NA,"35cm"
"327","Varian GC","A. Stearns`","20240806","2024","June","12","1014","EDT","G","Control","F4","50","201","1",NA,"Within Range","Within Range",0.262366439754059,19290.6228583072,0.00021447266654734,15.7692093838621,"D3_AM",NA,"50cm"
"328","Varian GC","A. Stearns`","20240806","2024","June","12","1015","EDT","G","Control","F4","ATM","202","1",NA,"Within Range","Within Range",1.84211730155278,403.891707356557,0.0015058473565726,0.330163154839159,"D3_AM",NA,"0cm"
"329","Varian GC","A. Stearns`","20240806","2024","June","12","1025","EDT","G","Control","H3","10","203","1",NA,"Within Range","Within Range",0.689108517609982,6731.00633578449,0.000563314963037343,5.50229243776748,"D3_AM",NA,"10cm"
"330","Varian GC","A. Stearns`","20240806","2024","June","12","1025","EDT","G","Control","H3","20","204","1",NA,"Within Range","Within Range",0.3380527705436,10988.0657653772,0.000276342809698397,8.98224546976008,"D3_AM",NA,"20cm"
"331","Varian GC","A. Stearns`","20240806","2024","June","12","1025","EDT","G","Control","H3","35","205","1",NA,"Within Range","Within Range",0.128707600274657,18255.4131045911,0.000105212626514622,14.9229723555157,"D3_AM",NA,"35cm"
"332","Varian GC","A. Stearns`","20240806","2024","June","12","1026","EDT","G","Control","H3","50","206","1",NA,"Within Range","Within Range",-0.238451621427797,22199.9972865481,-0.00019492338706923,18.1474910428821,"D3_AM",NA,"50cm"
"333","Varian GC","A. Stearns`","20240806","2024","June","12","1016","EDT","G","Control","H6","10","207","1",NA,"Within Range","Within Range",0.94837445925075,3078.04222735063,0.000775253112980326,2.51615993594313,"D3_AM",NA,"10cm"
"334","Varian GC","A. Stearns`","20240806","2024","June","12","1017","EDT","G","Control","H6","20","208","1",NA,"Within Range","Within Range",0.222107753163878,10286.019209791,0.000181563015935075,8.40835424739914,"D3_AM",NA,"20cm"
"335","Varian GC","A. Stearns`","20240806","2024","June","12","1017","EDT","G","Control","H6","35","209","1",NA,"Within Range","Within Range",-0.238451621427797,19717.9926762687,-0.00019492338706923,16.1185648294213,"D3_AM",NA,"35cm"
"336","Varian GC","A. Stearns`","20240806","2024","June","12","1018","EDT","G","Control","H6","50","210","1",NA,"Within Range","Within Range",-0.238451621427797,18581.8993025326,-0.00019492338706923,15.1898600166398,"D3_AM",NA,"50cm"
"337","Varian GC","A. Stearns`","20240806","2024","June","12","911","EDT","W","Saltwater","C3","10","211","1",NA,"Within Range","Within Range",5.65219940044754,5910.69684841791,0.231020834525865,241.586331586743,"D3_AM",NA,"10cm"
"338","Varian GC","A. Stearns`","20240806","2024","June","12","912","EDT","G","Saltwater","C3","20","212","1",NA,"Within Range","Within Range",2.22860069281852,12149.4397668391,0.00182178000245034,9.93161604926624,"D3_AM",NA,"20cm"
"339","Varian GC","A. Stearns`","20240806","2024","June","12","913","EDT","W","Saltwater","C3","35","213","1",NA,"Within Range","Within Range",4.58614937953954,12230.1490517638,0.187448457115227,499.879611481945,"D3_AM",NA,"35cm"
"340","Varian GC","A. Stearns`","20240806","2024","June","12","918","EDT","W","Saltwater","C3","50","214","1",NA,"Within Range","Within Range",4.83414288893506,17801.3412581481,0.197584629503805,727.589460628629,"D3_AM",NA,"50cm"
"341","Varian GC","A. Stearns`","20240806","2024","June","12","921","EDT","W","Saltwater","C6","10","215","1",NA,"Within Range","Within Range",3.6682513252834,11112.432359226,0.149931455417246,454.195476019009,"D3_AM",NA,"10cm"
"342","Varian GC","A. Stearns`","20240806","2024","June","12","923","EDT","W","Saltwater","C6","20","216","1",NA,"Within Range","Within Range",3.87598614808874,18810.6492678418,0.15842214527521,768.842636989432,"D3_AM",NA,"20cm"
"343","Varian GC","A. Stearns`","20240806","2024","June","12","924","EDT","W","Saltwater","C6","35","217","1",NA,"Within Range","Within Range",5.94206194389685,15740.1668278997,0.24286830874628,643.34362936131,"D3_AM",NA,"35cm"
"344","Varian GC","A. Stearns`","20240806","2024","June","12","928","EDT","W","Saltwater","C6","50","218","1",NA,"Within Range","Within Range",5.82450657905352,17299.777904104,0.23806349975689,707.089195791956,"D3_AM",NA,"50cm"
"345","Varian GC","A. Stearns`","20240806","2024","June","12","932","EDT","W","Saltwater","F4","10","219","1",NA,"Within Range","Within Range",4.75040482082748,7206.19613631167,0.194162025840129,294.536927525234,"D3_AM",NA,"10cm"
"346","Varian GC","A. Stearns`","20240806","2024","June","12","934","EDT","W","Saltwater","F4","20","220","1",NA,"Within Range","Within Range",4.35748003970731,14212.172960101,0.178102116341344,580.890344634425,"D3_AM",NA,"20cm"
"347","Varian GC","A. Stearns`","20240806","2024","June","12","935","EDT","W","Saltwater","F4","35","221","1",NA,"Within Range","Within Range",3.59900638434829,19222.5031229326,0.147101225464591,785.676229466414,"D3_AM",NA,"35cm"
"348","Varian GC","A. Stearns`","20240806","2024","June","12","936","EDT","W","Saltwater","F4","50","222","1",NA,"Within Range","Within Range",3.40576468871542,23448.9845194622,0.139202909317647,958.424073298144,"D3_AM",NA,"50cm"
"349","Varian GC","A. Stearns`","20240806","2024","June","12","936","EDT","G","Saltwater","F4","ATM","223","1",NA,"Within Range","Within Range",1.88237598814296,1555.10090173377,0.00153875700718486,1.27122446551343,"D3_AM",NA,"0cm"
"350","Varian GC","A. Stearns`","20240806","2024","June","12","942","EDT","G","Saltwater","H3","10","224","1",NA,"Within Range","Within Range",2.47176315982321,2592.65178610631,0.00202055429214841,2.11937526200448,"D3_AM",NA,"10cm"
"351","Varian GC","A. Stearns`","20240806","2024","June","12","950","EDT","W","Saltwater","H3","20","225","1",NA,"Within Range","Within Range",3.72461348650966,10913.4243088884,0.152235130960104,446.061473198314,"D3_AM",NA,"20cm"
"352","Varian GC","A. Stearns`","20240806","2024","June","12","951","EDT","W","Saltwater","H3","35","226","1",NA,"Within Range","Within Range",5.00483972007743,8185.12319792103,0.204561475433605,334.548351519766,"D3_AM",NA,"35cm"
"353","Varian GC","A. Stearns`","20240806","2024","June","12","952","EDT","W","Saltwater","H3","50","227","1",NA,"Within Range","Within Range",2.90333628006996,12910.6058437713,0.118667287335594,527.691739966992,"D3_AM",NA,"50cm"
"354","Varian GC","A. Stearns`","20240806","2024","June","12","954","EDT","W","Saltwater","H6","10","228","1",NA,"Within Range","Within Range",2.72619805907316,21122.3784287731,0.111427164200896,863.329324758062,"D3_AM",NA,"10cm"
"355","Varian GC","A. Stearns`","20240806","2024","June","12","955","EDT","W","Saltwater","H6","20","229","1",NA,"Within Range","Within Range",3.61188916405715,18243.7432849416,0.147627779874387,745.671640358112,"D3_AM",NA,"20cm"
"356","Varian GC","A. Stearns`","20240806","2024","June","12","956","EDT","W","Saltwater","H6","35","230","1",NA,"Within Range","Within Range",3.31397488328981,20648.8668367012,0.135451209147849,843.975612086589,"D3_AM",NA,"35cm"
"357","Varian GC","A. Stearns`","20240806","2024","June","12","959","EDT","W","Saltwater","H6","50","231","1",NA,"Within Range","Within Range",2.99029504310475,18807.4959081822,0.122221529601719,768.713750563368,"D3_AM",NA,"50cm"
"358","Varian GC","A. Stearns`","20240806","2024","June","12","810","EDT","W","Freshwater","C3","10","232","1",NA,"Within Range","Within Range",1.67142047041041,6294.54074744114,0.0683155218988298,257.275080620081,"D3_AM",NA,"10cm"
"359","Varian GC","A. Stearns`","20240806","2024","June","12","811","EDT","G","Freshwater","C3","20","233","1",NA,"Within Range","Within Range",1.80668965735342,8746.98858318353,0.0014768868640338,7.15026650303693,"D3_AM",NA,"20cm"
"360","Varian GC","A. Stearns`","20240806","2024","June","12","812","EDT","W","Freshwater","C3","35","234","1",NA,"Within Range","Within Range",1.75032749612716,11740.5541309733,0.0715406676588317,479.868529216926,"D3_AM",NA,"35cm"
"361","Varian GC","A. Stearns`","20240806","2024","June","12","813","EDT","W","Freshwater","C3","50","235","1",NA,"Within Range","Within Range",1.65209630084712,14756.3126418222,0.0675256902841354,603.130820326051,"D3_AM",NA,"50cm"
"362","Varian GC","A. Stearns`","20240806","2024","June","12","823","EDT","G","Freshwater","C6","10","236","1",NA,"Within Range","Within Range",1.40732348637882,18136.6783633161,0.00115042312996014,14.8259120889781,"D3_AM",NA,"10cm"
"363","Varian GC","A. Stearns`","20240806","2024","June","12","824","EDT","W","Freshwater","C6","20","237","1",NA,"Within Range","Within Range",1.68752394504648,13463.4949040936,0.0689737149110751,550.289826670331,"D3_AM",NA,"20cm"
"364","Varian GC","A. Stearns`","20240806","2024","June","12","825","EDT","W","Freshwater","C6","35","238","1",NA,"Within Range","Within Range",1.75676888598159,14355.2148487522,0.0718039448637298,586.736857495552,"D3_AM",NA,"35cm"
"365","Varian GC","A. Stearns`","20240806","2024","June","12","826","EDT","W","Freshwater","C6","50","239","1",NA,"Within Range","Within Range",1.70684811460977,16492.1833840014,0.0697635465257694,674.080600946938,"D3_AM",NA,"50cm"
"366","Varian GC","A. Stearns`","20240806","2024","June","12","834","EDT","W","Freshwater","F4","10","240","1",NA,"Within Range","Within Range",1.61988935157498,5328.48990444195,0.0662093042596448,217.789942865313,"D3_AM",NA,"10cm"
"367","Varian GC","A. Stearns`","20240806","2024","June","12","835","EDT","W","Freshwater","F4","20","241","1",NA,"Within Range","Within Range",1.66175838562876,12687.9475959864,0.0679206060914826,518.591088950811,"D3_AM",NA,"20cm"
"368","Varian GC","A. Stearns`","20240806","2024","June","12","836","EDT","W","Freshwater","F4","35","242","1",NA,"Within Range","Within Range",1.6247203939658,7828.3516082484,0.0664067621633184,319.966121746562,"D3_AM",NA,"35cm"
"369","Varian GC","A. Stearns`","20240806","2024","June","12","841","EDT","W","Freshwater","F4","50","243","1",NA,"Within Range","Within Range",1.68108255519205,12151.6554797817,0.0687104377061769,496.671364705869,"D3_AM",NA,"50cm"
"370","Varian GC","A. Stearns`","20240806","2024","June","12","845","EDT","G","Freshwater","F4","ATM","244","1",NA,"Within Range","Within Range",1.75193784359077,389.606032534887,0.00143212973920112,0.318485263507845,"D3_AM",NA,"0cm"
"371","Varian GC","A. Stearns`","20240806","2024","June","12","847","EDT","G","Freshwater","H3","10","245","1",NA,"Within Range","Within Range",1.63599282621105,8225.91381624544,0.0013373499454378,6.72431151107796,"D3_AM",NA,"10cm"
"372","Varian GC","A. Stearns`","20240806","2024","June","12","849","EDT","G","Freshwater","H3","20","246","1",NA,"Within Range","Within Range",1.48300981716836,11423.9341265123,0.0012122932731112,9.3385480889666,"D3_AM",NA,"20cm"
"373","Varian GC","A. Stearns`","20240806","2024","June","12","853","EDT","W","Freshwater","H3","35","247","1",NA,"Within Range","Within Range",1.60539622440251,11498.6233611777,0.0656169305486241,469.980157562657,"D3_AM",NA,"35cm"
"374","Varian GC","A. Stearns`","20240806","2024","June","12","857","EDT","W","Freshwater","H3","50","248","1",NA,"Within Range","Within Range",1.70845846207337,12022.1825933022,0.0698293658269939,491.379454041747,"D3_AM",NA,"50cm"
"375","Varian GC","A. Stearns`","20240806","2024","June","12","859","EDT","G","Freshwater","H6","10","249","1",NA,"Within Range","Within Range",1.60539622440251,5841.47224270806,0.00131233861097248,4.77513865580623,"D3_AM",NA,"10cm"
"376","Varian GC","A. Stearns`","20240806","2024","June","12","900","EDT","W","Freshwater","H6","20","250","1",NA,"Within Range","Within Range",1.72456193670945,9141.88715783172,0.0704875588392392,373.65390898565,"D3_AM",NA,"20cm"
"377","Varian GC","A. Stearns`","20240806","2024","June","12","902","EDT","W","Freshwater","H6","35","251","1",NA,"Within Range","Within Range",1.66175838562876,5766.92634257257,0.0679206060914826,235.710038149896,"D3_AM",NA,"35cm"
"378","Varian GC","A. Stearns`","20240806","2024","June","12","904","EDT","W","Freshwater","H6","50","252","1",NA,"Within Range","Within Range",1.69557568236452,11508.7403900857,0.0693028114171977,470.393668179615,"D3_AM",NA,"50cm"
"379","Varian GC","A. Stearns","20240807","2024","June","12","1432","EDT","G","Control","C3","10","253","1",NA,"Within Range","Within Range",1.12390233278394,4284.80549664055,0.000918739189649799,3.50263418355883,"D3_PM",NA,"10cm"
"380","Varian GC","A. Stearns","20240807","2024","June","12","1432","EDT","G","Control","C3","20","254","1",NA,"Within Range","Within Range",0.397635626697069,8854.93142880513,0.000325049092604548,7.2385048842753,"D3_PM",NA,"20cm"
"381","Varian GC","A. Stearns","20240807","2024","June","12","1434","EDT","G","Control","C3","35","255","1",NA,"Within Range","Within Range",0.236600880336343,13216.9057620735,0.00019341049015549,10.8042210922784,"D3_PM",NA,"35cm"
"382","Varian GC","A. Stearns","20240807","2024","June","12","1435","EDT","G","Control","C3","50","256","1",NA,"Within Range","Within Range",0.115824820565799,23493.6989205449,9.4681538318697e-05,19.2050334611124,"D3_PM",NA,"50cm"
"383","Varian GC","A. Stearns","20240807","2024","June","12","1436","EDT","G","Control","C6","10","257","1",NA,"Within Range","Within Range",1.31070263856238,5195.94727011196,0.00107143996849071,4.24745126436485,"D3_PM",NA,"10cm"
"384","Varian GC","A. Stearns","20240807","2024","June","12","1437","EDT","G","Control","C6","20","258","1",NA,"Within Range","Within Range",0.874298475924816,13699.8893776685,0.000714699355853759,11.199038295395,"D3_PM",NA,"20cm"
"385","Varian GC","A. Stearns","20240807","2024","June","12","1438","EDT","G","Control","C6","35","259","1",NA,"Within Range","Within Range",0.470101262559395,16276.8172804293,0.000384286463706624,13.3055599958206,"D3_PM",NA,"35cm"
"386","Varian GC","A. Stearns","20240807","2024","June","12","1439","EDT","G","Control","C6","50","260","1",NA,"Within Range","Within Range",0.267197482144881,17298.3445588042,0.000218421824620811,14.1406122210567,"D3_PM",NA,"50cm"
"387","Varian GC","A. Stearns","20240807","2024","June","12","1440","EDT","G","Control","F4","10","261","1",NA,"Within Range","Within Range",1.28493707914467,3452.71271645492,0.00105037779209886,2.8224360700025,"D3_PM",NA,"10cm"
"388","Varian GC","A. Stearns","20240807","2024","June","12","1440","EDT","G","Control","F4","20","262","1",NA,"Within Range","Within Range",0.431452923432821,11115.322938914,0.00035269319911885,9.08627243819137,"D3_PM",NA,"20cm"
"389","Varian GC","A. Stearns","20240807","2024","June","12","1441","EDT","G","Control","F4","35","263","1",NA,"Within Range","Within Range",0.386363194451818,11470.1057619831,0.000315834390433114,9.37629130714485,"D3_PM",NA,"35cm"
"390","Varian GC","A. Stearns","20240807","2024","June","12","1441","EDT","G","Control","F4","50","264","1",NA,"Within Range","Within Range",0.243042270190772,18436.2654477975,0.000198676034253453,15.0708109446858,"D3_PM",NA,"50cm"
"391","Varian GC","A. Stearns","20240807","2024","June","12","1442","EDT","G","Control","F4","ATM","265","1",NA,"Within Range","Within Range",1.6923549874373,484.009737345146,0.00138342345629497,0.395656011114069,"D3_PM",NA,"0cm"
"392","Varian GC","A. Stearns","20240807","2024","June","12","1444","EDT","G","Control","H3","10","266","1",NA,"Within Range","Within Range",0.640798093701764,5840.34945555652,0.000523823382302625,4.77422082822668,"D3_PM",NA,"10cm"
"393","Varian GC","A. Stearns","20240807","2024","June","12","1445","EDT","G","Control","H3","20","267","1",NA,"Within Range","Within Range",0.389583889379032,10302.5385143716,0.000318467162482095,8.42185802976637,"D3_PM",NA,"20cm"
"394","Varian GC","A. Stearns","20240807","2024","June","12","1446","EDT","G","Control","H3","35","268","1",NA,"Within Range","Within Range",0.233380185409129,17546.7851051698,0.000190777718106509,14.3437011012789,"D3_PM",NA,"35cm"
"395","Varian GC","A. Stearns","20240807","2024","June","12","1447","EDT","G","Control","H3","50","269","1",NA,"Within Range","Within Range",-0.238451621427797,21367.5760313979,-0.00019492338706923,17.4670244159382,"D3_PM",NA,"50cm"
"396","Varian GC","A. Stearns","20240807","2024","June","12","1448","EDT","G","Control","H6","10","270","1",NA,"Within Range","Within Range",1.38799931681553,3158.32150868545,0.00113462649766625,2.58178460788106,"D3_PM",NA,"10cm"
"397","Varian GC","A. Stearns","20240807","2024","June","12","1449","EDT","G","Control","H6","20","271","1",NA,"Within Range","Within Range",0.125486905347443,10196.5067958164,0.00010257985446564,8.33518190823788,"D3_PM",NA,"20cm"
"398","Varian GC","A. Stearns","20240807","2024","June","12","1450","EDT","G","Control","H6","35","272","1",NA,"Within Range","Within Range",-0.238451621427797,19141.1010544463,-0.00019492338706923,15.6469820898108,"D3_PM",NA,"35cm"
"399","Varian GC","A. Stearns","20240807","2024","June","12","1451","EDT","G","Control","H6","50","273","1",NA,"Within Range","Within Range",0.0852282187572613,17855.4201818564,6.9670203853376e-05,14.5959962803005,"D3_PM",NA,"50cm"
"400","Varian GC","A. Stearns","20240807","2024","June","12","1351","EDT","W","Saltwater","C3","10","274","1",NA,"Within Range","Within Range",6.25607969930026,5690.08111768527,0.255703072485064,232.569163823809,"D3_PM",NA,"10cm"
"401","Varian GC","A. Stearns","20240807","2024","June","12","1353","EDT","W","Saltwater","C3","20","275","1",NA,"Within Range","Within Range",2.26080764209066,11837.6334136766,0.0924053861470073,483.836424776928,"D3_PM",NA,"20cm"
"402","Varian GC","A. Stearns","20240807","2024","June","12","1353","EDT","W","Saltwater","C3","35","276","1",NA,"Within Range","Within Range",4.79549454980848,13336.3571759984,0.196004966274416,545.09336031036,"D3_PM",NA,"35cm"
"403","Varian GC","A. Stearns","20240807","2024","June","12","1354","EDT","W","Saltwater","C3","50","277","1",NA,"Within Range","Within Range",5.7987410196358,18442.1421635268,0.237010390937297,753.780744664681,"D3_PM",NA,"50cm"
"404","Varian GC","A. Stearns","20240807","2024","June","12","1357","EDT","W","Saltwater","C6","10","278","1",NA,"Within Range","Within Range",4.19483494588298,9735.60267011093,0.171454366917667,397.9206843416,"D3_PM",NA,"10cm"
"405","Varian GC","A. Stearns","20240807","2024","June","12","1401","EDT","W","Saltwater","C6","20","279","1",NA,"Within Range","Within Range",3.77453425788148,20069.2399142649,0.154275529298064,820.284675895575,"D3_PM",NA,"20cm"
"406","Varian GC","A. Stearns","20240807","2024","June","12","1401","EDT","W","Saltwater","C6","35","280","1",NA,"Within Range","Within Range",6.81487026917198,13080.7439308615,0.278542370009975,534.645748500572,"D3_PM",NA,"35cm"
"407","Varian GC","A. Stearns","20240807","2024","June","12","1401","EDT","W","Saltwater","C6","50","281","1",NA,"Within Range","Within Range",5.93723090150603,17213.9085760998,0.242670850842607,703.57948171249,"D3_PM",NA,"50cm"
"408","Varian GC","A. Stearns","20240807","2024","June","12","1405","EDT","W","Saltwater","F4","10","282","1",NA,"Within Range","Within Range",4.09016236074851,5433.86467306801,0.167176112338072,222.096897602974,"D3_PM",NA,"10cm"
"409","Varian GC","A. Stearns","20240807","2024","June","12","1409","EDT","W","Saltwater","F4","20","283","1",NA,"Within Range","Within Range",3.25117133220912,14627.6221229855,0.132884256400093,597.870887165366,"D3_PM",NA,"20cm"
"410","Varian GC","A. Stearns","20240807","2024","June","12","1410","EDT","W","Saltwater","F4","35","284","1",NA,"Within Range","Within Range",3.58773395210304,18603.4412879347,0.146640490356019,760.373480640353,"D3_PM",NA,"35cm"
"411","Varian GC","A. Stearns","20240807","2024","June","12","1410","EDT","W","Saltwater","F4","50","285","1",NA,"Within Range","Within Range",3.60222707927551,21792.9988886604,0.14723286406704,890.739415470895,"D3_PM",NA,"50cm"
"412","Varian GC","A. Stearns","20240807","2024","June","12","1410","EDT","G","Saltwater","F4","ATM","286","1",NA,"Within Range","Within Range",2.24148347252738,533.454177917306,0.00183231109064626,0.436074599045487,"D3_PM",NA,"0cm"
"413","Varian GC","A. Stearns","20240807","2024","June","12","1413","EDT","G","Saltwater","H3","10","287","1",NA,"Within Range","Within Range",2.33166293048938,2216.6435080555,0.00190602870801773,1.8120055461482,"D3_PM",NA,"10cm"
"414","Varian GC","A. Stearns","20240807","2024","June","12","1414","EDT","W","Saltwater","H3","20","288","1",NA,"Within Range","Within Range",3.85827232598906,10786.6389448461,0.15769813296174,440.879408920043,"D3_PM",NA,"20cm"
"415","Varian GC","A. Stearns","20240807","2024","June","12","1414","EDT","W","Saltwater","H3","35","289","1",NA,"Within Range","Within Range",4.99034659290496,6676.22268397045,0.203969101722584,272.87546433858,"D3_PM",NA,"35cm"
"416","Varian GC","A. Stearns","20240807","2024","June","12","1419","EDT","W","Saltwater","H3","50","290","1",NA,"Within Range","Within Range",3.16743326410155,13140.1083153629,0.129461652736417,537.072133112471,"D3_PM",NA,"50cm"
"417","Varian GC","A. Stearns","20240807","2024","June","12","1424","EDT","W","Saltwater","H6","10","291","1",NA,"Within Range","Within Range",3.00639851774082,18360.5430100617,0.122879722613964,750.445564287178,"D3_PM",NA,"10cm"
"418","Varian GC","A. Stearns","20240807","2024","June","12","1424","EDT","W","Saltwater","H6","20","292","1",NA,"Within Range","Within Range",3.62799263869322,18889.6445106789,0.148285972886632,772.0713884242,"D3_PM",NA,"20cm"
"419","Varian GC","A. Stearns","20240807","2024","June","12","1426","EDT","W","Saltwater","H6","35","293","1",NA,"Within Range","Within Range",3.27049550177241,20144.0426220999,0.133674088014787,823.342066968416,"D3_PM",NA,"35cm"
"420","Varian GC","A. Stearns","20240807","2024","June","12","1426","EDT","W","Saltwater","H6","50","294","1",NA,"Within Range","Within Range",3.35262322241638,17903.3178039591,0.137030872377238,731.75752071396,"D3_PM",NA,"50cm"
"421","Varian GC","A. Stearns","20240807","2024","June","12","1304","EDT","W","Freshwater","C3","10","295","1",NA,"Within Range","Within Range",1.69074463997369,8297.73038803917,0.0691053535135241,339.150915086905,"D3_PM",NA,"10cm"
"422","Varian GC","A. Stearns","20240807","2024","June","12","1305","EDT","G","Freshwater","C3","20","296","1",NA,"Within Range","Within Range",1.65853769070155,8248.46511562949,0.00135577934978067,6.74274617565448,"D3_PM",NA,"20cm"
"423","Varian GC","A. Stearns","20240807","2024","June","12","1308","EDT","W","Freshwater","C3","35","297","1",NA,"Within Range","Within Range",1.61666865664776,11938.045224202,0.0660776656571958,487.940529855385,"D3_PM",NA,"35cm"
"424","Varian GC","A. Stearns","20240807","2024","June","12","1311","EDT","W","Freshwater","C3","50","298","1",NA,"Within Range","Within Range",1.58929274976644,14638.5155472643,0.0649587375363788,598.316131182681,"D3_PM",NA,"50cm"
"425","Varian GC","A. Stearns","20240807","2024","June","12","1314","EDT","W","Freshwater","C6","10","299","1",NA,"Within Range","Within Range",1.7809240979357,7073.91030968124,0.0727912343820977,289.130044310589,"D3_PM",NA,"10cm"
"426","Varian GC","A. Stearns","20240807","2024","June","12","1319","EDT","W","Freshwater","C6","20","300","1",NA,"Within Range","Within Range",1.58285135991201,14535.8939960683,0.0646954603314807,594.121707964746,"D3_PM",NA,"20cm"
"427","Varian GC","A. Stearns","20240807","2024","June","12","1319","EDT","W","Freshwater","C6","35","301","1",NA,"Within Range","Within Range",1.44597182550539,14435.3149619246,0.0591008197273957,590.010768000059,"D3_PM",NA,"35cm"
"428","Varian GC","A. Stearns","20240807","2024","June","12","1320","EDT","W","Freshwater","C6","50","302","1",NA,"Within Range","Within Range",1.45080286789621,15440.6573829555,0.0592982776310693,631.101859915962,"D3_PM",NA,"50cm"
"429","Varian GC","A. Stearns","20240807","2024","June","12","1323","EDT","W","Freshwater","F4","10","303","1",NA,"Within Range","Within Range",1.57318927513037,7001.70554020214,0.0643005445241335,286.178838077403,"D3_PM",NA,"10cm"
"430","Varian GC","A. Stearns","20240807","2024","June","12","1323","EDT","W","Freshwater","F4","20","304","1",NA,"Within Range","Within Range",1.49267190195,13505.3067809441,0.0610095794629071,551.998792331087,"D3_PM",NA,"20cm"
"431","Varian GC","A. Stearns","20240807","2024","June","12","1328","EDT","W","Freshwater","F4","35","305","1",NA,"Within Range","Within Range",1.53293058854018,6897.81189505257,0.0626550619935203,281.9324209035,"D3_PM",NA,"35cm"
"432","Varian GC","A. Stearns","20240807","2024","June","12","1328","EDT","W","Freshwater","F4","50","306","1",NA,"Within Range","Within Range",1.35579236754339,12476.6904156072,0.0554149388588221,509.956430713717,"D3_PM",NA,"50cm"
"433","Varian GC","A. Stearns","20240807","2024","June","12","1329","EDT","G","Freshwater","F4","ATM","307","1",NA,"Within Range","Within Range",1.58768240230283,317.747654836586,0.00129785836470309,0.259744298416551,"D3_PM",NA,"0cm"
"434","Varian GC","A. Stearns","20240807","2024","June","12","1332","EDT","W","Freshwater","H3","10","308","1",NA,"Within Range","Within Range",1.48784085955918,5531.37993163333,0.0608121215592335,226.082612687792,"D3_PM",NA,"10cm"
"435","Varian GC","A. Stearns","20240807","2024","June","12","1338","EDT","W","Freshwater","H3","20","309","1",NA,"Within Range","Within Range",1.61183761425694,5158.31001144718,0.0658802077535222,210.834225610175,"D3_PM",NA,"20cm"
"436","Varian GC","A. Stearns","20240807","2024","June","12","1338","EDT","W","Freshwater","H3","35","310","1",NA,"Within Range","Within Range",1.54903406317626,12858.2051285182,0.0633132550057656,525.549979545985,"D3_PM",NA,"35cm"
"437","Varian GC","A. Stearns","20240807","2024","June","12","1339","EDT","W","Freshwater","H3","50","311","1",NA,"Within Range","Within Range",1.5586961479579,12131.660312849,0.0637081708131127,495.854107595141,"D3_PM",NA,"50cm"
"438","Varian GC","A. Stearns","20240807","2024","June","12","1341","EDT","G","Freshwater","H6","10","312","1",NA,"Within Range","Within Range",1.59251344469365,5818.22815976243,0.00130180752277656,4.75613767208488,"D3_PM",NA,"10cm"
"439","Varian GC","A. Stearns","20240807","2024","June","12","1341","EDT","W","Freshwater","H6","20","313","1",NA,"Within Range","Within Range",1.43792008818736,8056.53420770975,0.0587717232212731,329.292568111435,"D3_PM",NA,"20cm"
"440","Varian GC","A. Stearns","20240807","2024","June","12","1344","EDT","W","Freshwater","H6","35","314","1",NA,"Within Range","Within Range",1.65048595338351,7445.9768881575,0.0674598709829109,304.337422070822,"D3_PM",NA,"35cm"
"441","Varian GC","A. Stearns","20240807","2024","June","12","1345","EDT","W","Freshwater","H6","50","315","1",NA,"Within Range","Within Range",1.52487885122215,12190.1288565381,0.0623259654873976,498.24387674509,"D3_PM",NA,"50cm"
"442","Varian GC","A. Stearns","20240808","2024","June","13","918","EDT","G","Control","C3","10","316","1",NA,"Within Range","Within Range",1.15610928205609,3941.69249322091,0.00094506691013961,3.22215486295876,"D4_AM",NA,"10cm"
"443","Varian GC","A. Stearns","20240808","2024","June","13","918","EDT","G","Control","C3","20","317","1",NA,"Within Range","Within Range",0.549008288276151,7731.04537920598,0.000448789378906662,6.31977900539065,"D4_AM",NA,"20cm"
"444","Varian GC","A. Stearns","20240808","2024","June","13","919","EDT","G","Control","C3","35","318","1",NA,"Within Range","Within Range",0.297794083953419,11659.4685929074,0.000243433159086132,9.53108683408548,"D4_AM",NA,"35cm"
"445","Varian GC","A. Stearns","20240808","2024","June","13","919","EDT","G","Control","C3","50","319","1",NA,"Within Range","Within Range",0.0997213459297266,20758.3863621526,8.15176780737912e-05,16.9690394872308,"D4_AM",NA,"50cm"
"446","Varian GC","A. Stearns","20240808","2024","June","13","921","EDT","G","Control","C6","10","320","1",NA,"Within Range","Within Range",1.24145769762727,5726.50600511728,0.00101483536943761,4.68115897013407,"D4_AM",NA,"10cm"
"447","Varian GC","A. Stearns","20240808","2024","June","13","921","EDT","G","Control","C6","20","321","1",NA,"Within Range","Within Range",0.816325967234955,13465.9435356474,0.000667309458972098,11.0077981786599,"D4_AM",NA,"20cm"
"448","Varian GC","A. Stearns","20240808","2024","June","13","922","EDT","G","Control","C6","35","322","1",NA,"Within Range","Within Range",0.413739101333141,14396.250330232,0.000338212952849454,11.768281795119,"D4_AM",NA,"35cm"
"449","Varian GC","A. Stearns","20240808","2024","June","13","922","EDT","G","Control","C6","50","323","1",NA,"Within Range","Within Range",0.263976787217667,16335.6979108921,0.00021578905257183,13.3536922410696,"D4_AM",NA,"50cm"
"450","Varian GC","A. Stearns","20240808","2024","June","13","923","EDT","G","Control","F4","10","324","1",NA,"Within Range","Within Range",1.06270912916687,3620.33647699832,0.000868716520719157,2.95946089274331,"D4_AM",NA,"10cm"
"451","Varian GC","A. Stearns","20240808","2024","June","13","924","EDT","G","Control","F4","20","325","1",NA,"Within Range","Within Range",0.505528906758755,9870.73727052477,0.000413246956245417,8.06888009450493,"D4_AM",NA,"20cm"
"452","Varian GC","A. Stearns","20240808","2024","June","13","925","EDT","G","Control","F4","35","326","1",NA,"Within Range","Within Range",0.360597635034102,10327.7713639207,0.000294772214041265,8.44248473999832,"D4_AM",NA,"35cm"
"453","Varian GC","A. Stearns","20240808","2024","June","13","925","EDT","G","Control","F4","50","327","1",NA,"Within Range","Within Range",0.276859566926525,16737.3152916332,0.000226320140767755,13.6819962370382,"D4_AM",NA,"50cm"
"454","Varian GC","A. Stearns","20240808","2024","June","13","926","EDT","G","Control","F4","ATM","328","1",NA,"Within Range","Within Range",1.58446170737562,387.712822284691,0.0012952255926541,0.31693764998275,"D4_AM",NA,"0cm"
"455","Varian GC","A. Stearns","20240808","2024","June","13","927","EDT","G","Control","H3","10","329","1",NA,"Within Range","Within Range",0.610201491893226,5751.43426879021,0.000498812047837304,4.70153669522475,"D4_AM",NA,"10cm"
"456","Varian GC","A. Stearns","20240808","2024","June","13","927","EDT","G","Control","H3","20","330","1",NA,"Within Range","Within Range",0.301014778880633,9856.36798389395,0.000246065931135113,8.05713385431131,"D4_AM",NA,"20cm"
"457","Varian GC","A. Stearns","20240808","2024","June","13","928","EDT","G","Control","H3","35","331","1",NA,"Within Range","Within Range",-0.238451621427797,15729.5302113206,-0.00019492338706923,12.8581776355284,"D4_AM",NA,"35cm"
"458","Varian GC","A. Stearns","20240808","2024","June","13","929","EDT","G","Control","H3","50","332","1",NA,"Within Range","Within Range",-0.238451621427797,20128.2758238018,-0.00019492338706923,16.4539526967619,"D4_AM",NA,"50cm"
"459","Varian GC","A. Stearns","20240808","2024","June","13","930","EDT","G","Control","H6","10","333","1",NA,"Within Range","Within Range",0.782508670499203,3278.4239002673,0.000639665352457796,2.67996286652351,"D4_AM",NA,"10cm"
"460","Varian GC","A. Stearns","20240808","2024","June","13","931","EDT","G","Control","H6","20","334","1",NA,"Within Range","Within Range",0.296183736489812,9412.67594633061,0.000242116773061642,7.69443573441749,"D4_AM",NA,"20cm"
"461","Varian GC","A. Stearns","20240808","2024","June","13","931","EDT","G","Control","H6","35","335","1",NA,"Within Range","Within Range",-0.238451621427797,17399.4909587957,-0.00019492338706923,14.2232948162018,"D4_AM",NA,"35cm"
"462","Varian GC","A. Stearns","20240808","2024","June","13","932","EDT","G","Control","H6","50","336","1",NA,"Within Range","Within Range",-0.238451621427797,16904.2761299755,-0.00019492338706923,13.8184791509421,"D4_AM",NA,"50cm"
"463","Varian GC","A. Stearns","20240808","2024","June","13","838","EDT","W","Saltwater","C3","10","337","1",NA,"Within Range","Within Range",4.42511463317881,5469.22052379723,0.180866526992774,223.541987834609,"D4_AM",NA,"10cm"
"464","Varian GC","A. Stearns","20240808","2024","June","13","839","EDT","W","Saltwater","C3","20","338","1",NA,"Within Range","Within Range",1.76482062329963,7610.59659584333,0.0721330413698524,311.065879358789,"D4_AM",NA,"20cm"
"465","Varian GC","A. Stearns","20240808","2024","June","13","839","EDT","W","Saltwater","C3","35","339","1",NA,"Within Range","Within Range",3.17226430649237,14224.8700105487,0.129659110640091,581.409307781799,"D4_AM",NA,"35cm"
"466","Varian GC","A. Stearns","20240808","2024","June","13","839","EDT","W","Saltwater","C3","50","340","1",NA,"Within Range","Within Range",4.21093842051905,15306.3290392728,0.172112559929912,625.611493448071,"D4_AM",NA,"50cm"
"467","Varian GC","A. Stearns","20240808","2024","June","13","846","EDT","W","Saltwater","C6","10","341","1",NA,"Within Range","Within Range",2.57804609242129,11202.6554735785,0.10537178848824,457.883141243553,"D4_AM",NA,"10cm"
"468","Varian GC","A. Stearns","20240808","2024","June","13","847","EDT","W","Saltwater","C6","20","342","1",NA,"Within Range","Within Range",3.02250199237689,20467.3575435656,0.123537915626209,836.55683128932,"D4_AM",NA,"20cm"
"469","Varian GC","A. Stearns","20240808","2024","June","13","846","EDT","W","Saltwater","C6","35","343","1",NA,"Within Range","Within Range",4.28340405638138,15936.0812412986,0.175074428485016,651.351186786737,"D4_AM",NA,"35cm"
"470","Varian GC","A. Stearns","20240808","2024","June","13","847","EDT","W","Saltwater","C6","50","344","1",NA,"Within Range","Within Range",4.1561866067564,13950.0379938498,0.169874703688278,570.17617226164,"D4_AM",NA,"50cm"
"471","Varian GC","A. Stearns","20240808","2024","June","13","853","EDT","G","Saltwater","F4","10","345","1",NA,"Within Range","Within Range",5.60872001893015,19261.8962295897,0.00458487426785606,15.7457266675981,"D4_AM",NA,"10cm"
"472","Varian GC","A. Stearns","20240808","2024","June","13","853","EDT","W","Saltwater","F4","20","346","1",NA,"Within Range","Within Range",2.37675265947039,14756.1095845714,0.0971443758351734,603.122520821343,"D4_AM",NA,"20cm"
"473","Varian GC","A. Stearns","20240808","2024","June","13","855","EDT","W","Saltwater","F4","35","347","1",NA,"Within Range","Within Range",2.56355296524883,20920.6470223658,0.104779414777219,855.084010933038,"D4_AM",NA,"35cm"
"474","Varian GC","A. Stearns","20240808","2024","June","13","854","EDT","W","Saltwater","F4","50","348","1",NA,"Within Range","Within Range",2.64407033842919,20867.3026881236,0.108070379838445,852.903682225444,"D4_AM",NA,"50cm"
"475","Varian GC","A. Stearns","20240808","2024","June","13","858","EDT","G","Saltwater","F4","ATM","349","1",NA,"Within Range","Within Range",1.67947220772844,4551.96911598527,0.00137289236809905,3.72102832687614,"D4_AM",NA,"0cm"
"476","Varian GC","A. Stearns","20240808","2024","June","13","900","EDT","G","Saltwater","H3","10","350","1",NA,"Within Range","Within Range",1.82762417438031,2689.29509294756,0.00149399988235218,2.19837678270822,"D4_AM",NA,"10cm"
"477","Varian GC","A. Stearns","20240808","2024","June","13","901","EDT","W","Saltwater","H3","20","351","1",NA,"Within Range","Within Range",3.01767094998607,10889.2963296745,0.123340457722536,445.075296756455,"D4_AM",NA,"20cm"
"478","Varian GC","A. Stearns","20240808","2024","June","13","900","EDT","W","Saltwater","H3","35","352","1",NA,"Within Range","Within Range",3.52654074848597,9821.68102763799,0.144139356909487,401.438942028854,"D4_AM",NA,"35cm"
"479","Varian GC","A. Stearns","20240808","2024","June","13","902","EDT","W","Saltwater","H3","50","353","1",NA,"Within Range","Within Range",2.39285613410646,13375.1649999913,0.0978025688474187,546.679542122042,"D4_AM",NA,"50cm"
"480","Varian GC","A. Stearns","20240808","2024","June","13","907","EDT","W","Saltwater","H6","10","354","1",NA,"Within Range","Within Range",2.52007358373143,19921.2709011455,0.103002293644156,814.236777993723,"D4_AM",NA,"10cm"
"481","Varian GC","A. Stearns","20240808","2024","June","13","908","EDT","W","Saltwater","H6","20","355","1",NA,"Within Range","Within Range",2.39768717649728,19356.15659987,0.0980000267510923,791.139012286303,"D4_AM",NA,"20cm"
"482","Varian GC","A. Stearns","20240808","2024","June","13","908","EDT","W","Saltwater","H6","35","356","1",NA,"Within Range","Within Range",2.3364939728802,20691.7716393428,0.0954988933045602,845.729248610923,"D4_AM",NA,"35cm"
"483","Varian GC","A. Stearns","20240808","2024","June","13","909","EDT","W","Saltwater","H6","50","357","1",NA,"Within Range","Within Range",2.42184238845139,17489.0750400353,0.0989873162694602,714.826287005111,"D4_AM",NA,"50cm"
"484","Varian GC","A. Stearns","20240808","2024","June","13","804","EDT","W","Freshwater","C3","10","358","1",NA,"Within Range","Within Range",1.60056518201169,8208.49269858039,0.0654194726449505,335.503526870507,"D4_AM",NA,"10cm"
"485","Varian GC","A. Stearns","20240808","2024","June","13","804","EDT","G","Freshwater","C3","20","359","1",NA,"Within Range","Within Range",1.66819977548319,10127.9212232194,0.00136367766592761,8.27911631289975,"D4_AM",NA,"20cm"
"486","Varian GC","A. Stearns","20240808","2024","June","13","805","EDT","W","Freshwater","C3","35","360","1",NA,"Within Range","Within Range",1.57318927513037,13627.7741922707,0.0643005445241335,557.004370082757,"D4_AM",NA,"35cm"
"487","Varian GC","A. Stearns","20240808","2024","June","13","806","EDT","W","Freshwater","C3","50","361","1",NA,"Within Range","Within Range",1.55547545303069,14990.4197351895,0.0635765322106637,612.699416945955,"D4_AM",NA,"50cm"
"488","Varian GC","A. Stearns","20240808","2024","June","13","811","EDT","G","Freshwater","C6","10","362","1",NA,"Within Range","Within Range",0.495866821977111,32749.2335528853,0.000405348640098473,26.7710132974819,"D4_AM",NA,"10cm"
"489","Varian GC","A. Stearns","20240808","2024","June","13","811","EDT","G","Freshwater","C6","20","363","1",NA,"Within Range","Within Range",0.854974306361529,37126.7596826568,0.000698902723559872,30.3494423938741,"D4_AM",NA,"20cm"
"490","Varian GC","A. Stearns","20240808","2024","June","13","812","EDT","W","Freshwater","C6","35","364","1",NA,"Within Range","Within Range",1.43469939326014,16720.9154324943,0.058640084618824,683.429504795141,"D4_AM",NA,"35cm"
"491","Varian GC","A. Stearns","20240808","2024","June","13","812","EDT","W","Freshwater","C6","50","365","1",NA,"Within Range","Within Range",1.57157892766676,17584.5656983646,0.064234725222909,718.729251145922,"D4_AM",NA,"50cm"
"492","Varian GC","A. Stearns","20240808","2024","June","13","817","EDT","W","Freshwater","F4","10","366","1",NA,"Within Range","Within Range",1.7583792334452,6753.22318793191,0.0718697641649543,276.022685344739,"D4_AM",NA,"10cm"
"493","Varian GC","A. Stearns","20240808","2024","June","13","817","EDT","W","Freshwater","F4","20","367","1",NA,"Within Range","Within Range",1.45563391028704,16726.1172814783,0.0594957355347429,683.642118577531,"D4_AM",NA,"20cm"
"494","Varian GC","A. Stearns","20240808","2024","June","13","817","EDT","W","Freshwater","F4","35","368","1",NA,"Within Range","Within Range",1.65370664831073,8130.8173278736,0.0675915095853599,332.328722216345,"D4_AM",NA,"35cm"
"495","Varian GC","A. Stearns","20240808","2024","June","13","818","EDT","W","Freshwater","F4","50","369","1",NA,"Within Range","Within Range",1.46046495267786,14802.4663604768,0.0596931934384165,605.017248925725,"D4_AM",NA,"50cm"
"496","Varian GC","A. Stearns","20240808","2024","June","13","818","EDT","G","Freshwater","F4","ATM","370","1",NA,"Within Range","Within Range",1.57479962259397,923.413683553154,0.00128732727650716,0.754848810783857,"D4_AM",NA,"0cm"
"497","Varian GC","A. Stearns","20240808","2024","June","13","825","EDT","G","Freshwater","H3","10","371","1",NA,"Within Range","Within Range",1.43792008818736,7271.22223474743,0.00117543446442546,5.94389443713316,"D4_AM",NA,"10cm"
"498","Varian GC","A. Stearns","20240808","2024","June","13","825","EDT","G","Freshwater","H3","20","372","1",NA,"Within Range","Within Range",1.41859591862407,10508.390788516,0.00115963783213157,8.59013292876627,"D4_AM",NA,"20cm"
"499","Varian GC","A. Stearns","20240808","2024","June","13","825","EDT","W","Freshwater","H3","35","373","1",NA,"Within Range","Within Range",1.53776163093101,15049.3720329173,0.0628525198971939,615.108958445357,"D4_AM",NA,"35cm"
"500","Varian GC","A. Stearns","20240808","2024","June","13","826","EDT","W","Freshwater","H3","50","374","1",NA,"Within Range","Within Range",1.4041027914516,13120.9552387939,0.057389517895558,536.289294535976,"D4_AM",NA,"50cm"
"501","Varian GC","A. Stearns","20240808","2024","June","13","831","EDT","G","Freshwater","H6","10","375","1",NA,"Within Range","Within Range",1.64082386860187,5895.99311455046,0.00134129910351127,4.819706996092,"D4_AM",NA,"10cm"
"502","Varian GC","A. Stearns","20240808","2024","June","13","831","EDT","G","Freshwater","H6","20","376","1",NA,"Within Range","Within Range",1.0031262730134,18655.280609612,0.000820010237813005,15.2498459074374,"D4_AM",NA,"20cm"
"503","Varian GC","A. Stearns","20240808","2024","June","13","831","EDT","W","Freshwater","H6","35","377","1",NA,"Within Range","Within Range",1.48623051209557,6488.19764199276,0.0607463022580089,265.190367081394,"D4_AM",NA,"35cm"
"504","Varian GC","A. Stearns","20240808","2024","June","13","831","EDT","W","Freshwater","H6","50","378","1",NA,"Within Range","Within Range",1.48300981716836,13453.0971783977,0.0606146636555599,549.864843208629,"D4_AM",NA,"50cm"
"505","Varian GC","A. Stearns","20240827","2024","June","13","1418","EDT","G","Control","C3","10","379","1",NA,"Within Range","Within Range",1.02245044257668,3939.8052552428,0.000835806870106892,3.22061213149526,"D4_PM",NA,"10cm"
"506","Varian GC","A. Stearns","20240827","2024","June","13","1418","EDT","G","Control","C3","20","380","1",NA,"Within Range","Within Range",0.482984042268253,8417.58791646563,0.000394817551902549,6.88099639585522,"D4_PM",NA,"20cm"
"507","Varian GC","A. Stearns","20240827","2024","June","13","1419","EDT","G","Control","C3","35","381","1",NA,"Within Range","Within Range",0.223718100627485,11651.9853359878,0.000182879401959566,9.524969610909,"D4_PM",NA,"35cm"
"508","Varian GC","A. Stearns","20240827","2024","June","13","1419","EDT","G","Control","C3","50","382","1",NA,"Within Range","Within Range",0.180238719110089,21564.9476791849,0.00014733697929832,17.6283667874755,"D4_PM",NA,"50cm"
"509","Varian GC","A. Stearns","20240827","2024","June","13","1421","EDT","G","Control","C6","10","383","1",NA,"Within Range","Within Range",1.18026449401019,5641.32348840261,0.000964812700506969,4.61152612562799,"D4_PM",NA,"10cm"
"510","Varian GC","A. Stearns","20240827","2024","June","13","1421","EDT","G","Control","C6","20","384","1",NA,"Within Range","Within Range",0.739029288981807,13470.5242683348,0.000604122929796551,11.011542719902,"D4_PM",NA,"20cm"
"511","Varian GC","A. Stearns","20240827","2024","June","13","1422","EDT","G","Control","C6","35","385","1",NA,"Within Range","Within Range",0.39119423684264,15605.8086228566,0.000319783548506586,12.7570408475604,"D4_PM",NA,"35cm"
"512","Varian GC","A. Stearns","20240827","2024","June","13","1422","EDT","G","Control","C6","50","386","1",NA,"Within Range","Within Range",0.263976787217667,16453.566672715,0.00021578905257183,13.4500446086761,"D4_PM",NA,"50cm"
"513","Varian GC","A. Stearns","20240827","2024","June","13","1424","EDT","G","Control","F4","10","387","1",NA,"Within Range","Within Range",1.09491607843901,3249.30310159236,0.000895044241208968,2.65615793419429,"D4_PM",NA,"10cm"
"514","Varian GC","A. Stearns","20240827","2024","June","13","1424","EDT","G","Control","F4","20","388","1",NA,"Within Range","Within Range",0.392804584306247,6261.13185741086,0.000321099934531076,5.11819135984837,"D4_PM",NA,"20cm"
"515","Varian GC","A. Stearns","20240827","2024","June","13","1424","EDT","G","Control","F4","35","389","1",NA,"Within Range","Within Range",0.423401186114785,10759.3038555238,0.000346111268996397,8.79524298248806,"D4_PM",NA,"35cm"
"516","Varian GC","A. Stearns","20240827","2024","June","13","1425","EDT","G","Control","F4","50","390","1",NA,"Within Range","Within Range",0.189900803891733,16542.7326949088,0.000155235295445264,13.5229337882649,"D4_PM",NA,"50cm"
"517","Varian GC","A. Stearns","20240827","2024","June","13","1425","EDT","G","Control","F4","ATM","391","1",NA,"Within Range","Within Range",1.56996858020315,381.555409767491,0.00128337811843369,0.311904244479997,"D4_PM",NA,"0cm"
"518","Varian GC","A. Stearns","20240827","2024","June","13","1427","EDT","G","Control","H3","10","392","1",NA,"Within Range","Within Range",0.634356703847335,5295.80365933367,0.000518557838204663,4.32907933420581,"D4_PM",NA,"10cm"
"519","Varian GC","A. Stearns","20240827","2024","June","13","1427","EDT","G","Control","H3","20","393","1",NA,"Within Range","Within Range",0.294573389026204,11294.1626264286,0.000240800387037151,9.2324657726045,"D4_PM",NA,"20cm"
"520","Varian GC","A. Stearns","20240827","2024","June","13","1427","EDT","G","Control","H3","35","394","1",NA,"Within Range","Within Range",-0.238451621427797,16096.1978558341,-0.00019492338706923,13.1579118070527,"D4_PM",NA,"35cm"
"521","Varian GC","A. Stearns","20240827","2024","June","13","1428","EDT","G","Control","H3","50","395","1",NA,"Within Range","Within Range",-0.238451621427797,19538.1675638605,-0.00019492338706923,15.9715659548453,"D4_PM",NA,"50cm"
"522","Varian GC","A. Stearns","20240827","2024","June","13","1430","EDT","G","Control","H6","10","396","1",NA,"Within Range","Within Range",0.800222492598883,2743.78610342955,0.000654145598727193,2.24292071268602,"D4_PM",NA,"10cm"
"523","Varian GC","A. Stearns","20240827","2024","June","13","1430","EDT","G","Control","H6","20","397","1",NA,"Within Range","Within Range",0.112604125638585,9438.18352039555,9.20487662697158e-05,7.71528701948273,"D4_PM",NA,"20cm"
"524","Varian GC","A. Stearns","20240827","2024","June","13","1430","EDT","G","Control","H6","35","398","1",NA,"Within Range","Within Range",0.0932799560752975,17207.2435204556,7.62521339758289e-05,14.0661412535116,"D4_PM",NA,"35cm"
"525","Varian GC","A. Stearns","20240827","2024","June","13","1430","EDT","G","Control","H6","50","399","1",NA,"Within Range","Within Range",0.249483660045201,16708.17060387,0.000203941578351415,13.6581717764626,"D4_PM",NA,"50cm"
"526","Varian GC","A. Stearns","20240827","2024","June","13","1341","EDT","W","Saltwater","C3","10","400","1",NA,"Within Range","Within Range",5.31885747548084,5828.20782641252,0.217396239172388,238.214779850369,"D4_PM",NA,"10cm"
"527","Varian GC","A. Stearns","20240827","2024","June","13","1341","EDT","W","Saltwater","C3","20","401","1",NA,"Within Range","Within Range",2.11909706529322,9128.53315745494,0.0866132876392488,373.108094499513,"D4_PM",NA,"20cm"
"528","Varian GC","A. Stearns","20240827","2024","June","13","1342","EDT","W","Saltwater","C3","35","402","1",NA,"Within Range","Within Range",3.20608160322812,13673.8562436603,0.131041315965806,558.887869445475,"D4_PM",NA,"35cm"
"529","Varian GC","A. Stearns","20240827","2024","June","13","1343","EDT","W","Saltwater","C3","50","403","1",NA,"Within Range","Within Range",5.35267477221659,17472.4362900131,0.218778444498103,714.146215825156,"D4_PM",NA,"50cm"
"530","Varian GC","A. Stearns","20240827","2024","June","13","1347","EDT","W","Saltwater","C6","10","404","1",NA,"Within Range","Within Range",3.67147202021062,11124.7651010767,0.150063094019695,454.699548878523,"D4_PM",NA,"10cm"
"531","Varian GC","A. Stearns","20240827","2024","June","13","1347","EDT","W","Saltwater","C6","20","405","1",NA,"Within Range","Within Range",3.34779218002556,21954.56079304,0.136833414473564,897.342891982073,"D4_PM",NA,"20cm"
"532","Varian GC","A. Stearns","20240827","2024","June","13","1348","EDT","W","Saltwater","C6","35","406","1",NA,"Within Range","Within Range",5.25122288200934,14331.4989563121,0.214631828520957,585.767524166191,"D4_PM",NA,"35cm"
"533","Varian GC","A. Stearns","20240827","2024","June","13","1348","EDT","W","Saltwater","C6","50","407","1",NA,"Within Range","Within Range",4.96780172841446,19709.1417690422,0.20304763150544,805.566480706997,"D4_PM",NA,"50cm"
"534","Varian GC","A. Stearns","20240827","2024","June","13","1354","EDT","W","Saltwater","F4","10","408","1",NA,"Within Range","Within Range",3.23184716264584,7750.66429299744,0.132094424785398,316.790828886242,"D4_PM",NA,"10cm"
"535","Varian GC","A. Stearns","20240827","2024","June","13","1354","EDT","W","Saltwater","F4","20","409","1",NA,"Within Range","Within Range",2.16418679427423,16390.4517013457,0.0884562280735356,669.922549087874,"D4_PM",NA,"20cm"
"536","Varian GC","A. Stearns","20240828","2024","June","13","1355","EDT","W","Saltwater","F4","35","410","1",NA,"Within Range","Within Range",1.88881737799739,371.808661728626,0.0772011275641412,15.1968359979818,"D4_PM",NA,"35cm"
"537","Varian GC","A. Stearns","20240828","2024","June","13","1355","EDT","W","Saltwater","F4","50","411","1",NA,"Within Range","Within Range",2.59575991452097,19208.1159194856,0.106095800801709,785.088185147494,"D4_PM",NA,"50cm"
"538","Varian GC","A. Stearns","20240828","2024","June","13","1356","EDT","G","Saltwater","F4","ATM","412","1",NA,"Within Range","Within Range",1.65370664831073,415.328608394809,0.0013518301917072,0.339512302790442,"D4_PM",NA,"0cm"
"539","Varian GC","A. Stearns","20240828","2024","June","13","1401","EDT","G","Saltwater","H3","10","413","1",NA,"Within Range","Within Range",1.92907606458757,2125.21996701448,0.00157693220189509,1.73727094727706,"D4_PM",NA,"10cm"
"540","Varian GC","A. Stearns","20240828","2024","June","13","1401","EDT","W","Saltwater","H3","20","414","1",NA,"Within Range","Within Range",2.99995712788639,12854.3350962087,0.122616445409066,525.39180075036,"D4_PM",NA,"20cm"
"541","Varian GC","A. Stearns","20240828","2024","June","13","1402","EDT","W","Saltwater","H3","35","415","1",NA,"Within Range","Within Range",4.06117610640357,6445.59145295522,0.165991364916031,263.448935711043,"D4_PM",NA,"35cm"
"542","Varian GC","A. Stearns","20240828","2024","June","13","1402","EDT","W","Saltwater","H3","50","416","1",NA,"Within Range","Within Range",2.7358601438548,13901.0175845955,0.111822080008243,568.172574183725,"D4_PM",NA,"50cm"
"543","Varian GC","A. Stearns","20240828","2024","June","13","1408","EDT","W","Saltwater","H6","10","417","1",NA,"Within Range","Within Range",3.38321982422492,20536.0028388835,0.138281439100504,839.362552087024,"D4_PM",NA,"10cm"
"544","Varian GC","A. Stearns","20240828","2024","June","13","1408","EDT","W","Saltwater","H6","20","418","1",NA,"Within Range","Within Range",3.29143001879931,19584.5064229497,0.134529738930706,800.472293537406,"D4_PM",NA,"20cm"
"545","Varian GC","A. Stearns","20240828","2024","June","13","1409","EDT","W","Saltwater","H6","35","419","1",NA,"Within Range","Within Range",2.70043249965544,18934.5858581007,0.110374055381304,773.908264098702,"D4_PM",NA,"35cm"
"546","Varian GC","A. Stearns","20240828","2024","June","13","1410","EDT","W","Saltwater","H6","50","420","1",NA,"Within Range","Within Range",2.74391188117284,15735.5383170357,0.112151176514366,643.154449474567,"D4_PM",NA,"50cm"
"547","Varian GC","A. Stearns","20240828","2024","June","13","1303","EDT","W","Freshwater","C3","10","421","1",NA,"Within Range","Within Range",1.68591359758287,8245.93884453853,0.0689078956098505,337.034053180025,"D4_PM",NA,"10cm"
"548","Varian GC","A. Stearns","20240828","2024","June","13","1303","EDT","W","Freshwater","C3","20","422","1",NA,"Within Range","Within Range",1.6263307414294,8439.29115321394,0.0664725814645429,344.936890384274,"D4_PM",NA,"20cm"
"549","Varian GC","A. Stearns","20240828","2024","June","13","1304","EDT","W","Freshwater","C3","35","423","1",NA,"Within Range","Within Range",1.55064441063986,16064.682176054,0.0633790743069901,656.607458401227,"D4_PM",NA,"35cm"
"550","Varian GC","A. Stearns","20240828","2024","June","13","1304","EDT","W","Freshwater","C3","50","424","1",NA,"Within Range","Within Range",1.6263307414294,16143.4683893682,0.0664725814645429,659.827666228206,"D4_PM",NA,"50cm"
"551","Varian GC","A. Stearns","20240828","2024","June","13","1310","EDT","W","Freshwater","C6","10","425","1",NA,"Within Range","Within Range",1.70684811460977,7226.8243640851,0.0697635465257694,295.380059562407,"D4_PM",NA,"10cm"
"552","Varian GC","A. Stearns","20240828","2024","June","13","1310","EDT","W","Freshwater","C6","20","426","1",NA,"Within Range","Within Range",1.65209630084712,18035.3408506179,0.0675256902841354,737.153663393099,"D4_PM",NA,"20cm"
"553","Varian GC","A. Stearns","20240828","2024","June","13","1311","EDT","W","Freshwater","C6","35","427","1",NA,"Within Range","Within Range",1.68108255519205,18946.6976258843,0.0687104377061769,774.403305144268,"D4_PM",NA,"35cm"
"554","Varian GC","A. Stearns","20240828","2024","June","13","1311","EDT","W","Freshwater","C6","50","428","1",NA,"Within Range","Within Range",1.55225475810347,21613.2812771497,0.0634448936082146,883.393865597528,"D4_PM",NA,"50cm"
"555","Varian GC","A. Stearns","20240828","2024","June","13","1317","EDT","W","Freshwater","F4","10","429","1",NA,"Within Range","Within Range",1.60539622440251,6634.74525435653,0.0656169305486241,271.180168450286,"D4_PM",NA,"10cm"
"556","Varian GC","A. Stearns","20240828","2024","June","13","1317","EDT","W","Freshwater","F4","20","430","1",NA,"Within Range","Within Range",1.5586961479579,17154.3291898034,0.0637081708131127,701.144309389723,"D4_PM",NA,"20cm"
"557","Varian GC","A. Stearns","20240828","2024","June","13","1318","EDT","W","Freshwater","F4","35","431","1",NA,"Within Range","Within Range",1.61666865664776,8409.89563002319,0.0660776656571958,343.735415026149,"D4_PM",NA,"35cm"
"558","Varian GC","A. Stearns","20240828","2024","June","13","1319","EDT","W","Freshwater","F4","50","432","1",NA,"Within Range","Within Range",1.62794108889301,17320.4957159587,0.0665384007657675,707.935989375324,"D4_PM",NA,"50cm"
"559","Varian GC","A. Stearns","20240828","2024","June","13","1322","EDT","G","Freshwater","F4","ATM","433","1",NA,"Within Range","Within Range",1.63599282621105,637.8554661939,0.0013373499454378,0.521417917758994,"D4_PM",NA,"0cm"
"560","Varian GC","A. Stearns","20240828","2024","June","13","1325","EDT","W","Freshwater","H3","10","434","1",NA,"Within Range","Within Range",1.61666865664776,4019.51717072977,0.0660776656571958,164.288650379091,"D4_PM",NA,"10cm"
"561","Varian GC","A. Stearns","20240828","2024","June","13","1325","EDT","W","Freshwater","H3","20","435","1",NA,"Within Range","Within Range",1.51038572404968,5797.55812608442,0.0617335917763769,236.962042845513,"D4_PM",NA,"20cm"
"562","Varian GC","A. Stearns","20240828","2024","June","13","1326","EDT","W","Freshwater","H3","35","436","1",NA,"Within Range","Within Range",1.59573413962087,16996.0341182531,0.0652220147412769,694.674357263124,"D4_PM",NA,"35cm"
"563","Varian GC","A. Stearns","20240828","2024","June","13","1326","EDT","W","Freshwater","H3","50","437","1",NA,"Within Range","Within Range",1.57963066498479,13981.6193686228,0.0645638217290316,571.466989346924,"D4_PM",NA,"50cm"
"564","Varian GC","A. Stearns","20240828","2024","June","13","1332","EDT","W","Freshwater","H6","10","438","1",NA,"Within Range","Within Range",1.7132895044642,4642.98654252468,0.0700268237306675,189.771547277947,"D4_PM",NA,"10cm"
"565","Varian GC","A. Stearns","20240828","2024","June","13","1332","EDT","W","Freshwater","H6","20","439","1",NA,"Within Range","Within Range",1.64887560591991,9383.14306088196,0.0673940516816864,383.514696991917,"D4_PM",NA,"20cm"
"566","Varian GC","A. Stearns","20240828","2024","June","13","1334","EDT","W","Freshwater","H6","35","440","1",NA,"Within Range","Within Range",1.74388610627273,9494.97385562936,0.0712773904539336,388.085527158699,"D4_PM",NA,"35cm"
"567","Varian GC","A. Stearns","20240828","2024","June","13","1334","EDT","W","Freshwater","H6","50","441","1",NA,"Within Range","Within Range",1.64565491099269,13809.7851562612,0.0672624130792373,564.443655538718,"D4_PM",NA,"50cm"
"568","Varian GC","A. Stearns","20240829","2024","June","14","931","EDT","G","Control","C3","10","442","1",NA,"Within Range","Within Range",1.06915051902129,4348.02199663527,0.000873982064817119,3.55431080552453,"D5_AM",NA,"10cm"
"569","Varian GC","A. Stearns","20240829","2024","June","14","932","EDT","G","Control","C3","20","443","1",NA,"Within Range","Within Range",0.524853076322042,8580.79219566788,0.000429043588539304,7.01440849301694,"D5_AM",NA,"20cm"
"570","Varian GC","A. Stearns","20240829","2024","June","14","934","EDT","G","Control","C3","35","444","1",NA,"Within Range","Within Range",0.263976787217667,12966.1778355002,0.00021578905257183,10.599262382466,"D5_AM",NA,"35cm"
"571","Varian GC","A. Stearns","20240829","2024","June","14","934","EDT","G","Control","C3","50","445","1",NA,"Within Range","Within Range",0.16252489701041,22284.2481288178,0.000132856733028924,18.2163622857796,"D5_AM",NA,"50cm"
"572","Varian GC","A. Stearns","20240829","2024","June","14","936","EDT","G","Control","C6","10","446","1",NA,"Within Range","Within Range",1.23662665523645,6311.80658603205,0.00101088621136414,5.15961565246802,"D5_AM",NA,"10cm"
"573","Varian GC","A. Stearns","20240829","2024","June","14","937","EDT","G","Control","C6","20","447","1",NA,"Within Range","Within Range",0.8485329165071,14437.3515067048,0.00069363717946191,11.8018801430045,"D5_AM",NA,"20cm"
"574","Varian GC","A. Stearns","20240829","2024","June","14","936","EDT","G","Control","C6","35","448","1",NA,"Within Range","Within Range",0.462049525241359,15701.6337284226,0.000377704533584171,12.8353735258258,"D5_AM",NA,"35cm"
"575","Varian GC","A. Stearns","20240829","2024","June","14","937","EDT","G","Control","C6","50","449","1",NA,"Within Range","Within Range",0.497477169440719,17395.2924515216,0.000406665026122964,14.2198627269017,"D5_AM",NA,"50cm"
"576","Varian GC","A. Stearns","20240829","2024","June","14","939","EDT","G","Control","F4","10","450","1",NA,"Within Range","Within Range",1.14483684981084,3640.40928346807,0.000935852207968176,2.97586950175859,"D5_AM",NA,"10cm"
"577","Varian GC","A. Stearns","20240829","2024","June","14","940","EDT","G","Control","F4","20","451","1",NA,"Within Range","Within Range",0.623084271602084,10043.3598228013,0.000509343136033229,8.20999120279938,"D5_AM",NA,"20cm"
"578","Varian GC","A. Stearns","20240829","2024","June","14","939","EDT","G","Control","F4","35","452","1",NA,"Within Range","Within Range",0.304235473807848,10688.8907676695,0.000248698703184095,8.73768347630235,"D5_AM",NA,"35cm"
"579","Varian GC","A. Stearns","20240829","2024","June","14","940","EDT","G","Control","F4","50","453","1",NA,"Within Range","Within Range",0.199562888673376,17046.9955159343,0.000163133611592207,13.9351457768386,"D5_AM",NA,"50cm"
"580","Varian GC","A. Stearns","20240829","2024","June","14","941","EDT","G","Control","F4","ATM","454","1",NA,"Within Range","Within Range",1.73905506388191,4678.33044870973,0.0014215986510052,3.82432298606843,"D5_AM",NA,"0cm"
"581","Varian GC","A. Stearns","20240829","2024","June","14","944","EDT","G","Control","H3","10","455","1",NA,"Within Range","Within Range",0.700380949855233,5748.7885522576,0.000572529665208777,4.69937394193889,"D5_AM",NA,"10cm"
"582","Varian GC","A. Stearns","20240829","2024","June","14","947","EDT","G","Control","H3","20","456","1",NA,"Within Range","Within Range",0.117435168029406,11829.2244545843,9.59979243431876e-05,9.66985455281512,"D5_AM",NA,"20cm"
"583","Varian GC","A. Stearns","20240829","2024","June","14","946","EDT","G","Control","H3","35","457","1",NA,"Within Range","Within Range",0.114214473102192,16128.8363227657,9.33651522942064e-05,13.1845922736604,"D5_AM",NA,"35cm"
"584","Varian GC","A. Stearns","20240829","2024","June","14","947","EDT","G","Control","H3","50","458","1",NA,"Within Range","Within Range",-0.238451621427797,20422.7864770129,-0.00019492338706923,16.6947018001152,"D5_AM",NA,"50cm"
"585","Varian GC","A. Stearns","20240829","2024","June","14","948","EDT","G","Control","H6","10","459","1",NA,"Within Range","Within Range",0.824377704552991,3516.14421824462,0.000673891389094551,2.87428844618557,"D5_AM",NA,"10cm"
"586","Varian GC","A. Stearns","20240829","2024","June","14","949","EDT","G","Control","H6","20","460","1",NA,"Within Range","Within Range",0.175407676719268,10011.8441430213,0.000143387821224848,8.18422856377122,"D5_AM",NA,"20cm"
"587","Varian GC","A. Stearns","20240829","2024","June","14","950","EDT","G","Control","H6","35","461","1",NA,"Within Range","Within Range",-0.238451621427797,18027.2185605856,-0.00019492338706923,14.736433664095,"D5_AM",NA,"35cm"
"588","Varian GC","A. Stearns","20240829","2024","June","14","951","EDT","G","Control","H6","50","462","1",NA,"Within Range","Within Range",-0.238451621427797,17921.6467069808,-0.00019492338706923,14.6501334613092,"D5_AM",NA,"50cm"
"589","Varian GC","A. Stearns","20240829","2024","June","14","853","EDT","G","Saltwater","C3","10","463","1",NA,"Within Range","Within Range",1.60056518201169,15471.4265287252,0.00130838945289901,12.6471895796482,"D5_AM",NA,"10cm"
"590","Varian GC","A. Stearns","20240829","2024","June","14","855","EDT","G","Saltwater","C3","20","464","1",NA,"Within Range","Within Range",1.99993135298629,20374.6917699314,0.00163485318697267,16.6553865581038,"D5_AM",NA,"20cm"
"591","Varian GC","A. Stearns","20240829","2024","June","14","854","EDT","G","Saltwater","C3","35","465","1",NA,"Within Range","Within Range",4.44604915020571,37237.6408861431,0.00363444355817386,30.4400827494164,"D5_AM",NA,"35cm"
"592","Varian GC","A. Stearns","20240829","2024","June","14","855","EDT","W","Saltwater","C3","50","466","1",NA,"Within Range","Within Range",4.15940730168362,21002.401454905,0.170006342290727,858.425537990612,"D5_AM",NA,"50cm"
"593","Varian GC","A. Stearns","20240829","2024","June","14","901","EDT","G","Saltwater","C6","10","467","1",NA,"Within Range","Within Range",2.79222230508106,11111.2319325374,0.00228251511102204,9.08292822599992,"D5_AM",NA,"10cm"
"594","Varian GC","A. Stearns","20240829","2024","June","14","903","EDT","G","Saltwater","C6","20","468","1",NA,"Within Range","Within Range",11.7344817704921,38361.5269357423,0.00959240670501822,31.3588086283011,"D5_AM",NA,"20cm"
"595","Varian GC","A. Stearns","20240829","2024","June","14","902","EDT","W","Saltwater","C6","35","469","1",NA,"Within Range","Within Range",3.68435479991948,17825.182568302,0.150589648429491,728.563920122664,"D5_AM",NA,"35cm"
"596","Varian GC","A. Stearns","20240829","2024","June","14","903","EDT","W","Saltwater","C6","50","470","1",NA,"Within Range","Within Range",4.19644529334658,20635.7278381194,0.171520186218891,843.438585311319,"D5_AM",NA,"50cm"
"597","Varian GC","A. Stearns","20240829","2024","June","14","907","EDT","G","Saltwater","F4","10","471","1",NA,"Within Range","Within Range",2.71170493190069,27126.3632761699,0.00221669580979751,22.1745718355809,"D5_AM",NA,"10cm"
"598","Varian GC","A. Stearns","20240829","2024","June","14","908","EDT","G","Saltwater","F4","20","472","1",NA,"Within Range","Within Range",2.81476716957156,30720.3511977877,0.00230094451536491,25.1124939791708,"D5_AM",NA,"20cm"
"599","Varian GC","A. Stearns","20240829","2024","June","14","907","EDT","W","Saltwater","F4","35","473","1",NA,"Within Range","Within Range",2.30911806599888,22725.8080652477,0.0943799651837432,928.865875484232,"D5_AM",NA,"35cm"
"600","Varian GC","A. Stearns","20240829","2024","June","14","909","EDT","W","Saltwater","F4","50","474","1",NA,"Within Range","Within Range",2.85502585616174,24521.7240309457,0.116692708298858,1002.2698684681,"D5_AM",NA,"50cm"
"601","Varian GC","A. Stearns","20240829","2024","June","14","909","EDT","G","Saltwater","F4","ATM","475","1",NA,"Within Range","Within Range",1.52004780883133,474.651186991652,0.00124257015167448,0.388005820597276,"D5_AM",NA,"0cm"
"602","Varian GC","A. Stearns","20240829","2024","June","14","915","EDT","G","Saltwater","H3","10","476","1",NA,"Within Range","Within Range",1.83406556423474,5896.16033816877,0.00149926542645014,4.81984369381662,"D5_AM",NA,"10cm"
"603","Varian GC","A. Stearns","20240829","2024","June","14","917","EDT","G","Saltwater","H3","20","477","1",NA,"Within Range","Within Range",1.86305181857967,33944.6196438578,0.00152296037489097,27.7481872177622,"D5_AM",NA,"20cm"
"604","Varian GC","A. Stearns","20240829","2024","June","14","916","EDT","G","Saltwater","H3","35","478","1",NA,"Within Range","Within Range",6.14013468192054,36057.7767303134,0.00501928165593795,29.4755973072172,"D5_AM",NA,"35cm"
"605","Varian GC","A. Stearns","20240829","2024","June","14","918","EDT","W","Saltwater","H3","50","479","1",NA,"Within Range","Within Range",2.13036949753848,16442.3328289276,0.0870740227478205,672.043072540949,"D5_AM",NA,"50cm"
"606","Varian GC","A. Stearns","20240829","2024","June","14","922","EDT","G","Saltwater","H6","10","480","1",NA,"Within Range","Needs Dilution",4.50241131143196,52060.0975503286,0.00368051706903103,42.5567688946804,"D5_AM",NA,"10cm"
"607","Varian GC","A. Stearns","20240829","2024","June","14","925","EDT","G","Saltwater","H6","20","481","1",NA,"Within Range","Within Range",3.4460233753056,40596.4825390512,0.00281696783696521,33.185783481891,"D5_AM",NA,"20cm"
"608","Varian GC","A. Stearns","20240829","2024","June","14","925","EDT","W","Saltwater","H6","35","482","1",NA,"Within Range","Within Range",1.70684811460977,22095.3571073882,0.0697635465257694,903.097622085244,"D5_AM",NA,"35cm"
"609","Varian GC","A. Stearns","20240829","2024","June","14","926","EDT","W","Saltwater","H6","50","483","1",NA,"Within Range","Within Range",2.35420779497988,22347.4168506359,0.09622290561803,913.39999256263,"D5_AM",NA,"50cm"
"610","Varian GC","A. Stearns","20240829","2024","June","14","818","EDT","G","Freshwater","C3","10","484","1",NA,"Within Range","Within Range",1.26078186719056,22320.2669017482,0.0010306320017315,18.2458059992492,"D5_AM",NA,"10cm"
"611","Varian GC","A. Stearns","20240829","2024","June","14","819","EDT","G","Freshwater","C3","20","485","1",NA,"Within Range","Within Range",1.54581336824904,7813.36120532098,0.00126363232806633,6.38706846033191,"D5_AM",NA,"20cm"
"612","Varian GC","A. Stearns","20240829","2024","June","14","819","EDT","W","Freshwater","C3","35","486","1",NA,"Within Range","Within Range",1.49267190195,16813.7663465631,0.0610095794629071,687.224575374738,"D5_AM",NA,"35cm"
"613","Varian GC","A. Stearns","20240829","2024","June","14","820","EDT","W","Freshwater","C3","50","487","1",NA,"Within Range","Within Range",1.50072363926804,15878.2397861783,0.0613386759690297,648.987048460153,"D5_AM",NA,"50cm"
"614","Varian GC","A. Stearns","20240829","2024","June","14","827","EDT","G","Freshwater","C6","10","488","1",NA,"Within Range","Within Range",0.634356703847335,39518.630762665,0.000518557838204663,32.304688533768,"D5_AM",NA,"10cm"
"615","Varian GC","A. Stearns","20240829","2024","June","14","828","EDT","G","Freshwater","C6","20","489","1",NA,"Within Range","Needs Dilution",0.7374189415182,51657.8650255629,0.00060280654377206,42.2279620463677,"D5_AM",NA,"20cm"
"616","Varian GC","A. Stearns","20240829","2024","June","14","827","EDT","G","Freshwater","C6","35","490","1",NA,"Within Range","Within Range",0.515190991540398,39719.2095205604,0.00042114527239236,32.468652572381,"D5_AM",NA,"35cm"
"617","Varian GC","A. Stearns","20240829","2024","June","14","828","EDT","G","Freshwater","C6","50","491","1",NA,"Within Range","Within Range",0.239821575263558,46271.4489451434,0.000196043262204471,37.8248111670709,"D5_AM",NA,"50cm"
"618","Varian GC","A. Stearns","20240829","2024","June","14","831","EDT","G","Freshwater","F4","10","492","1",NA,"Within Range","Within Range",1.44114078311457,13450.3977114163,0.00117806723647444,10.9950901723324,"D5_AM",NA,"10cm"
"619","Varian GC","A. Stearns","20240829","2024","June","14","833","EDT","W","Freshwater","F4","20","493","1",NA,"Within Range","Within Range",0.827598399480206,35663.9830260005,0.0338262080571766,1457.6844405968,"D5_AM",NA,"20cm"
"620","Varian GC","A. Stearns","20240829","2024","June","14","832","EDT","W","Freshwater","F4","35","494","1",NA,"Within Range","Within Range",1.79380687764456,13722.7870688334,0.0733177887918939,560.887805977195,"D5_AM",NA,"35cm"
"621","Varian GC","A. Stearns","20240829","2024","June","14","833","EDT","W","Freshwater","F4","50","495","1",NA,"Within Range","Within Range",1.6263307414294,17894.3892571956,0.0664725814645429,731.392586609856,"D5_AM",NA,"50cm"
"622","Varian GC","A. Stearns","20240829","2024","June","14","839","EDT","G","Freshwater","F4","ATM","496","1",NA,"Within Range","Within Range",1.64404456352908,432.570557897385,0.00134393187556026,0.353606814610469,"D5_AM",NA,"0cm"
"623","Varian GC","A. Stearns","20240829","2024","June","14","841","EDT","G","Freshwater","H3","10","497","1",NA,"Within Range","Within Range",1.48139946970475,14352.6467717567,0.00121097688708671,11.7326378634259,"D5_AM",NA,"10cm"
"624","Varian GC","A. Stearns","20240829","2024","June","14","842","EDT","G","Freshwater","H3","20","498","1",NA,"Within Range","Within Range",1.69557568236452,13442.3829222814,0.00138605622834395,10.9885384456741,"D5_AM",NA,"20cm"
"625","Varian GC","A. Stearns","20240829","2024","June","14","841","EDT","G","Freshwater","H3","35","499","1",NA,"Within Range","Within Range",0.669784348046695,35957.9920083567,0.000547518330743456,29.3940278221154,"D5_AM",NA,"35cm"
"626","Varian GC","A. Stearns","20240829","2024","June","14","842","EDT","W","Freshwater","H3","50","500","1",NA,"Within Range","Within Range",1.59573413962087,16257.8493442949,0.0652220147412769,664.502728410007,"D5_AM",NA,"50cm"
"627","Varian GC","A. Stearns","20240829","2024","June","14","847","EDT","G","Freshwater","H6","10","501","1",NA,"Within Range","Within Range",1.07237121394851,20785.8528414606,0.0008766148368661,16.9914920884986,"D5_AM",NA,"10cm"
"628","Varian GC","A. Stearns","20240829","2024","June","14","848","EDT","G","Freshwater","H6","20","502","1",NA,"Within Range","Within Range",0.861415696215958,30668.9239628841,0.000704168267657835,25.0704545467904,"D5_AM",NA,"20cm"
"629","Varian GC","A. Stearns","20240829","2024","June","14","847","EDT","G","Freshwater","H6","35","503","1",NA,"Within Range","Within Range",1.34935097768896,12156.1764897483,0.00110303323307848,9.93712301474355,"D5_AM",NA,"35cm"
"630","Varian GC","A. Stearns","20240829","2024","June","14","848","EDT","G","Freshwater","H6","50","504","1",NA,"Within Range","Within Range",1.42181661355128,14234.9273167358,0.00116227060418056,11.6364075473592,"D5_AM",NA,"50cm"
"631","Varian GC","A. Stearns","20240828","2024","June","14","1414","EDT","G","Control","C3","10","505","1",NA,"Within Range","Within Range",1.22696457045481,4360.61154618547,0.0010029878952172,3.56460219136333,"D5_PM",NA,"10cm"
"632","Varian GC","A. Stearns","20240828","2024","June","14","1415","EDT","G","Control","C3","20","506","1",NA,"Within Range","Within Range",0.544177245885329,7702.0738873331,0.000444840220833191,6.29609612460126,"D5_PM",NA,"20cm"
"633","Varian GC","A. Stearns","20240828","2024","June","14","1416","EDT","G","Control","C3","35","507","1",NA,"Within Range","Within Range",0.286521651708168,11862.1257014875,0.000234218456914698,9.69674983013293,"D5_PM",NA,"35cm"
"634","Varian GC","A. Stearns","20240828","2024","June","14","1417","EDT","G","Control","C3","50","508","1",NA,"Within Range","Within Range",0.202783583600591,22314.3304632981,0.000165766383641188,18.2409532300254,"D5_PM",NA,"50cm"
"635","Varian GC","A. Stearns","20240828","2024","June","14","1418","EDT","G","Control","C6","10","509","1",NA,"Within Range","Within Range",1.32841646066206,5592.44044140622,0.0010859202147601,4.57156645148635,"D5_PM",NA,"10cm"
"636","Varian GC","A. Stearns","20240828","2024","June","14","1419","EDT","G","Control","C6","20","510","1",NA,"Within Range","Within Range",0.780898323035595,13644.6458609041,0.000638348966433306,11.1538792256564,"D5_PM",NA,"20cm"
"637","Varian GC","A. Stearns","20240828","2024","June","14","1420","EDT","G","Control","C6","35","511","1",NA,"Within Range","Within Range",0.370259719815745,14768.6513559449,0.000302670530188208,12.0727027457729,"D5_PM",NA,"35cm"
"638","Varian GC","A. Stearns","20240828","2024","June","14","1421","EDT","G","Control","C6","50","512","1",NA,"Within Range","Within Range",0.468490915095788,15780.2706349347,0.000382970077682134,12.8996556308256,"D5_PM",NA,"50cm"
"639","Varian GC","A. Stearns","20240828","2024","June","14","1424","EDT","G","Control","F4","10","513","1",NA,"Within Range","Within Range",1.12551268024755,3257.55678161056,0.000920055575674289,2.66290494331631,"D5_PM",NA,"10cm"
"640","Varian GC","A. Stearns","20240828","2024","June","14","1425","EDT","G","Control","F4","20","514","1",NA,"Within Range","Within Range",0.412128753869534,10094.8766417862,0.000336896566824963,8.25210386610369,"D5_PM",NA,"20cm"
"641","Varian GC","A. Stearns","20240828","2024","June","14","1426","EDT","G","Control","F4","35","515","1",NA,"Within Range","Within Range",0.410518406405927,10173.9136905278,0.000335580180800473,8.3167130692302,"D5_PM",NA,"35cm"
"642","Varian GC","A. Stearns","20240828","2024","June","14","1427","EDT","G","Control","F4","50","516","1",NA,"Within Range","Within Range",0.149642117301551,16158.0765668823,0.000122325644832999,13.2084948472215,"D5_PM",NA,"50cm"
"643","Varian GC","A. Stearns","20240828","2024","June","14","1428","EDT","G","Control","F4","ATM","517","1",NA,"Within Range","Within Range",1.52165815629493,391.493270513,0.00124388653769897,0.320027994971346,"D5_PM",NA,"0cm"
"644","Varian GC","A. Stearns","20240828","2024","June","14","1430","EDT","G","Control","H3","10","518","1",NA,"Within Range","Within Range",0.557060025594187,5240.39889122304,0.000455371309029115,4.28378844880422,"D5_PM",NA,"10cm"
"645","Varian GC","A. Stearns","20240828","2024","June","14","1431","EDT","G","Control","H3","20","519","1",NA,"Within Range","Within Range",0.233380185409129,11514.0616845114,0.000190777718106509,9.41222328047197,"D5_PM",NA,"20cm"
"646","Varian GC","A. Stearns","20240828","2024","June","14","1432","EDT","G","Control","H3","35","520","1",NA,"Within Range","Within Range",0.0916696086116903,15501.1326100642,7.49357479513383e-05,12.6714729540136,"D5_PM",NA,"35cm"
"647","Varian GC","A. Stearns","20240828","2024","June","14","1433","EDT","G","Control","H3","50","521","1",NA,"Within Range","Within Range",-0.238451621427797,19498.893902645,-0.00019492338706923,15.9394615178073,"D5_PM",NA,"50cm"
"648","Varian GC","A. Stearns","20240828","2024","June","14","1434","EDT","G","Control","H6","10","522","1",NA,"Within Range","Within Range",0.882350213242853,3054.23675082923,0.000721281285976212,2.49670003843201,"D5_PM",NA,"10cm"
"649","Varian GC","A. Stearns","20240828","2024","June","14","1435","EDT","G","Control","H6","20","523","1",NA,"Within Range","Within Range",0.141590379983515,9738.56491706391,0.000115743714710546,7.96083518938231,"D5_PM",NA,"20cm"
"650","Varian GC","A. Stearns","20240828","2024","June","14","1436","EDT","G","Control","H6","35","524","1",NA,"Within Range","Within Range",0.104552388320548,17642.0368726158,8.54668361472629e-05,14.4215651016313,"D5_PM",NA,"35cm"
"651","Varian GC","A. Stearns","20240828","2024","June","14","1437","EDT","G","Control","H6","50","525","1",NA,"Within Range","Within Range",-0.238451621427797,17694.1210574485,-0.00019492338706923,14.464141560787,"D5_PM",NA,"50cm"
"652","Varian GC","A. Stearns","20240828","2024","June","14","1338","EDT","G","Saltwater","C3","10","526","1",NA,"Within Range","Within Range",1.6021755294753,16822.2828065529,0.0013097058389235,13.7514533273269,"D5_PM",NA,"10cm"
"653","Varian GC","A. Stearns","20240828","2024","June","14","1339","EDT","G","Saltwater","C3","20","527","1",NA,"Within Range","Within Range",1.66175838562876,20889.3343998365,0.00135841212182965,17.0760835697268,"D5_PM",NA,"20cm"
"654","Varian GC","A. Stearns","20240828","2024","June","14","1340","EDT","G","Saltwater","C3","35","528","1",NA,"Within Range","Within Range",2.65695311813805,37018.655585689,0.00217193868496483,30.2610721969727,"D5_PM",NA,"35cm"
"655","Varian GC","A. Stearns","20240828","2024","June","14","1341","EDT","W","Saltwater","C3","50","529","1",NA,"Within Range","Within Range",2.30911806599888,15086.6031770804,0.0943799651837432,616.630697044007,"D5_PM",NA,"50cm"
"656","Varian GC","A. Stearns","20240828","2024","June","14","1342","EDT","G","Saltwater","C6","10","530","1",NA,"Within Range","Within Range",1.92907606458757,10587.2904749997,0.00157693220189509,8.65462984447613,"D5_PM",NA,"10cm"
"657","Varian GC","A. Stearns","20240828","2024","June","14","1344","EDT","G","Saltwater","C6","20","531","1",NA,"Within Range","Within Range",6.18683475836515,45153.6187794361,0.00505745685064818,36.911035698642,"D5_PM",NA,"20cm"
"658","Varian GC","A. Stearns","20240828","2024","June","14","1346","EDT","W","Saltwater","C6","35","532","1",NA,"Within Range","Within Range",3.2688851543088,20728.2024990469,0.133608268713562,847.218277396898,"D5_PM",NA,"35cm"
"659","Varian GC","A. Stearns","20240828","2024","June","14","1346","EDT","W","Saltwater","C6","50","533","1",NA,"Within Range","Within Range",3.25600237459995,19587.8927012205,0.133081714303766,800.610699983578,"D5_PM",NA,"50cm"
"660","Varian GC","A. Stearns","20240828","2024","June","14","1354","EDT","G","Saltwater","F4","10","534","1",NA,"Within Range","Within Range",1.56513753781233,27524.218125499,0.00127942896036022,22.4998001327457,"D5_PM",NA,"10cm"
"661","Varian GC","A. Stearns","20240828","2024","June","14","1355","EDT","G","Saltwater","F4","20","535","1",NA,"Within Range","Within Range",2.33971466780742,36248.6565183466,0.00191261063814019,29.6316328778026,"D5_PM",NA,"20cm"
"662","Varian GC","A. Stearns","20240828","2024","June","14","1356","EDT","G","Saltwater","F4","35","536","1",NA,"Within Range","Within Range",2.3799733543976,24699.4469035808,0.00194552028875245,20.1906777582572,"D5_PM",NA,"35cm"
"663","Varian GC","A. Stearns","20240828","2024","June","14","1358","EDT","W","Saltwater","F4","50","537","1",NA,"Within Range","Within Range",2.37031126961596,22554.1649655927,0.0968810986302753,921.850352974575,"D5_PM",NA,"50cm"
"664","Varian GC","A. Stearns","20240828","2024","June","14","1357","EDT","G","Saltwater","F4","ATM","538","1",NA,"Within Range","Within Range",1.51682711390411,380.343038534715,0.0012399373796255,0.310913185976545,"D5_PM",NA,"0cm"
"665","Varian GC","A. Stearns","20240828","2024","June","14","1358","EDT","G","Saltwater","H3","10","539","1",NA,"Within Range","Within Range",1.43630974072375,6274.75461003136,0.00117411807840097,5.12932734234283,"D5_PM",NA,"10cm"
"666","Varian GC","A. Stearns","20240828","2024","June","14","1359","EDT","G","Saltwater","H3","20","540","1",NA,"Within Range","Within Range",1.54420302078543,34108.2180930175,0.00126231594204184,27.8819215309891,"D5_PM",NA,"20cm"
"667","Varian GC","A. Stearns","20240828","2024","June","14","1400","EDT","G","Saltwater","H3","35","541","1",NA,"Within Range","Within Range",3.27210584923602,35780.8723352019,0.00267479814632023,29.2492405214411,"D5_PM",NA,"35cm"
"668","Varian GC","A. Stearns","20240828","2024","June","14","1401","EDT","G","Saltwater","H3","50","542","1",NA,"Within Range","Within Range",2.52490462612225,28165.4072285631,0.0020639950309566,23.0239431474703,"D5_PM",NA,"50cm"
"669","Varian GC","A. Stearns","20240828","2024","June","14","1403","EDT","G","Saltwater","H6","10","543","1",NA,"Within Range","Needs Dilution",3.08369519599397,55223.3413202582,0.00252078098145483,45.1425772279109,"D5_PM",NA,"10cm"
"670","Varian GC","A. Stearns","20240828","2024","June","14","1405","EDT","G","Saltwater","H6","20","544","1",NA,"Within Range","Needs Dilution",3.92107587706974,52650.8269265665,0.00320530171418993,43.0396633710027,"D5_PM",NA,"20cm"
"671","Varian GC","A. Stearns","20240828","2024","June","14","1407","EDT","G","Saltwater","H6","35","545","1",NA,"Within Range","Within Range",2.30267667614445,39599.5371325685,0.0018823337595769,32.3708258221732,"D5_PM",NA,"35cm"
"672","Varian GC","A. Stearns","20240828","2024","June","14","1409","EDT","W","Saltwater","H6","50","546","1",NA,"Within Range","Within Range",2.08044872616665,27042.0825725397,0.0850336244098601,1105.28380911877,"D5_PM",NA,"50cm"
"673","Varian GC","A. Stearns","20240828","2024","June","14","1311","EDT","G","Freshwater","C3","10","547","1",NA,"Within Range","Within Range",0.727756856736556,30093.5254090824,0.000594908227625117,24.6000923225782,"D5_PM",NA,"10cm"
"674","Varian GC","A. Stearns","20240828","2024","June","14","1312","EDT","G","Freshwater","C3","20","548","1",NA,"Within Range","Within Range",1.27527499436302,16625.0186596634,0.00104247947595191,13.5901988328982,"D5_PM",NA,"20cm"
"675","Varian GC","A. Stearns","20240828","2024","June","14","1313","EDT","G","Freshwater","C3","35","549","1",NA,"Within Range","Within Range",1.19636796864627,22124.7466583068,0.000977976560751875,18.0859770668058,"D5_PM",NA,"35cm"
"676","Varian GC","A. Stearns","20240828","2024","June","14","1314","EDT","W","Freshwater","C3","50","550","1",NA,"Within Range","Within Range",1.50233398673165,17103.9889084189,0.0614044952702542,699.086764531202,"D5_PM",NA,"50cm"
"677","Varian GC","A. Stearns","20240828","2024","June","14","1315","EDT","G","Freshwater","C6","10","551","1",NA,"Within Range","Within Range",0.478152999877432,48088.4350867489,0.000390868393829077,39.3101149400497,"D5_PM",NA,"10cm"
"678","Varian GC","A. Stearns","20240828","2024","June","14","1315","EDT","G","Freshwater","C6","20","552","1",NA,"Within Range","Needs Dilution",0.284911304244561,52893.4564521958,0.000232902070890208,43.2380020052945,"D5_PM",NA,"20cm"
"679","Varian GC","A. Stearns","20240828","2024","June","14","1316","EDT","G","Freshwater","C6","35","553","1",NA,"Within Range","Within Range",0.795391450208061,30070.9323037938,0.000650196440653721,24.5816234835705,"D5_PM",NA,"35cm"
"680","Varian GC","A. Stearns","20240828","2024","June","14","1316","EDT","G","Freshwater","C6","50","554","1",NA,"Within Range","Within Range",0.301014778880633,48770.5581426674,0.000246065931135113,39.8677196049352,"D5_PM",NA,"50cm"
"681","Varian GC","A. Stearns","20240828","2024","June","14","1317","EDT","G","Freshwater","F4","10","555","1",NA,"Within Range","Within Range",1.03372287482193,13015.4132465495,0.000845021572278326,10.6395100982417,"D5_PM",NA,"10cm"
"682","Varian GC","A. Stearns","20240828","2024","June","14","1318","EDT","G","Freshwater","F4","20","556","1",NA,"Within Range","Within Range",0.679446432828338,41351.4852311941,0.000555416646890399,33.8029639444003,"D5_PM",NA,"20cm"
"683","Varian GC","A. Stearns","20240828","2024","June","14","1319","EDT","G","Freshwater","F4","35","557","1",NA,"Within Range","Within Range",0.985412450913717,22080.4264271816,0.000805529991543609,18.0497472877215,"D5_PM",NA,"35cm"
"684","Varian GC","A. Stearns","20240828","2024","June","14","1329","EDT","W","Freshwater","F4","50","558","1",NA,"Within Range","Within Range",1.46046495267786,20117.7526803922,0.0596931934384165,822.267525211718,"D5_PM",NA,"50cm"
"685","Varian GC","A. Stearns","20240828","2024","June","14","1321","EDT","G","Freshwater","F4","ATM","559","1",NA,"Within Range","Within Range",1.56835823273954,655.186999777716,0.0012820617324092,0.535585660502922,"D5_PM",NA,"0cm"
"686","Varian GC","A. Stearns","20240828","2024","June","14","1327","EDT","G","Freshwater","H3","10","560","1",NA,"Within Range","Within Range",1.25273012987252,15685.6519283294,0.00102405007160904,12.822309129002,"D5_PM",NA,"10cm"
"687","Varian GC","A. Stearns","20240828","2024","June","14","1328","EDT","G","Freshwater","H3","20","561","1",NA,"Within Range","Within Range",1.45241321535982,16235.4592962571,0.00118728193864588,13.2717517192866,"D5_PM",NA,"20cm"
"688","Varian GC","A. Stearns","20240828","2024","June","14","1329","EDT","G","Freshwater","H3","35","562","1",NA,"Within Range","Within Range",0.613422186820441,33347.326740601,0.000501444819886285,27.2599273557488,"D5_PM",NA,"35cm"
"689","Varian GC","A. Stearns","20240828","2024","June","14","1330","EDT","W","Freshwater","H3","50","563","1",NA,"Within Range","Within Range",1.61505830918415,17604.7101720993,0.0660118463559713,719.552610833642,"D5_PM",NA,"50cm"
"690","Varian GC","A. Stearns","20240828","2024","June","14","1331","EDT","G","Freshwater","H6","10","564","1",NA,"Within Range","Within Range",0.721315466882127,23277.3593366235,0.000589642683527154,19.0281856619545,"D5_PM",NA,"10cm"
"691","Varian GC","A. Stearns","20240828","2024","June","14","1332","EDT","G","Freshwater","H6","20","565","1",NA,"Within Range","Within Range",0.600539407111583,34885.9691695232,0.000490913731690361,28.5176977661075,"D5_PM",NA,"20cm"
"692","Varian GC","A. Stearns","20240828","2024","June","14","1333","EDT","G","Freshwater","H6","35","566","1",NA,"Within Range","Within Range",1.22857491791841,12100.6642207402,0.00100430428124169,9.89174425223328,"D5_PM",NA,"35cm"
"693","Varian GC","A. Stearns","20240828","2024","June","14","1334","EDT","G","Freshwater","H6","50","567","1",NA,"Within Range","Within Range",1.50072363926804,6684.82872804154,0.00122677351938059,5.46454433752763,"D5_PM",NA,"50cm"
"694","Varian GC","Stearns","20240715","2024","July","12","1139","EDT","G","Control","C3","10","1","1",NA,"Within Range","Within Range",2.7692120337977,3907.07950608364,172.644141757961,243583.510354342,NA,NA,"10cm"
"695","Varian GC","Stearns","20240715","2024","July","12","1141","EDT","G","Control","C3","20","2","1",NA,"Within Range","Within Range",2.23915010781779,7402.76400734092,139.597887021059,461518.953076117,NA,NA,"20cm"
"696","Varian GC","Stearns","20240715","2024","July","12","1142","EDT","G","Control","C3","35","3","1",NA,"Within Range","Within Range",2.02561087478017,9889.2183170479,126.284967255622,616534.807796004,NA,NA,"35cm"
"697","Varian GC","Stearns","20240715","2024","July","12","1143","EDT","G","Control","C3","50","4","1",NA,"Within Range","Within Range",1.87416461021448,15876.8375312612,116.843180187935,989827.77626317,NA,NA,"50cm"
"698","Varian GC","Stearns","20240715","2024","July","12","1151","EDT","G","Control","C6","10","5","1",NA,"Within Range","Within Range",2.93428846217429,7172.85412442689,182.935689661739,447185.419228609,NA,NA,"10cm"
"699","Varian GC","Stearns","20240715","2024","July","12","1152","EDT","G","Control","C6","20","6","1",NA,"Within Range","Within Range",2.59656329219281,16285.9984001066,161.880504500799,1015336.55861014,NA,NA,"20cm"
"700","Varian GC","Stearns","20240715","2024","July","12","1152","EDT","G","Control","C6","35","7","1",NA,"Within Range","Within Range",2.15736912495232,15345.7725231949,134.499322004509,956718.98523659,NA,NA,"35cm"
"701","Varian GC","Stearns","20240715","2024","July","12","1153","EDT","G","Control","C6","50","8","1",NA,"Within Range","Within Range",1.99077823393006,16507.6934836589,124.113356230054,1029157.94785904,NA,NA,"50cm"
"702","Varian GC","Stearns","20240715","2024","July","12","1143","EDT","G","Control","F4","10","9","1",NA,"Within Range","Within Range",2.68440212564091,3024.90294282418,167.356741000057,188584.971497767,NA,NA,"10cm"
"703","Varian GC","Stearns","20240715","2024","July","12","1144","EDT","G","Control","F4","20","10","1",NA,"Within Range","Within Range",2.18160052728283,6813.89351712278,136.010007935339,424806.32899768,NA,NA,"20cm"
"704","Varian GC","Stearns","20240715","2024","July","12","1145","EDT","G","Control","F4","35","11","1",NA,"Within Range","Within Range",2.03318318800846,7780.8073323143,126.757056609006,485087.738922338,NA,NA,"35cm"
"705","Varian GC","Stearns","20240715","2024","July","12","1145","EDT","G","Control","F4","50","12","1",NA,"Within Range","Within Range",1.83630304407306,11355.3539074442,114.482733421014,707939.769790787,NA,NA,"50cm"
"706","Varian GC","Stearns","20240715","2024","July","12","1146","EDT","G","Control","F4","ATM","13","1",NA,"Within Range","Within Range",3.23415206601436,501.676520638601,201.630428055758,31276.5910622569,NA,NA,"0cm"
"707","Varian GC","Stearns","20240715","2024","July","12","1136","EDT","G","Control","H3","10","14","1",NA,"Within Range","Within Range",2.36787943269862,3975.26524354199,147.623406028593,247834.491492643,NA,NA,"10cm"
"708","Varian GC","Stearns","20240715","2024","July","12","1137","EDT","G","Control","H3","20","15","1",NA,"Within Range","Within Range",1.95594559307996,6790.23025055146,121.941745204486,423331.063001961,NA,NA,"20cm"
"709","Varian GC","Stearns","20240715","2024","July","12","1138","EDT","G","Control","H3","35","16","1",NA,"Within Range","Within Range",2.1195075588109,9197.70057063555,132.138875237587,573422.728842615,NA,NA,"35cm"
"710","Varian GC","Stearns","20240715","2024","July","12","1139","EDT","G","Control","H3","50","17","1",NA,"Within Range","Within Range",1.76057991179022,11466.3552952861,109.761839887171,714860.055815845,NA,NA,"50cm"
"711","Varian GC","Stearns","20240715","2024","July","12","1147","EDT","G","Control","H6","10","18","1",NA,"Within Range","Within Range",2.48146413112289,2790.09901336461,154.704746329357,173946.322528965,NA,NA,"10cm"
"712","Varian GC","Stearns","20240715","2024","July","12","1148","EDT","G","Control","H6","20","19","1",NA,"Within Range","Within Range",1.83630304407306,7498.1892067111,114.482733421014,467468.155031864,NA,NA,"20cm"
"713","Varian GC","Stearns","20240715","2024","July","12","1149","EDT","G","Control","H6","35","20","1",NA,"Within Range","Within Range",1.45768738265885,12969.9016044719,90.8782657517983,808597.356887274,NA,NA,"35cm"
"714","Varian GC","Stearns","20240715","2024","July","12","1150","EDT","G","Control","H6","50","21","1",NA,"Within Range","Within Range",1.45768738265885,13865.6572601038,90.8782657517983,864442.472575053,NA,NA,"50cm"
"715","Varian GC","Stearns","20240715","2024","July","12","1157","EDT","G","Saltwater","C3","10","22","1",NA,"Within Range","Within Range",3.10693720377918,7740.03522212529,193.699326918901,482545.836790853,NA,NA,"10cm"
"716","Varian GC","Stearns","20240715","2024","July","12","1158","EDT","G","Saltwater","C3","20","23","1",NA,"Within Range","Within Range",3.04332977266159,20579.9465953835,189.733776350473,1283039.06455009,NA,NA,"20cm"
"717","Varian GC","Stearns","20240715","2024","July","12","1159","EDT","G","Saltwater","C3","35","24","1",NA,"Within Range","Within Range",3.00395374387451,24464.8558375651,187.278911712875,1525240.38887563,NA,NA,"35cm"
"718","Varian GC","Stearns","20240715","2024","July","12","1200","EDT","G","Saltwater","C3","50","25","1",NA,"Within Range","Within Range",3.03424299678765,37770.1138239958,189.167269126412,2354745.25087256,NA,NA,"50cm"
"719","Varian GC","Stearns","20240715","2024","July","12","1214","EDT","G","Saltwater","C6","10","26","1",NA,"Within Range","Within Range",3.19326157458162,10690.0422418226,199.081145547483,666461.486397917,NA,NA,"10cm"
"720","Varian GC","Stearns","20240715","2024","July","12","1215","EDT","G","Saltwater","C6","20","27","1",NA,"Within Range","Within Range",2.92974507423732,20191.6623473895,182.652436049708,1258831.81716892,NA,NA,"20cm"
"721","Varian GC","Stearns","20240715","2024","July","12","1216","EDT","G","Saltwater","C6","35","28","1","a little water in tube ~10mL; cleared and took sample","Within Range","Within Range",3.25989793099052,22625.7044955151,203.235531857264,1410580.08076777,NA,NA,"35cm"
"722","Varian GC","Stearns","20240715","2024","July","12","1217","EDT","G","Saltwater","C6","50","29","1","a little water in tube ~10mL; cleared and took sample","Within Range","Within Range",3.12965414346403,26112.8374777194,195.115594979054,1627982.38639149,NA,NA,"50cm"
"723","Varian GC","Stearns","20240715","2024","July","12","1202","EDT","G","Saltwater","F4","10","30","1",NA,"Within Range","Within Range",2.87219549370236,15174.5099216605,179.064556963988,946041.765689559,NA,NA,"10cm"
"724","Varian GC","Stearns","20240715","2024","July","12","1203","EDT","G","Saltwater","F4","20","31","1",NA,"Within Range","Within Range",2.45420380350107,30494.0192950524,153.005224657174,1901123.39744716,NA,NA,"20cm"
"725","Varian GC","Stearns","20240715","2024","July","12","1203","EDT","G","Saltwater","F4","35","32","1",NA,"Within Range","Within Range",2.62079469452332,35983.9145561354,163.391190431629,2243386.19427278,NA,NA,"35cm"
"726","Varian GC","Stearns","20240715","2024","July","12","1204","EDT","G","Saltwater","F4","50","33","1",NA,"Within Range","Within Range",2.51478230932734,47085.6092175223,156.781939484248,2935511.79660364,NA,NA,"50cm"
"727","Varian GC","Stearns","20240715","2024","July","12","1205","EDT","G","Saltwater","F4","ATM","34","1",NA,"Within Range","Within Range",3.38256940528873,552.5211940026,210.88337938209,34446.4584789651,NA,NA,"0cm"
"728","Varian GC","Stearns","20240715","2024","July","12","1206","EDT","G","Saltwater","H3","10","35","1",NA,"Within Range","Within Range",3.05241654853553,7773.63171958561,190.300283574534,484640.3815203,NA,NA,"10cm"
"729","Varian GC","Stearns","20240715","2024","July","12","1207","EDT","G","Saltwater","H3","20","36","1",NA,"Within Range","Within Range",2.86310871782842,23465.8375414758,178.498049739927,1462957.45271046,NA,NA,"20cm"
"730","Varian GC","Stearns","20240715","2024","July","12","1208","EDT","G","Saltwater","H3","35","37","1",NA,"Within Range","Within Range",2.82676161433266,31636.6775669777,176.232020843682,1972361.4443253,NA,NA,"35cm"
"731","Varian GC","Stearns","20240715","2024","July","12","1209","EDT","G","Saltwater","H3","50","38","1",NA,"Within Range","Within Range",2.8358483902066,33459.2309504588,176.798528067743,2085986.96698621,NA,NA,"50cm"
"732","Varian GC","Stearns","20240715","2024","July","12","1210","EDT","G","Saltwater","H6","10","39","1",NA,"Within Range","Within Range",2.61473684394069,28698.0493506366,163.013518948921,1789155.19642373,NA,NA,"10cm"
"733","Varian GC","Stearns","20240715","2024","July","12","1211","EDT","G","Saltwater","H6","20","40","1",NA,"Within Range","Within Range",2.71166245326273,39920.434799254,169.05626267224,2488805.16204826,NA,NA,"20cm"
"734","Varian GC","Stearns","20240715","2024","July","12","1212","EDT","G","Saltwater","H6","35","41","1",NA,"Within Range","Within Range",2.83281946491528,40682.0889351286,176.609692326389,2536289.83386089,NA,NA,"35cm"
"735","Varian GC","Stearns","20240715","2024","July","12","1213","EDT","G","Saltwater","H6","50","42","1","a little water in tube ~10mL; cleared and took sample","Within Range","Within Range",2.86916656841105,42874.4650387094,178.875721222634,2672971.63582976,NA,NA,"50cm"
"736","Varian GC","Stearns","20240715","2024","July","12","1224","EDT","G","Freshwater","C3","10","43","1",NA,"Within Range","Within Range",2.51781123461866,4649.92958886097,156.970775225602,289895.859654674,NA,NA,"10cm"
"737","Varian GC","Stearns","20240715","2024","July","12","1225","EDT","G","Freshwater","C3","20","44","1",NA,"Within Range","Within Range",1.96654683159955,9854.48974476388,122.602670299224,614369.684835653,NA,NA,"20cm"
"738","Varian GC","Stearns","20240715","2024","July","12","1226","EDT","G","Freshwater","C3","35","45","1",NA,"Within Range","Within Range",1.90899725106459,13439.8752106417,119.014791213503,837897.457022553,NA,NA,"35cm"
"739","Varian GC","Stearns","20240715","2024","July","12","1227","EDT","G","Freshwater","C3","50","46","1",NA,"Within Range","Within Range",1.45768738265885,19824.7249667122,90.8782657517983,1235955.42186485,NA,NA,"50cm"
"740","Varian GC","Stearns","20240715","2024","July","12","1219","EDT","G","Freshwater","C6","10","47","1",NA,"Within Range","Within Range",2.47843520583158,5187.50257578563,154.515910588004,323410.385024042,NA,NA,"10cm"
"741","Varian GC","Stearns","20240715","2024","July","12","1220","EDT","G","Freshwater","C6","20","48","1",NA,"Within Range","Within Range",1.94534435456036,9587.88322102616,121.280820109748,597748.330487915,NA,NA,"20cm"
"742","Varian GC","Stearns","20240715","2024","July","12","1221","EDT","G","Freshwater","C6","35","49","1",NA,"Within Range","Within Range",1.45768738265885,15031.2298875633,90.8782657517983,937109.09523462,NA,NA,"35cm"
"743","Varian GC","Stearns","20240715","2024","July","12","1222","EDT","G","Freshwater","C6","50","50","1",NA,"Within Range","Within Range",1.45768738265885,20853.7287318499,90.8782657517983,1300107.77629987,NA,NA,"50cm"
"744","Varian GC","Stearns","20240715","2024","July","12","1228","EDT","G","Freshwater","F4","10","51","1",NA,"Within Range","Within Range",2.57838974044493,4801.41861680801,160.747490052676,299340.312768579,NA,NA,"10cm"
"745","Varian GC","Stearns","20240715","2024","July","12","1229","EDT","G","Freshwater","F4","20","52","1",NA,"Within Range","Within Range",1.898396012545,10617.5488145223,118.353866118765,661941.946042535,NA,NA,"20cm"
"746","Varian GC","Stearns","20240715","2024","July","12","1230","EDT","G","Freshwater","F4","35","53","1",NA,"Within Range","Within Range",1.77421007560113,12780.2935852816,110.611600723263,796776.408059951,NA,NA,"35cm"
"747","Varian GC","Stearns","20240715","2024","July","12","1232","EDT","G","Freshwater","F4","50","54","1",NA,"Within Range","Within Range",1.77118115030982,21645.3915588204,110.422764981909,1349463.31414093,NA,NA,"50cm"
"748","Varian GC","Stearns","20240715","2024","July","12","1234","EDT","G","Freshwater","F4","ATM","55","1",NA,"Within Range","Within Range",3.44011898582369,451.923283514889,214.471258467811,28174.7682989332,NA,NA,"0cm"
"749","Varian GC","Stearns","20240715","2024","July","12","1235","EDT","G","Freshwater","H3","10","56","1",NA,"Within Range","Within Range",2.87825334428499,3797.45983007782,179.442228446695,236749.365964951,NA,NA,"10cm"
"750","Varian GC","Stearns","20240715","2024","July","12","1236","EDT","G","Freshwater","H3","20","57","1",NA,"Within Range","Within Range",2.05741459033897,7901.202038437,128.267742539836,492593.643294077,NA,NA,"20cm"
"751","Varian GC","Stearns","20240715","2024","July","12","1237","EDT","G","Freshwater","H3","35","58","1",NA,"Within Range","Within Range",2.00895178567795,9592.94562741728,125.246370678176,598063.941858933,NA,NA,"35cm"
"752","Varian GC","Stearns","20240715","2024","July","12","1238","EDT","G","Freshwater","H3","50","59","1",NA,"Within Range","Within Range",1.89991047519065,13073.9305725022,118.448283989442,815082.953397892,NA,NA,"50cm"
"753","Varian GC","Stearns","20240715","2024","July","12","1239","EDT","G","Freshwater","H6","10","60","1",NA,"Within Range","Within Range",2.79344343612821,5254.81748645651,174.154827688791,327607.075215493,NA,NA,"10cm"
"754","Varian GC","Stearns","20240715","2024","July","12","1240","EDT","G","Freshwater","H6","20","61","1",NA,"Within Range","Within Range",2.03469765065411,8554.75754242788,126.851474479683,533338.998904481,NA,NA,"20cm"
"755","Varian GC","Stearns","20240715","2024","July","12","1241","EDT","G","Freshwater","H6","35","62","1",NA,"Within Range","Within Range",2.00592286038663,11673.4843494401,125.057534936822,727773.338493775,NA,NA,"35cm"
"756","Varian GC","Stearns","20240715","2024","July","12","1242","EDT","G","Freshwater","H6","50","63","1",NA,"Within Range","Within Range",1.7681522250185,18192.7259008638,110.233929240555,1134209.84419351,NA,NA,"50cm"
"757","Varian GC","A. Stearns","20240905","2024","August","6","1222","EDT","G","Control","C3","10","1","1",NA,"Within Range","Within Range",1.81874463677533,4062.69803840851,113.388069624397,253285.413865867,NA,NA,"10cm"
"758","Varian GC","A. Stearns","20240905","2024","August","6","1223","EDT","G","Control","C3","20","2","1",NA,"Within Range","Within Range",1.14304086621741,9108.80380191216,71.2618993901131,567880.536278813,NA,NA,"20cm"
"759","Varian GC","A. Stearns","20240905","2024","August","6","1223","EDT","G","Control","C3","35","3","1",NA,"Within Range","Within Range",0.845243585894208,14348.0284528278,52.695984157993,894515.48957779,NA,NA,"35cm"
"760","Varian GC","A. Stearns","20240905","2024","August","6","1224","EDT","G","Control","C3","50","4","1",NA,"Within Range","Within Range",0.359363812735293,21449.6500229294,22.4042277266392,1337259.97649186,NA,NA,"50cm"
"761","Varian GC","A. Stearns","20240905","2024","August","6","1218","EDT","G","Control","C6","10","5","1",NA,"Within Range","Within Range",1.79088056376263,10862.3018993301,111.650907965252,677200.866541776,NA,NA,"10cm"
"762","Varian GC","A. Stearns","20240905","2024","August","6","1218","EDT","G","Control","C6","20","6","1",NA,"Within Range","Within Range",1.54706992490153,18487.8882374075,96.4507434477263,1152611.48612266,NA,NA,"20cm"
"763","Varian GC","A. Stearns","20240905","2024","August","6","1219","EDT","G","Control","C6","35","7","1",NA,"Within Range","Within Range",1.04029209698309,18464.6527561562,64.8561157720132,1151162.89003467,NA,NA,"35cm"
"764","Varian GC","A. Stearns","20240905","2024","August","6","1220","EDT","G","Control","C6","50","8","1",NA,"Within Range","Within Range",0.947992355128531,21128.7888672406,59.1017677760929,1317256.16379305,NA,NA,"50cm"
"765","Varian GC","A. Stearns","20240905","2024","August","6","1245","EDT","G","Control","F4","10","9","1",NA,"Within Range","Within Range",1.70554684016125,3245.70492414646,106.330850384118,202350.681056512,NA,NA,"10cm"
"766","Varian GC","A. Stearns","20240905","2024","August","6","1248","EDT","G","Control","F4","20","10","1",NA,"Within Range","Within Range",1.17264644379341,10413.1074791881,73.1076336529554,649196.226882052,NA,NA,"20cm"
"767","Varian GC","A. Stearns","20240905","2024","August","6","1249","EDT","G","Control","F4","35","11","1",NA,"Within Range","Within Range",1.09602024300849,8515.89155369329,68.3304390903047,530915.932275143,NA,NA,"35cm"
"768","Varian GC","A. Stearns","20240905","2024","August","6","1250","EDT","G","Control","F4","50","12","1",NA,"Within Range","Within Range",0.756426853166234,19127.7815711443,47.158781369466,1192505.08548281,NA,NA,"50cm"
"769","Varian GC","A. Stearns","20240905","2024","August","6","1253","EDT","G","Control","F4","ATM","13","1",NA,"Within Range","Within Range",2.23322272283921,259.401244772794,139.22834930419,16172.1474297253,NA,NA,"0cm"
"770","Varian GC","A. Stearns","20240905","2024","August","6","1229","EDT","G","Control","H3","10","14","1",NA,"Within Range","Within Range",1.27365370846443,5155.47485263059,79.4048446673587,321413.644178965,NA,NA,"10cm"
"771","Varian GC","A. Stearns","20240905","2024","August","6","1229","EDT","G","Control","H3","20","15","1",NA,"Within Range","Within Range",0.787773935305519,10097.565289087,49.1130882360049,629524.020516646,NA,NA,"20cm"
"772","Varian GC","A. Stearns","20240905","2024","August","6","1230","EDT","G","Control","H3","35","16","1",NA,"Within Range","Within Range",0.827828540261272,12852.6961483006,51.6102581210269,801290.283559889,NA,NA,"35cm"
"773","Varian GC","A. Stearns","20240905","2024","August","6","1231","EDT","G","Control","H3","50","17","1",NA,"Within Range","Within Range",0.359363812735293,17919.884922771,22.4042277266392,1117199.8081528,NA,NA,"50cm"
"774","Varian GC","A. Stearns","20240905","2024","August","6","1225","EDT","G","Control","H6","10","18","1",NA,"Within Range","Within Range",1.5836415207307,3244.01902979061,98.7307681253551,202245.575423355,NA,NA,"10cm"
"775","Varian GC","A. Stearns","20240905","2024","August","6","1226","EDT","G","Control","H6","20","19","1",NA,"Within Range","Within Range",0.751202339476354,9481.7659363103,46.8330635583762,591132.539670218,NA,NA,"20cm"
"776","Varian GC","A. Stearns","20240905","2024","August","6","1227","EDT","G","Control","H6","35","20","1",NA,"Within Range","Within Range",0.359363812735293,18534.8693229254,22.4042277266392,1155540.48147914,NA,NA,"35cm"
"777","Varian GC","A. Stearns","20240905","2024","August","6","1228","EDT","G","Control","H6","50","21","1",NA,"Within Range","Within Range",0.359363812735293,18529.4259370901,22.4042277266392,1155201.11827245,NA,NA,"50cm"
"778","Varian GC","A. Stearns","20240905","2024","August","6","1150","EDT","G","Saltwater","C3","10","22","1",NA,"Within Range","Within Range",1.92149340600965,6047.19476763975,119.793853242497,377007.15508976,NA,NA,"10cm"
"779","Varian GC","A. Stearns","20240905","2024","August","6","1151","EDT","G","Saltwater","C3","20","23","1",NA,"Within Range","Within Range",1.70728834472454,21888.0572075989,106.439422987814,1364592.09523684,NA,NA,"20cm"
"780","Varian GC","A. Stearns","20240905","2024","August","6","1152","EDT","G","Saltwater","C3","35","24","1",NA,"Within Range","Within Range",1.65330170326244,23602.6242095227,103.073672273219,1471485.29984555,NA,NA,"35cm"
"781","Varian GC","A. Stearns","20240905","2024","August","6","1153","EDT","G","Saltwater","C3","50","25","1",NA,"Within Range","Within Range",1.61150559374339,48322.8496022587,100.467929784501,3012646.48393134,NA,NA,"50cm"
"782","Varian GC","A. Stearns","20240905","2024","August","6","1136","EDT","G","Saltwater","C6","10","26","1",NA,"Within Range","Within Range",1.63066214393962,9113.02164830797,101.662228425163,568143.49428354,NA,NA,"10cm"
"783","Varian GC","A. Stearns","20240905","2024","August","6","1137","EDT","G","Saltwater","C6","20","27","1",NA,"Within Range","Within Range",1.64981869413585,31575.3430385831,102.856527065826,1968537.59592164,NA,NA,"20cm"
"784","Varian GC","A. Stearns","20240905","2024","August","6","1138","EDT","G","Saltwater","C6","35","28","1",NA,"Within Range","Within Range",1.76998250900311,36188.8955900698,110.348036720892,2256165.56047817,NA,NA,"35cm"
"785","Varian GC","A. Stearns","20240905","2024","August","6","1139","EDT","G","Saltwater","C6","50","29","1",NA,"Within Range","Within Range",1.84312570066144,37864.3386451157,114.90808607615,2360619.61627903,NA,NA,"50cm"
"786","Varian GC","A. Stearns","20240905","2024","August","6","1146","EDT","G","Saltwater","F4","10","30","1",NA,"Within Range","Within Range",1.56796797966105,11750.8739820733,97.7536146920856,732598.128558188,NA,NA,"10cm"
"787","Varian GC","A. Stearns","20240905","2024","August","6","1147","EDT","G","Saltwater","F4","20","31","1",NA,"Within Range","Within Range",0.772100394235877,29350.6779052857,48.1359348027355,1829842.76217492,NA,NA,"20cm"
"788","Varian GC","A. Stearns","20240905","2024","August","6","1147","EDT","G","Saltwater","F4","35","32","1",NA,"Within Range","Within Range",1.48785876974955,22342.7572237,92.7592749220416,1392939.9765399,NA,NA,"35cm"
"789","Varian GC","A. Stearns","20240905","2024","August","6","1148","EDT","G","Saltwater","F4","50","33","1",NA,"Within Range","Needs Dilution",1.19702750767952,51827.9421673053,74.627650104708,3231168.46429584,NA,NA,"50cm"
"790","Varian GC","A. Stearns","20240905","2024","August","6","1149","EDT","G","Saltwater","F4","ATM","34","1",NA,"Within Range","Within Range",2.21929068633286,305.648250829569,138.359768474617,19055.3772337636,NA,NA,"0cm"
"791","Varian GC","A. Stearns","20240905","2024","August","6","1143","EDT","G","Saltwater","H3","10","35","1",NA,"Within Range","Within Range",1.75256746337017,5669.66641015234,109.262310683926,353470.4744484,NA,NA,"10cm"
"792","Varian GC","A. Stearns","20240905","2024","August","6","1143","EDT","G","Saltwater","H3","20","36","1",NA,"Within Range","Within Range",1.28758574497078,29379.7922432391,80.2734254969316,1831657.87052613,NA,NA,"20cm"
"793","Varian GC","A. Stearns","20240905","2024","August","6","1144","EDT","G","Saltwater","H3","35","37","1",NA,"Within Range","Within Range",0.975856428141228,38444.8710786919,60.8389294352387,2396812.41138977,NA,NA,"35cm"
"794","Varian GC","A. Stearns","20240905","2024","August","6","1145","EDT","G","Saltwater","H3","50","38","1",NA,"Within Range","Within Range",1.15000688447059,32367.5267554609,71.6961898048995,2017925.60819582,NA,NA,"50cm"
"795","Varian GC","A. Stearns","20240905","2024","August","6","1140","EDT","G","Saltwater","H6","10","39","1",NA,"Within Range","Within Range",1.04551661067297,23315.1823323565,65.181833583103,1453564.983314,NA,NA,"10cm"
"796","Varian GC","A. Stearns","20240905","2024","August","6","1141","EDT","G","Saltwater","H6","20","40","1",NA,"Within Range","Within Range",1.1186598023313,42366.0747200266,69.7418829383606,2641276.47880465,NA,NA,"20cm"
"797","Varian GC","A. Stearns","20240905","2024","August","6","1141","EDT","G","Saltwater","H6","35","41","1",NA,"Within Range","Needs Dilution",1.31196680885689,50123.0052925507,81.7934419486841,3124875.64168022,NA,NA,"35cm"
"798","Varian GC","A. Stearns","20240905","2024","August","6","1142","EDT","G","Saltwater","H6","50","42","1",NA,"Within Range","Within Range",1.39555902789499,38004.8837568771,87.0049269261213,2369381.78035393,NA,NA,"50cm"
"799","Varian GC","A. Stearns","20240905","2024","August","6","1044","EDT","G","Freshwater","C3","10","43","1",NA,"Within Range","Within Range",1.47566823780649,4803.47752996387,91.9992666961653,299468.673937897,NA,NA,"10cm"
"800","Varian GC","A. Stearns","20240905","2024","August","6","1045","EDT","G","Freshwater","C3","20","44","1",NA,"Within Range","Within Range",0.878332172596786,9837.4025512212,54.7588636282286,613304.398455187,NA,NA,"20cm"
"801","Varian GC","A. Stearns","20240905","2024","August","6","1046","EDT","G","Freshwater","C3","35","45","1",NA,"Within Range","Within Range",0.897488722793016,15185.6131180782,55.9531622688913,946733.984917596,NA,NA,"35cm"
"802","Varian GC","A. Stearns","20240905","2024","August","6","1047","EDT","G","Freshwater","C3","50","46","1",NA,"Within Range","Within Range",0.359363812735293,26630.8077442601,22.4042277266392,1660274.7970237,NA,NA,"50cm"
"803","Varian GC","A. Stearns","20240905","2024","August","6","1048","EDT","G","Freshwater","C6","10","47","1",NA,"Within Range","Within Range",1.64459418044597,4072.73875239501,102.530809254736,253911.393540836,NA,NA,"10cm"
"804","Varian GC","A. Stearns","20240905","2024","August","6","1049","EDT","G","Freshwater","C6","20","48","1",NA,"Within Range","Within Range",0.906196245609484,8629.20107324105,56.4960252873743,537980.116785602,NA,NA,"20cm"
"805","Varian GC","A. Stearns","20240905","2024","August","6","1050","EDT","G","Freshwater","C6","35","49","1",NA,"Within Range","Within Range",0.359363812735293,16268.3367762891,22.4042277266392,1014235.45986839,NA,NA,"35cm"
"806","Varian GC","A. Stearns","20240905","2024","August","6","1051","EDT","G","Freshwater","C6","50","50","1",NA,"Within Range","Within Range",0.359363812735293,20833.807123066,22.4042277266392,1298865.78073977,NA,NA,"50cm"
"807","Varian GC","A. Stearns","20240905","2024","August","6","1039","EDT","G","Freshwater","F4","10","51","1",NA,"Within Range","Within Range",1.51746434732554,4297.03113285922,94.6050091848839,267894.709031124,NA,NA,"10cm"
"808","Varian GC","A. Stearns","20240905","2024","August","6","1040","EDT","G","Freshwater","F4","20","52","1",NA,"Within Range","Within Range",0.813896503754923,12800.8813361609,50.7416772914541,798059.933675865,NA,NA,"20cm"
"809","Varian GC","A. Stearns","20240905","2024","August","6","1041","EDT","G","Freshwater","F4","35","53","1",NA,"Within Range","Within Range",0.733787293843418,11755.4091001007,45.7473375214101,732880.866589819,NA,NA,"35cm"
"810","Varian GC","A. Stearns","20240905","2024","August","6","1042","EDT","G","Freshwater","F4","50","54","1",NA,"Within Range","Within Range",0.359363812735293,21109.4104136669,22.4042277266392,1316048.03077724,NA,NA,"50cm"
"811","Varian GC","A. Stearns","20240905","2024","August","6","1044","EDT","G","Freshwater","F4","ATM","55","1",NA,"Within Range","Within Range",2.22973971371262,589.936074717447,139.011204096797,36779.0570272723,NA,NA,"0cm"
"812","Varian GC","A. Stearns","20240905","2024","August","6","1036","EDT","G","Freshwater","H3","10","56","1",NA,"Within Range","Within Range",1.79262206832593,4198.44674962251,111.759480568948,261748.550475219,NA,NA,"10cm"
"813","Varian GC","A. Stearns","20240905","2024","August","6","1037","EDT","G","Freshwater","H3","20","57","1",NA,"Within Range","Within Range",0.920128282115833,8570.77954595034,57.3646061169472,534337.876929572,NA,NA,"20cm"
"814","Varian GC","A. Stearns","20240905","2024","August","6","1038","EDT","G","Freshwater","H3","35","58","1",NA,"Within Range","Within Range",0.845243585894208,10659.1049718573,52.695984157993,664532.728918787,NA,NA,"35cm"
"815","Varian GC","A. Stearns","20240905","2024","August","6","1039","EDT","G","Freshwater","H3","50","59","1",NA,"Within Range","Within Range",0.761651366856115,12461.543773694,47.4844991805558,776904.225292642,NA,NA,"50cm"
"816","Varian GC","A. Stearns","20240905","2024","August","6","1033","EDT","G","Freshwater","H6","10","60","1",NA,"Within Range","Within Range",1.81177861852216,6439.34872524009,112.953779209611,401455.656187038,NA,NA,"10cm"
"817","Varian GC","A. Stearns","20240905","2024","August","6","1034","EDT","G","Freshwater","H6","20","61","1",NA,"Within Range","Within Range",0.890522704539842,8469.89338813184,55.5188718541048,528048.216217696,NA,NA,"20cm"
"818","Varian GC","A. Stearns","20240905","2024","August","6","1035","EDT","G","Freshwater","H6","35","62","1",NA,"Within Range","Within Range",0.824345531134685,11375.0004138799,51.3931129136337,709164.614331662,NA,NA,"35cm"
"819","Varian GC","A. Stearns","20240905","2024","August","6","1036","EDT","G","Freshwater","H6","50","63","1",NA,"Within Range","Within Range",0.711147734520601,19967.9044094471,44.3358936733542,1244881.82103785,NA,NA,"50cm"
"820","Varian GC","A. Stearns","20240910","2024","September","5","1347","EDT","G","Control","C3","10","1","1",NA,"Within Range","Within Range",1.95109898358565,2270.41192878127,121.639587505339,141546.878352947,NA,NA,"10cm"
"821","Varian GC","A. Stearns","20240910","2024","September","5","1348","EDT","G","Control","C3","20","2","1",NA,"Within Range","Within Range",1.13607484796424,5321.1217493583,70.8276089753267,331740.75744129,NA,NA,"20cm"
"822","Varian GC","A. Stearns","20240910","2024","September","5","1349","EDT","G","Control","C3","35","3","1",NA,"Within Range","Within Range",1.43561363285074,7771.54742204235,89.5020968111433,484510.437783189,NA,NA,"35cm"
"823","Varian GC","A. Stearns","20240910","2024","September","5","1350","EDT","G","Control","C3","50","4","1",NA,"Within Range","Within Range",0.819121017444804,13532.6839068473,51.0673951025439,843683.535339604,NA,NA,"50cm"
"824","Varian GC","A. Stearns","20240910","2024","September","5","1342","EDT","G","Control","C6","10","5","1",NA,"Within Range","Within Range",2.01553465242751,2939.20808605052,125.656773842114,183242.399379708,NA,NA,"10cm"
"825","Varian GC","A. Stearns","20240910","2024","September","5","1343","EDT","G","Control","C6","20","6","1",NA,"Within Range","Within Range",1.43735513741403,8675.24900690157,89.6106694148399,540850.935592367,NA,NA,"20cm"
"826","Varian GC","A. Stearns","20240910","2024","September","5","1344","EDT","G","Control","C6","35","7","1",NA,"Within Range","Within Range",1.06989767455908,13133.3011328576,66.7018500348555,818784.359903842,NA,NA,"35cm"
"827","Varian GC","A. Stearns","20240910","2024","September","5","1345","EDT","G","Control","C6","50","8","1",NA,"Within Range","Within Range",0.914903768425952,14404.3783829949,57.0388883058574,898028.577493445,NA,NA,"50cm"
"828","Varian GC","A. Stearns","20240910","2024","September","5","1352","EDT","G","Control","F4","10","9","1",NA,"Within Range","Within Range",1.83615968240827,1610.94729008683,114.473795661363,100433.122823369,NA,NA,"10cm"
"829","Varian GC","A. Stearns","20240910","2024","September","5","1352","EDT","G","Control","F4","20","10","1",NA,"Within Range","Within Range",1.16393892097694,8046.00604636476,72.5647706344724,501621.324586332,NA,NA,"20cm"
"830","Varian GC","A. Stearns","20240910","2024","September","5","1353","EDT","G","Control","F4","35","11","1",NA,"Within Range","Within Range",0.958441382508292,6626.19683216977,59.7532033982726,413104.540658963,NA,NA,"35cm"
"831","Varian GC","A. Stearns","20240910","2024","September","5","1353","EDT","G","Control","F4","50","12","1",NA,"Within Range","Within Range",0.843502081330914,11700.9130316238,52.5874115542964,729483.356086271,NA,NA,"50cm"
"832","Varian GC","A. Stearns","20240910","2024","September","5","1354","EDT","G","Control","F4","ATM","13","1",NA,"Within Range","Within Range",2.2071001543898,208.494700440996,137.599760248741,12998.4227207604,NA,NA,"0cm"
"833","Varian GC","A. Stearns","20240910","2024","September","5","1400","EDT","G","Control","H3","10","14","1",NA,"Within Range","Within Range",1.48960027431284,2217.50843947446,92.8678475257382,138248.655827585,NA,NA,"10cm"
"834","Varian GC","A. Stearns","20240910","2024","September","5","1400","EDT","G","Control","H3","20","15","1",NA,"Within Range","Within Range",1.01939404222357,4095.34591139559,63.5532445276539,255320.817418678,NA,NA,"20cm"
"835","Varian GC","A. Stearns","20240910","2024","September","5","1401","EDT","G","Control","H3","35","16","1",NA,"Within Range","Within Range",1.42690611003427,6889.82467393301,88.9592337926603,429540.191641709,NA,NA,"35cm"
"836","Varian GC","A. Stearns","20240910","2024","September","5","1402","EDT","G","Control","H3","50","17","1",NA,"Within Range","Within Range",0.359363812735293,10345.1802449759,22.4042277266392,644961.361906225,NA,NA,"50cm"
"837","Varian GC","A. Stearns","20240910","2024","September","5","1356","EDT","G","Control","H6","10","18","1",NA,"Within Range","Within Range",1.52965487926859,1542.66545816873,95.3650174107602,96176.1507586492,NA,NA,"10cm"
"838","Varian GC","A. Stearns","20240910","2024","September","5","1357","EDT","G","Control","H6","20","19","1",NA,"Within Range","Within Range",0.935801823185475,4898.98873308328,58.3417595502167,305423.237723396,NA,NA,"20cm"
"839","Varian GC","A. Stearns","20240910","2024","September","5","1358","EDT","G","Control","H6","35","20","1",NA,"Within Range","Within Range",0.784290926178932,9949.74159283718,48.8959430286117,620308.079353939,NA,NA,"35cm"
"840","Varian GC","A. Stearns","20240910","2024","September","5","1358","EDT","G","Control","H6","50","21","1",NA,"Within Range","Within Range",0.359363812735293,15653.3088290479,22.4042277266392,975892.071636401,NA,NA,"50cm"
"841","Varian GC","A. Stearns","20240910","2024","September","5","1321","EDT","G","Saltwater","C3","10","22","1",NA,"Within Range","Within Range",2.22103219089615,2620.56161077018,138.468341078314,163376.659025573,NA,NA,"10cm"
"842","Varian GC","A. Stearns","20240910","2024","September","5","1321","EDT","G","Saltwater","C3","20","23","1",NA,"Within Range","Within Range",1.98070456116164,11290.3573193939,123.485321768182,703887.613428549,NA,NA,"20cm"
"843","Varian GC","A. Stearns","20240910","2024","September","5","1322","EDT","G","Saltwater","C3","35","24","1",NA,"Within Range","Within Range",1.77869003181958,13896.4451639306,110.890899739375,866361.917950787,NA,NA,"35cm"
"844","Varian GC","A. Stearns","20240910","2024","September","5","1323","EDT","G","Saltwater","C3","50","25","1",NA,"Within Range","Within Range",1.79262206832593,32861.6555480468,111.759480568948,2048731.64264631,NA,NA,"50cm"
"845","Varian GC","A. Stearns","20240910","2024","September","5","1306","EDT","G","Saltwater","C6","10","26","1",NA,"Within Range","Within Range",1.6358866576295,4736.65141494344,101.987946236253,295302.457290738,NA,NA,"10cm"
"846","Varian GC","A. Stearns","20240910","2024","September","5","1307","EDT","G","Saltwater","C6","20","27","1",NA,"Within Range","Within Range",1.54010390664836,14978.8702135471,96.0164530329398,933844.776405677,NA,NA,"20cm"
"847","Varian GC","A. Stearns","20240910","2024","September","5","1308","EDT","G","Saltwater","C6","35","28","1",NA,"Within Range","Within Range",1.70902984928783,20798.1296170483,106.547995591511,1296641.49732221,NA,NA,"35cm"
"848","Varian GC","A. Stearns","20240910","2024","September","5","1309","EDT","G","Saltwater","C6","50","29","1",NA,"Within Range","Within Range",1.62717913481304,26604.8536805973,101.44508321777,1658656.7132542,NA,NA,"50cm"
"849","Varian GC","A. Stearns","20240910","2024","September","5","1317","EDT","G","Saltwater","F4","10","30","1",NA,"Within Range","Within Range",1.45825319217356,7921.98394349311,90.9135406591992,493889.273285106,NA,NA,"10cm"
"850","Varian GC","A. Stearns","20240910","2024","September","5","1318","EDT","G","Saltwater","F4","20","31","1",NA,"Within Range","Within Range",0.885298190849961,19022.2856431499,55.193154043015,1185928.03261533,NA,NA,"20cm"
"851","Varian GC","A. Stearns","20240910","2024","September","5","1319","EDT","G","Saltwater","F4","35","32","1",NA,"Within Range","Within Range",1.41297407352792,17239.7478599271,88.0906529630874,1074797.24812513,NA,NA,"35cm"
"852","Varian GC","A. Stearns","20240910","2024","September","5","1319","EDT","G","Saltwater","F4","50","33","1",NA,"Within Range","Within Range",1.17787095748329,36359.0589417878,73.4333514640453,2266774.24824113,NA,NA,"50cm"
"853","Varian GC","A. Stearns","20240910","2024","September","5","1320","EDT","G","Saltwater","F4","ATM","34","1",NA,"Within Range","Within Range",2.14788899923782,213.434184273264,133.908291723056,13306.3705906025,NA,NA,"0cm"
"854","Varian GC","A. Stearns","20240910","2024","September","5","1314","EDT","G","Saltwater","H3","10","35","1",NA,"Within Range","Within Range",1.80481260026898,1796.22148088356,112.519488794824,111983.882848102,NA,NA,"10cm"
"855","Varian GC","A. Stearns","20240910","2024","September","5","1315","EDT","G","Saltwater","H3","20","36","1",NA,"Within Range","Within Range",1.65504320782573,9314.8935001431,103.182244876916,580729.021205929,NA,NA,"20cm"
"856","Varian GC","A. Stearns","20240910","2024","September","5","1315","EDT","G","Saltwater","H3","35","37","1",NA,"Within Range","Within Range",1.11169378407813,14043.9453675365,69.3075925235741,875557.691242925,NA,NA,"35cm"
"857","Varian GC","A. Stearns","20240910","2024","September","5","1316","EDT","G","Saltwater","H3","50","38","1",NA,"Within Range","Within Range",1.15697290272376,17539.3580373148,72.130480219686,1093476.18686501,NA,NA,"50cm"
"858","Varian GC","A. Stearns","20240910","2024","September","5","1310","EDT","G","Saltwater","H6","10","39","1",NA,"Within Range","Within Range",1.19354449855293,14220.1306592414,74.4105048973148,886541.811673402,NA,NA,"10cm"
"859","Varian GC","A. Stearns","20240910","2024","September","5","1311","EDT","G","Saltwater","H6","20","40","1",NA,"Within Range","Within Range",0.897488722793016,30443.4111724211,55.9531622688913,1897968.27758236,NA,NA,"20cm"
"860","Varian GC","A. Stearns","20240910","2024","September","5","1312","EDT","G","Saltwater","H6","35","41","1",NA,"Within Range","Within Range",1.08034670193884,34057.6202946692,67.3532856570352,2123293.03582726,NA,NA,"35cm"
"861","Varian GC","A. Stearns","20240910","2024","September","5","1313","EDT","G","Saltwater","H6","50","42","1",NA,"Within Range","Within Range",1.28584424040749,28377.6866845023,80.164852893235,1769182.46162732,NA,NA,"50cm"
"862","Varian GC","A. Stearns","20240910","2024","September","5","1244","EDT","G","Freshwater","C3","10","43","1",NA,"Within Range","Within Range",1.6376281621928,2287.94896268954,102.09651883995,142640.209643986,NA,NA,"10cm"
"863","Varian GC","A. Stearns","20240910","2024","September","5","1245","EDT","G","Freshwater","C3","20","44","1",NA,"Within Range","Within Range",0.89923022735631,5348.79903345119,56.0617348725879,333466.273905935,NA,NA,"20cm"
"864","Varian GC","A. Stearns","20240910","2024","September","5","1246","EDT","G","Freshwater","C3","35","45","1",NA,"Within Range","Within Range",0.928835804932301,8700.25747668207,57.9074691354302,542410.067124817,NA,NA,"35cm"
"865","Varian GC","A. Stearns","20240910","2024","September","5","1247","EDT","G","Freshwater","C3","50","46","1",NA,"Within Range","Within Range",0.890522704539842,15631.9645355611,55.5188718541048,974561.380022512,NA,NA,"50cm"
"866","Varian GC","A. Stearns","20240910","2024","September","5","1247","EDT","G","Freshwater","C6","10","47","1",NA,"Within Range","Within Range",1.60105656636363,1423.34644065879,99.8164941623211,88737.3092680042,NA,NA,"10cm"
"867","Varian GC","A. Stearns","20240910","2024","September","5","1248","EDT","G","Freshwater","C6","20","48","1",NA,"Within Range","Within Range",1.02113554678686,3608.94983720202,63.6618171313505,224996.872643518,NA,NA,"20cm"
"868","Varian GC","A. Stearns","20240910","2024","September","5","1249","EDT","G","Freshwater","C6","35","49","1",NA,"Within Range","Within Range",0.733787293843418,6003.96495258883,45.7473375214101,374312.029463144,NA,NA,"35cm"
"869","Varian GC","A. Stearns","20240910","2024","September","5","1250","EDT","G","Freshwater","C6","50","50","1",NA,"Within Range","Within Range",0.359363812735293,9747.67688961817,22.4042277266392,607710.529277941,NA,NA,"50cm"
"870","Varian GC","A. Stearns","20240910","2024","September","5","1240","EDT","G","Freshwater","F4","10","51","1",NA,"Within Range","Within Range",1.74037693142712,1731.1870174295,108.50230245805,107929.365176402,NA,NA,"10cm"
"871","Varian GC","A. Stearns","20240910","2024","September","5","1240","EDT","G","Freshwater","F4","20","52","1",NA,"Within Range","Within Range",1.10124475669837,4598.74401243247,68.6561569013945,286704.738929705,NA,NA,"20cm"
"872","Varian GC","A. Stearns","20240910","2024","September","5","1241","EDT","G","Freshwater","F4","35","53","1",NA,"Within Range","Within Range",0.796481458121987,7024.41005583135,49.655951254488,437930.801485745,NA,NA,"35cm"
"873","Varian GC","A. Stearns","20240910","2024","September","5","1242","EDT","G","Freshwater","F4","50","54","1",NA,"Within Range","Within Range",0.359363812735293,12922.8193998841,22.4042277266392,805662.057349386,NA,NA,"50cm"
"874","Varian GC","A. Stearns","20240910","2024","September","5","1243","EDT","G","Freshwater","F4","ATM","55","1",NA,"Within Range","Within Range",2.11480041253524,176.008573775879,131.845412252821,10973.1031032344,NA,NA,"0cm"
"875","Varian GC","A. Stearns","20240910","2024","September","5","1237","EDT","G","Freshwater","H3","10","56","1",NA,"Within Range","Within Range",1.73863542686383,1152.28448909761,108.393729854353,71838.1851058361,NA,NA,"10cm"
"876","Varian GC","A. Stearns","20240910","2024","September","5","1238","EDT","G","Freshwater","H3","20","57","1",NA,"Within Range","Within Range",1.18831998486305,3367.86694431553,74.0847870862249,209966.767101966,NA,NA,"20cm"
"877","Varian GC","A. Stearns","20240910","2024","September","5","1238","EDT","G","Freshwater","H3","35","58","1",NA,"Within Range","Within Range",0.984563950957696,4339.24070187929,61.3817924537217,270526.228296714,NA,NA,"35cm"
"878","Varian GC","A. Stearns","20240910","2024","September","5","1239","EDT","G","Freshwater","H3","50","59","1",NA,"Within Range","Within Range",0.935801823185475,6821.3251065815,58.3417595502167,425269.645048722,NA,NA,"50cm"
"879","Varian GC","A. Stearns","20240910","2024","September","5","1233","EDT","G","Freshwater","H6","10","60","1",NA,"Within Range","Within Range",1.69509781278149,1410.28853566643,105.679414761938,87923.225415613,NA,NA,"10cm"
"880","Varian GC","A. Stearns","20240910","2024","September","5","1234","EDT","G","Freshwater","H6","20","61","1",NA,"Within Range","Within Range",1.02287705135016,3334.61563312728,63.7703897350471,207893.742713671,NA,NA,"20cm"
"881","Varian GC","A. Stearns","20240910","2024","September","5","1235","EDT","G","Freshwater","H6","35","62","1",NA,"Within Range","Within Range",0.988046960084283,5187.68103373847,61.5989376611149,323421.510831575,NA,NA,"35cm"
"882","Varian GC","A. Stearns","20240910","2024","September","5","1236","EDT","G","Freshwater","H6","50","63","1",NA,"Within Range","Within Range",0.723338266463656,8727.87255065113,45.0959018992304,544131.705152814,NA,NA,"50cm"
"883","Varian GC","A. Stearns","20241003","2024","October","2","1143","EDT","G","Control","C3","10","1","1",NA,"Within Range","Within Range",1.72296188579418,2472.82500869374,107.416576421084,154166.147674173,NA,NA,"10cm"
"884","Varian GC","A. Stearns","20241003","2024","October","2","1143","EDT","G","Control","C3","20","2","1",NA,"Within Range","Within Range",1.11169378407813,5537.09041525378,69.3075925235741,345205.138108091,NA,NA,"20cm"
"885","Varian GC","A. Stearns","20241003","2024","October","2","1144","EDT","G","Control","C3","35","3","1",NA,"Within Range","Within Range",0.862658631527144,7694.6868140478,53.7817101949591,479718.629304726,NA,NA,"35cm"
"886","Varian GC","A. Stearns","20241003","2024","October","2","1145","EDT","G","Control","C3","50","4","1",NA,"Within Range","Within Range",0.972373419014641,12917.3511299993,60.6217842278454,805321.142768036,NA,NA,"50cm"
"887","Varian GC","A. Stearns","20241003","2024","October","2","1200","EDT","G","Control","C6","10","5","1",NA,"Within Range","Within Range",1.67071674889538,3787.80394321928,104.159398310185,236147.378006189,NA,NA,"10cm"
"888","Varian GC","A. Stearns","20241003","2024","October","2","1200","EDT","G","Control","C6","20","6","1",NA,"Within Range","Within Range",1.44083814654062,7758.71969450817,89.8278146222332,483710.704146395,NA,NA,"20cm"
"889","Varian GC","A. Stearns","20241003","2024","October","2","1201","EDT","G","Control","C6","35","7","1",NA,"Within Range","Within Range",1.06989767455908,11492.2540552786,66.7018500348555,716474.691725597,NA,NA,"35cm"
"890","Varian GC","A. Stearns","20241003","2024","October","2","1202","EDT","G","Control","C6","50","8","1",NA,"Within Range","Within Range",0.815638008318217,12359.3076561883,50.8502498951507,770530.402505506,NA,NA,"50cm"
"891","Varian GC","A. Stearns","20241003","2024","October","2","1149","EDT","G","Control","F4","10","9","1",NA,"Within Range","Within Range",1.65852621695232,2375.90785677573,103.399390084309,148123.931220432,NA,NA,"10cm"
"892","Varian GC","A. Stearns","20241003","2024","October","2","1150","EDT","G","Control","F4","20","10","1",NA,"Within Range","Within Range",1.08557121562872,8153.08833251693,67.679003468125,508297.277588337,NA,NA,"20cm"
"893","Varian GC","A. Stearns","20241003","2024","October","2","1150","EDT","G","Control","F4","35","11","1",NA,"Within Range","Within Range",0.92361129124242,6940.12155905125,57.5817513243404,432675.907671524,NA,NA,"35cm"
"894","Varian GC","A. Stearns","20241003","2024","October","2","1151","EDT","G","Control","F4","50","12","1",NA,"Within Range","Within Range",0.744236321223179,11019.2953678327,46.3987731435897,686988.489266381,NA,NA,"50cm"
"895","Varian GC","A. Stearns","20241003","2024","October","2","1152","EDT","G","Control","F4","ATM","13","1",NA,"Within Range","Within Range",2.22973971371262,204.283075057564,139.011204096797,12735.8525596985,NA,NA,"0cm"
"896","Varian GC","A. Stearns","20241003","2024","October","2","1135","EDT","G","Control","H3","10","14","1",NA,"Within Range","Within Range",1.17612945291999,3817.79544391873,73.3247788603487,238017.172314135,NA,NA,"10cm"
"897","Varian GC","A. Stearns","20241003","2024","October","2","1136","EDT","G","Control","H3","20","15","1",NA,"Within Range","Within Range",0.876590668033493,5535.13701736545,54.650291024532,345083.355197347,NA,NA,"20cm"
"898","Varian GC","A. Stearns","20241003","2024","October","2","1137","EDT","G","Control","H3","35","16","1",NA,"Within Range","Within Range",1.44083814654062,7138.62162217468,89.8278146222332,445051.223327599,NA,NA,"35cm"
"899","Varian GC","A. Stearns","20241003","2024","October","2","1138","EDT","G","Control","H3","50","17","1",NA,"Within Range","Within Range",0.759909862292822,12324.7997004987,47.3759265768592,768379.033696924,NA,NA,"50cm"
"900","Varian GC","A. Stearns","20241003","2024","October","2","1154","EDT","G","Control","H6","10","18","1",NA,"Within Range","Within Range",1.39730053245828,2132.85290296376,87.1134995298179,132970.879237142,NA,NA,"10cm"
"901","Varian GC","A. Stearns","20241003","2024","October","2","1155","EDT","G","Control","H6","20","19","1",NA,"Within Range","Within Range",0.808671990065042,5514.86273800857,50.4159594803642,343819.372693801,NA,NA,"20cm"
"902","Varian GC","A. Stearns","20241003","2024","October","2","1155","EDT","G","Control","H6","35","20","1",NA,"Within Range","Within Range",0.359363812735293,9625.41533325097,22.4042277266392,600088.237733851,NA,NA,"35cm"
"903","Varian GC","A. Stearns","20241003","2024","October","2","1156","EDT","G","Control","H6","50","21","1",NA,"Within Range","Within Range",0.758168357729528,12310.7153284631,47.2673539731626,767500.955639843,NA,NA,"50cm"
"904","Varian GC","A. Stearns","20241003","2024","October","2","1306","EDT","G","Saltwater","C3","10","22","1",NA,"Within Range","Within Range",1.75256746337017,4458.84588595887,109.262310683926,277982.910595939,NA,NA,"10cm"
"905","Varian GC","A. Stearns","20241003","2024","October","2","1307","EDT","G","Saltwater","C3","20","23","1",NA,"Within Range","Within Range",1.77869003181958,16891.4084925417,110.890899739375,1053080.32995896,NA,NA,"20cm"
"906","Varian GC","A. Stearns","20241003","2024","October","2","1308","EDT","G","Saltwater","C3","35","24","1",NA,"Within Range","Within Range",1.49308328343943,16445.2748104923,93.0849927331314,1025266.50938231,NA,NA,"35cm"
"907","Varian GC","A. Stearns","20241003","2024","October","2","1309","EDT","G","Saltwater","C3","50","25","1",NA,"Within Range","Within Range",1.60279807092692,29874.1449922708,99.9250667660178,1862477.86734855,NA,NA,"50cm"
"908","Varian GC","A. Stearns","20241003","2024","October","2","1311","EDT","G","Saltwater","C6","10","26","1",NA,"Within Range","Within Range",1.61150559374339,6267.46215309203,100.467929784501,390739.53572893,NA,NA,"10cm"
"909","Varian GC","A. Stearns","20241003","2024","October","2","1312","EDT","G","Saltwater","C6","20","27","1",NA,"Within Range","Within Range",1.45477018304697,17809.1197972879,90.696395451806,1110294.25170124,NA,NA,"20cm"
"910","Varian GC","A. Stearns","20241003","2024","October","2","1313","EDT","G","Saltwater","C6","35","28","1",NA,"Within Range","Within Range",1.51572284276224,20030.0523231554,94.4964365811873,1248756.37924909,NA,NA,"35cm"
"911","Varian GC","A. Stearns","20241003","2024","October","2","1314","EDT","G","Saltwater","C6","50","29","1",NA,"Within Range","Within Range",1.44780416479379,22192.040756692,90.2621050370196,1383543.68807307,NA,NA,"50cm"
"912","Varian GC","A. Stearns","20241003","2024","October","2","1315","EDT","G","Saltwater","F4","10","30","1",NA,"Within Range","Within Range",1.52617187014201,7713.56758663084,95.147872203367,480895.734827359,NA,NA,"10cm"
"913","Varian GC","A. Stearns","20241003","2024","October","2","1315","EDT","G","Saltwater","F4","20","31","1",NA,"Within Range","Within Range",0.745977825786473,24443.0518774323,46.5073457472863,1523881.03974017,NA,NA,"20cm"
"914","Varian GC","A. Stearns","20241003","2024","October","2","1316","EDT","G","Saltwater","F4","35","32","1",NA,"Within Range","Within Range",1.37291946857217,19900.3753200274,85.5934830780654,1240671.77805657,NA,NA,"35cm"
"915","Varian GC","A. Stearns","20241003","2024","October","2","1317","EDT","G","Saltwater","F4","50","33","1",NA,"Within Range","Within Range",1.16393892097694,37462.9216000767,72.5647706344724,2335593.61596488,NA,NA,"50cm"
"916","Varian GC","A. Stearns","20241003","2024","October","2","1318","EDT","G","Saltwater","F4","ATM","34","1",NA,"Within Range","Within Range",2.19142661332016,502.543292758129,136.622606815471,31330.6292243223,NA,NA,"0cm"
"917","Varian GC","A. Stearns","20241003","2024","October","2","1323","EDT","G","Saltwater","H3","10","35","1",NA,"Within Range","Within Range",1.5017908062559,3812.91817021029,93.6278557516145,237713.102880941,NA,NA,"10cm"
"918","Varian GC","A. Stearns","20241003","2024","October","2","1324","EDT","G","Saltwater","H3","20","36","1",NA,"Within Range","Within Range",1.22140857156563,15215.9778795207,76.1476665564605,948627.049845429,NA,NA,"20cm"
"919","Varian GC","A. Stearns","20241003","2024","October","2","1325","EDT","G","Saltwater","H3","35","37","1",NA,"Within Range","Within Range",0.982822446394403,21546.1317039805,61.2732198500251,1343275.04388906,NA,NA,"35cm"
"920","Varian GC","A. Stearns","20241003","2024","October","2","1326","EDT","G","Saltwater","H3","50","38","1",NA,"Within Range","Within Range",0.979339437267815,20281.7918102543,61.0560746426319,1264450.86098842,NA,NA,"50cm"
"921","Varian GC","A. Stearns","20241003","2024","October","2","1328","EDT","G","Saltwater","H6","10","39","1",NA,"Within Range","Within Range",0.848726595020795,22971.5584923576,52.9131293653862,1432142.05064573,NA,NA,"10cm"
"922","Varian GC","A. Stearns","20241003","2024","October","2","1329","EDT","G","Saltwater","H6","20","40","1",NA,"Within Range","Within Range",0.716372248210482,36588.0233025518,44.661611484444,2281048.83432368,NA,NA,"20cm"
"923","Varian GC","A. Stearns","20241003","2024","October","2","1330","EDT","G","Saltwater","H6","35","41","1",NA,"Within Range","Within Range",1.01765253766027,43178.5202742365,63.4446719239573,2691927.69789505,NA,NA,"35cm"
"924","Varian GC","A. Stearns","20241003","2024","October","2","1331","EDT","G","Saltwater","H6","50","42","1",NA,"Within Range","Within Range",1.33983088186959,34841.9904199937,83.5306036078299,2172193.91645846,NA,NA,"50cm"
"925","Varian GC","A. Stearns","20241003","2024","October","2","1359","EDT","G","Freshwater","C3","10","43","1",NA,"Within Range","Within Range",1.37117796400888,3871.94313570218,85.4849104743688,241392.963572455,NA,NA,"10cm"
"926","Varian GC","A. Stearns","20241003","2024","October","2","1400","EDT","G","Freshwater","C3","20","44","1",NA,"Within Range","Within Range",0.7929984489954,6961.64626189715,49.4388060470948,434017.846751693,NA,NA,"20cm"
"927","Varian GC","A. Stearns","20241003","2024","October","2","1401","EDT","G","Freshwater","C3","35","45","1",NA,"Within Range","Within Range",0.761651366856115,10386.5873033985,47.4844991805558,647542.849339058,NA,NA,"35cm"
"928","Varian GC","A. Stearns","20241003","2024","October","2","1402","EDT","G","Freshwater","C3","50","46","1",NA,"Within Range","Within Range",0.359363812735293,14755.0755140735,22.4042277266392,919892.488408572,NA,NA,"50cm"
"929","Varian GC","A. Stearns","20241003","2024","October","2","1356","EDT","G","Freshwater","C6","10","47","1",NA,"Within Range","Within Range",1.38859300964181,2741.36122922733,86.5706365113349,170907.807308437,NA,NA,"10cm"
"930","Varian GC","A. Stearns","20241003","2024","October","2","1357","EDT","G","Freshwater","C6","20","48","1",NA,"Within Range","Within Range",1.01416952853369,4790.63113939255,63.227526716564,298667.776770109,NA,NA,"20cm"
"931","Varian GC","A. Stearns","20241003","2024","October","2","1357","EDT","G","Freshwater","C6","35","49","1",NA,"Within Range","Within Range",0.359363812735293,6770.99711640134,22.4042277266392,422131.989800582,NA,NA,"35cm"
"932","Varian GC","A. Stearns","20241003","2024","October","2","1358","EDT","G","Freshwater","C6","50","50","1",NA,"Within Range","Within Range",0.359363812735293,8841.76684536292,22.4042277266392,551232.346967763,NA,NA,"50cm"
"933","Varian GC","A. Stearns","20241003","2024","October","2","1404","EDT","G","Freshwater","F4","10","51","1",NA,"Within Range","Within Range",1.45999469673685,2606.49590177175,91.0221132628958,162499.744499486,NA,NA,"10cm"
"934","Varian GC","A. Stearns","20241003","2024","October","2","1405","EDT","G","Freshwater","F4","20","52","1",NA,"Within Range","Within Range",1.00894501484381,4757.92727729402,62.9018089054742,296628.882624315,NA,NA,"20cm"
"935","Varian GC","A. Stearns","20241003","2024","October","2","1405","EDT","G","Freshwater","F4","35","53","1",NA,"Within Range","Within Range",0.359363812735293,7115.63498141872,22.4042277266392,443618.140986205,NA,NA,"35cm"
"936","Varian GC","A. Stearns","20241003","2024","October","2","1406","EDT","G","Freshwater","F4","50","54","1",NA,"Within Range","Within Range",0.359363812735293,11570.9498619262,22.4042277266392,721380.914085173,NA,NA,"50cm"
"937","Varian GC","A. Stearns","20241003","2024","October","2","1407","EDT","G","Freshwater","F4","ATM","55","1",NA,"Within Range","Within Range",2.15137200836441,300.982491542162,134.125436930449,18764.4944851722,NA,NA,"0cm"
"938","Varian GC","A. Stearns","20241003","2024","October","2","1409","EDT","G","Freshwater","H3","10","56","1",NA,"Within Range","Within Range",2.05733076194656,1860.70227423552,128.262516330833,116003.882433636,NA,NA,"10cm"
"939","Varian GC","A. Stearns","20241003","2024","October","2","1410","EDT","G","Freshwater","H3","20","57","1",NA,"Within Range","Within Range",0.977597932704522,3635.10919427342,60.9475020389353,226627.755253954,NA,NA,"20cm"
"940","Varian GC","A. Stearns","20241003","2024","October","2","1410","EDT","G","Freshwater","H3","35","58","1",NA,"Within Range","Within Range",0.900971731919603,4919.92243975277,56.1703074762845,306728.33165541,NA,NA,"35cm"
"941","Varian GC","A. Stearns","20241003","2024","October","2","1411","EDT","G","Freshwater","H3","50","59","1",NA,"Within Range","Within Range",0.827828540261272,6495.49336199855,51.6102581210269,404955.945261755,NA,NA,"50cm"
"942","Varian GC","A. Stearns","20241003","2024","October","2","1414","EDT","G","Freshwater","H6","10","60","1",NA,"Within Range","Within Range",1.36247044119241,2948.85687625688,84.9420474558858,183843.944903796,NA,NA,"10cm"
"943","Varian GC","A. Stearns","20241003","2024","October","2","1415","EDT","G","Freshwater","H6","20","61","1",NA,"Within Range","Within Range",0.984563950957696,4381.64934329563,61.3817924537217,273170.158559578,NA,NA,"20cm"
"944","Varian GC","A. Stearns","20241003","2024","October","2","1416","EDT","G","Freshwater","H6","35","62","1",NA,"Within Range","Within Range",0.787773935305519,5779.59791997602,49.1130882360049,360324.059848879,NA,NA,"35cm"
"945","Varian GC","A. Stearns","20241003","2024","October","2","1417","EDT","G","Freshwater","H6","50","63","1",NA,"Within Range","Within Range",0.359363812735293,8508.40145478391,22.4042277266392,530448.968502737,NA,NA,"50cm"
"946","Varian GC","Stearns","20241203","2024","November","5","1304","EST","G","Control","C3","10","1","1",NA,"Within Range","Within Range",2.08708202472202,1426.66385898771,130.117333212096,88944.130859583,NA,NA,"10cm"
"947","Varian GC","Stearns","20241203","2024","November","5","1305","EST","G","Control","C3","20","2","1",NA,"Within Range","Within Range",1.27786027876686,3175.9852202288,79.6670996737441,198004.066099052,NA,NA,"20cm"
"948","Varian GC","Stearns","20241203","2024","November","5","1306","EST","G","Control","C3","35","3","1",NA,"Within Range","Within Range",1.10706142664927,4455.62305002687,69.0187921851166,277781.985662523,NA,NA,"35cm"
"949","Varian GC","Stearns","20241203","2024","November","5","1307","EST","G","Control","C3","50","4","1",NA,"Within Range","Within Range",0.820185684743035,6840.13929977653,51.1337708692665,426442.599736692,NA,NA,"50cm"
"950","Varian GC","Stearns","20241203","2024","November","5","1225","EST","G","Control","C6","10","5","1",NA,"Within Range","Within Range",1.80849748922926,1767.68430592416,112.749220026762,110204.757227192,NA,NA,"10cm"
"951","Varian GC","Stearns","20241203","2024","November","5","1226","EST","G","Control","C6","20","6","1",NA,"Within Range","Within Range",1.67252170404827,4414.01280995292,104.271926686301,275187.831044446,NA,NA,"20cm"
"952","Varian GC","Stearns","20241203","2024","November","5","1227","EST","G","Control","C6","35","7","1",NA,"Within Range","Within Range",1.12861856332431,6143.24874398044,70.362753324458,382995.557604766,NA,NA,"35cm"
"953","Varian GC","Stearns","20241203","2024","November","5","1227","EST","G","Control","C6","50","8","1",NA,"Within Range","Within Range",1.05068122303764,8878.73519395031,65.5038168976085,553537.106854757,NA,NA,"50cm"
"954","Varian GC","Stearns","20241203","2024","November","5","1308","EST","G","Control","F4","10","9","1",NA,"Within Range","Within Range",1.78694035255422,1028.24790938367,111.40525888742,64105.2312583338,NA,NA,"10cm"
"955","Varian GC","Stearns","20241203","2024","November","5","1309","EST","G","Control","F4","20","10","1",NA,"Within Range","Within Range",1.12696032204161,2511.70274677374,70.2593716983548,156589.946806343,NA,NA,"20cm"
"956","Varian GC","Stearns","20241203","2024","November","5","1310","EST","G","Control","F4","35","11","1",NA,"Within Range","Within Range",0.976060365316365,3422.81586890041,60.8516437229654,213392.510529951,NA,NA,"35cm"
"957","Varian GC","Stearns","20241203","2024","November","5","1310","EST","G","Control","F4","50","12","1",NA,"Within Range","Within Range",0.777071411392965,5541.96338233525,48.4458485905839,345508.939048332,NA,NA,"50cm"
"958","Varian GC","Stearns","20241203","2024","November","5","1311","EST","G","Control","F4","ATM","13","1",NA,"Within Range","Within Range",2.43365445280527,446.346274449204,151.72409306766,27827.074466908,NA,NA,"0cm"
"959","Varian GC","Stearns","20241203","2024","November","5","1312","EST","G","Control","H3","10","14","1",NA,"Within Range","Within Range",1.43373495934019,1591.91732612489,89.384972527443,99246.716092574,NA,NA,"10cm"
"960","Varian GC","Stearns","20241203","2024","November","5","1313","EST","G","Control","H3","20","15","1",NA,"Within Range","Within Range",1.04902298175495,2923.01319279735,65.4004352715053,182232.742693102,NA,NA,"20cm"
"961","Varian GC","Stearns","20241203","2024","November","5","1315","EST","G","Control","H3","35","16","1",NA,"Within Range","Within Range",1.2629361072226,4763.09381651165,78.7366650388155,296950.986066811,NA,NA,"35cm"
"962","Varian GC","Stearns","20241203","2024","November","5","1316","EST","G","Control","H3","50","17","1",NA,"Within Range","Within Range",0.93460433324899,7039.96800963875,58.2671030703859,438900.748730595,NA,NA,"50cm"
"963","Varian GC","Stearns","20241203","2024","November","5","1317","EST","G","Control","H6","10","18","1",NA,"Within Range","Within Range",1.55478657297692,980.556264951838,96.9318312329751,61131.9367176956,NA,NA,"10cm"
"964","Varian GC","Stearns","20241203","2024","November","5","1318","EST","G","Control","H6","20","19","1",NA,"Within Range","Within Range",0.99430101942601,2989.38686343708,61.9888416101004,186370.752084606,NA,NA,"20cm"
"965","Varian GC","Stearns","20241203","2024","November","5","1319","EST","G","Control","H6","35","20","1",NA,"Within Range","Within Range",0.84505930398346,5962.52188113978,52.6844952608142,371728.296829163,NA,NA,"35cm"
"966","Varian GC","Stearns","20241203","2024","November","5","1319","EST","G","Control","H6","50","21","1",NA,"Within Range","Within Range",0.81852744346034,7979.2990878836,51.0303892431634,497462.536651097,NA,NA,"50cm"
"967","Varian GC","Stearns","20241203","2024","November","5","1205","EST","G","Saltwater","C3","10","22","1",NA,"Within Range","Within Range",2.22139956862031,1324.26956253591,138.491244926453,82560.4465421389,NA,NA,"10cm"
"968","Varian GC","Stearns","20241203","2024","November","5","1206","EST","G","Saltwater","C3","20","23","1",NA,"Within Range","Within Range",1.94778975697564,3970.74800256954,121.433276619429,247552.86799062,NA,NA,"20cm"
"969","Varian GC","Stearns","20241203","2024","November","5","1207","EST","G","Saltwater","C3","35","24","1",NA,"Within Range","Within Range",2.125221574224,6629.35326667777,132.495110612469,413301.325852729,NA,NA,"35cm"
"970","Varian GC","Stearns","20241203","2024","November","5","1208","EST","G","Saltwater","C3","50","25","1",NA,"Within Range","Within Range",1.95276448082372,14120.5099193922,121.743421497738,880331.04235612,NA,NA,"50cm"
"971","Varian GC","Stearns","20241203","2024","November","5","1149","EST","G","Saltwater","C6","10","26","1",NA,"Within Range","Within Range",2.0920567485701,1686.47896568182,130.427478090405,105142.080154727,NA,NA,"10cm"
"972","Varian GC","Stearns","20241203","2024","November","5","1150","EST","G","Saltwater","C6","20","27","1",NA,"Within Range","Within Range",1.90965020747365,5197.3504687219,119.055499219056,324024.343436528,NA,NA,"20cm"
"973","Varian GC","Stearns","20241203","2024","November","5","1151","EST","G","Saltwater","C6","35","28","1",NA,"Within Range","Within Range",1.7952315589677,7556.341613001,111.922167017936,471093.616770636,NA,NA,"35cm"
"974","Varian GC","Stearns","20241203","2024","November","5","1152","EST","G","Saltwater","C6","50","29","1",NA,"Within Range","Within Range",1.74050959663876,9451.77860971654,108.510573356531,589263.0055933,NA,NA,"50cm"
"975","Varian GC","Stearns","20241203","2024","November","5","1201","EST","G","Saltwater","F4","10","30","1",NA,"Within Range","Within Range",1.6609140150694,1789.59895239724,103.548255303579,111571.007007309,NA,NA,"10cm"
"976","Varian GC","Stearns","20241203","2024","November","5","1202","EST","G","Saltwater","F4","20","31","1",NA,"Within Range","Within Range",1.03741529277608,5984.15464792369,64.6767638887831,373076.973062574,NA,NA,"20cm"
"977","Varian GC","Stearns","20241203","2024","November","5","1202","EST","G","Saltwater","F4","35","32","1",NA,"Within Range","Within Range",1.30605038057267,7321.51783960008,81.4245873174982,456453.730648384,NA,NA,"35cm"
"978","Varian GC","Stearns","20241203","2024","November","5","1203","EST","G","Saltwater","F4","50","33","1",NA,"Within Range","Within Range",1.21982183387253,15878.5155740358,76.0487427601328,989932.392396249,NA,NA,"50cm"
"979","Varian GC","Stearns","20241203","2024","November","5","1204","EST","G","Saltwater","F4","ATM","34","1",NA,"Within Range","Within Range",1.94944799825833,348.360096540836,121.536658245532,21718.2105075334,NA,NA,"0cm"
"980","Varian GC","Stearns","20241203","2024","November","5","1157","EST","G","Saltwater","H3","10","35","1",NA,"Within Range","Within Range",1.9262326203006,905.600257392848,120.089315480087,56458.8689147661,NA,NA,"10cm"
"981","Varian GC","Stearns","20241203","2024","November","5","1158","EST","G","Saltwater","H3","20","36","1",NA,"Within Range","Within Range",1.76869969844458,3443.74693518148,110.268061000285,214697.43984922,NA,NA,"20cm"
"982","Varian GC","Stearns","20241203","2024","November","5","1159","EST","G","Saltwater","H3","35","37","1",NA,"Within Range","Within Range",1.59126788119621,4808.7823159183,99.2062270072451,299799.396254258,NA,NA,"35cm"
"983","Varian GC","Stearns","20241203","2024","November","5","1200","EST","G","Saltwater","H3","50","38","1",NA,"Within Range","Within Range",1.65262280865593,6165.47525734367,103.031347173063,384381.250457835,NA,NA,"50cm"
"984","Varian GC","Stearns","20241203","2024","November","5","1153","EST","G","Saltwater","H6","10","39","1",NA,"Within Range","Within Range",1.3292657585304,2764.35091243465,82.8719300829427,172341.079328843,NA,NA,"10cm"
"985","Varian GC","Stearns","20241203","2024","November","5","1154","EST","G","Saltwater","H6","20","40","1",NA,"Within Range","Within Range",1.1966064559148,6004.00617496964,74.6013999946883,374314.59943701,NA,NA,"20cm"
"986","Varian GC","Stearns","20241203","2024","November","5","1155","EST","G","Saltwater","H6","35","41","1",NA,"Within Range","Within Range",1.2645943485053,9811.99086527747,78.8400466649187,611720.128757947,NA,NA,"35cm"
"987","Varian GC","Stearns","20241203","2024","November","5","1156","EST","G","Saltwater","H6","50","42","1",NA,"Within Range","Within Range",1.44700088960175,11536.9146398047,90.2120255362685,719259.017444182,NA,NA,"50cm"
"988","Varian GC","Stearns","20241203","2024","November","5","1118","EST","G","Freshwater","C3","10","43","1",NA,"Within Range","Within Range",1.4967481280826,1154.38607156808,93.3134743193638,71969.2064568627,NA,NA,"10cm"
"989","Varian GC","Stearns","20241203","2024","November","5","1119","EST","G","Freshwater","C3","20","44","1",NA,"Within Range","Within Range",0.88154061220275,2878.01439901314,54.9588910350842,179427.331609298,NA,NA,"20cm"
"990","Varian GC","Stearns","20241203","2024","November","5","1120","EST","G","Freshwater","C3","35","45","1",NA,"Within Range","Within Range",0.883198853485445,4519.3998290621,55.0622726611874,281758.094081178,NA,NA,"35cm"
"991","Varian GC","Stearns","20241203","2024","November","5","1121","EST","G","Freshwater","C3","50","46","1",NA,"Within Range","Within Range",0.68586814084474,7052.87450093871,42.759859154909,439705.392826603,NA,NA,"50cm"
"992","Varian GC","Stearns","20241203","2024","November","5","1128","EST","G","Freshwater","C6","10","47","1",NA,"Within Range","Within Range",1.40554485753437,903.878992056839,87.627484883689,56351.5581082818,NA,NA,"10cm"
"993","Varian GC","Stearns","20241203","2024","November","5","1129","EST","G","Freshwater","C6","20","48","1",NA,"Within Range","Within Range",1.11701087434544,1903.43036730119,69.6390819417357,118667.728634738,NA,NA,"20cm"
"994","Varian GC","Stearns","20241203","2024","November","5","1130","EST","G","Freshwater","C6","35","49","1",NA,"Within Range","Within Range",0.737273620608285,2764.44087403757,45.9646895641075,172346.687907579,NA,NA,"35cm"
"995","Varian GC","Stearns","20241203","2024","November","5","1131","EST","G","Freshwater","C6","50","50","1",NA,"Within Range","Within Range",0.584715422600345,4937.34944138174,36.453579962615,307814.803078662,NA,NA,"50cm"
"996","Varian GC","Stearns","20241203","2024","November","5","1113","EST","G","Freshwater","F4","10","51","1",NA,"Within Range","Within Range",1.60287557017508,990.326095029738,99.9298983899674,61741.0283684375,NA,NA,"10cm"
"997","Varian GC","Stearns","20241203","2024","November","5","1114","EST","G","Freshwater","F4","20","52","1",NA,"Within Range","Within Range",0.939579057097075,2130.75134301798,58.5772479486955,132839.859290398,NA,NA,"20cm"
"998","Varian GC","Stearns","20241203","2024","November","5","1115","EST","G","Freshwater","F4","35","53","1",NA,"Within Range","Within Range",0.647728591342755,3372.19147621314,40.3820817545358,210236.376322515,NA,NA,"35cm"
"999","Varian GC","Stearns","20241203","2024","November","5","1116","EST","G","Freshwater","F4","50","54","1",NA,"Within Range","Within Range",0.714058242650555,5580.20905845972,44.517346798663,347893.332821678,NA,NA,"50cm"
"1000","Varian GC","Stearns","20241203","2024","November","5","1117","EST","G","Freshwater","F4","ATM","55","1",NA,"Within Range","Within Range",2.07381609446046,343.058359408323,129.29028020327,21387.6782673518,NA,NA,"0cm"
"1001","Varian GC","Stearns","20241203","2024","November","5","1109","EST","G","Freshwater","H3","10","56","1",NA,"Within Range","Within Range",1.75543376818302,698.610603937621,109.44100799146,43554.2770534677,NA,NA,"10cm"
"1002","Varian GC","Stearns","20241203","2024","November","5","1110","EST","G","Freshwater","H3","20","57","1",NA,"Within Range","Within Range",1.2629361072226,1501.69183582904,78.7366650388155,93621.6855255015,NA,NA,"20cm"
"1003","Varian GC","Stearns","20241203","2024","November","5","1111","EST","G","Freshwater","H3","35","58","1",NA,"Within Range","Within Range",1.0307823276453,2293.21600046441,64.2632373843704,142968.578582569,NA,NA,"35cm"
"1004","Varian GC","Stearns","20241203","2024","November","5","1112","EST","G","Freshwater","H3","50","59","1",NA,"Within Range","Within Range",0.929629609400905,3349.52115227547,57.9569581920764,208823.014481015,NA,NA,"50cm"
"1005","Varian GC","Stearns","20241203","2024","November","5","1106","EST","G","Freshwater","H6","10","60","1",NA,"Within Range","Within Range",1.58463491606543,809.341342260683,98.7927005028324,50457.6896671249,NA,NA,"10cm"
"1006","Varian GC","Stearns","20241203","2024","November","5","1107","EST","G","Freshwater","H6","20","61","1",NA,"Within Range","Within Range",1.11369439178005,1356.21792645547,69.4323186895293,84552.2398039573,NA,NA,"20cm"
"1007","Varian GC","Stearns","20241203","2024","November","5","1108","EST","G","Freshwater","H6","35","62","1",NA,"Within Range","Within Range",0.856666992962325,2182.09542852866,53.4081666435365,136040.862127722,NA,NA,"35cm"
"1008","Varian GC","Stearns","20241203","2024","November","5","1109","EST","G","Freshwater","H6","50","63","1",NA,"Within Range","Within Range",0.70576703623708,3753.72463166783,44.0004386681471,234022.73264762,NA,NA,"50cm"
